status,city,state,country,classification,product_type,event_id,recalling_firm,address_1,address_2,postal_code,voluntary_mandated,initial_firm_notification,distribution_pattern,recall_number,product_description,product_quantity,reason_for_recall,recall_initiation_date,center_classification_date,termination_date,report_date,code_info,more_code_info
Terminated,Davie,FL,United States,Class II,Food,75272,Pharmatech LLC,4131 SW 47th Ave Ste 1403,,33314-4036,Voluntary: Firm initiated,Letter,"FL, MI, MS, and OH.",F-0276-2017,"CytoDetox, Hydrolyzed Clinoptilolite Fragments, 1 oz./30 mL, OTC Non-Sterile.  Dietary supplement.","1,990 bottles",Recall initiated as a precautionary measure due to potential risk of product contamination with Burkholderia cepacia.,20160808,20161025,20240923,20161102,"UPC No. 632687615989; Lot No. 30661601, Exp. Date 05/2018.",
Terminated,Millbrae,CA,United States,Class II,Food,75069,Magic Gourmet Trading Inc,375 Adrian Rd,,94030-3104,Voluntary: Firm initiated,"Two or more of the following: Email, Fax, Letter, Press Release, Telephone, Visit","CA, WA, OR.",F-0865-2017,"Koi Palace Mini Moon Cake: Single Box - Mini Oolong Tea Paste  Unit Size 1/2 lb. and 1/4 lb. in circular box (1 piece) and rectangular boxes (4, 6 or 8 pieces).","2 cases (1 pc/bx, 48bx/cs)","Mooncake products, manufactured and distributed by Magic Gourmet Trading, Inc. of Milbrae, CA did not have adequate product labeling, including ingredient statements and allergen declaration. Undeclared ingredients include wheat, peanut oil.",20160831,20170106,20170111,20170118,"FG-M1MOT-UW  Best by Nov 1, 2016.",
Terminated,Miami,FL,United States,Class I,Food,69516,"Oasis Brands, Inc",13439 NW 19 LANE,N/A,33182,Voluntary: Firm initiated,"Two or more of the following: Email, Fax, Letter, Press Release, Telephone, Visit","FL, GA. NC, and TN",F-0609-2015,Crema GuateLinda (Guatemalan Style Cream) in individually soft poly/plastic bags labeled in part: Lacteos Santa Martha Crema GuateLinda Guatemalan Style Cream Net WT 1 LB (16 oz),144 pieces,"Virginia State (VDACS) found Listeria monocytogenes in Lacteos Santa Martha Quesito Casero Fresh Curd (Best by 9/27/14), FDA made an inspection, were the environmental samples collected came up positive also for Listeria monocytogenes, also the Oasis Brands Inc. sent finish products samples to a private lab, the Lacteos Santa Martha Cuajada en Hoja Queso Casero Hecho a Mano Fresh Curd (Best By dates of 10/18/14 and 11/25/14) came also positive for Listeria monocytogenes.  Oasis Brands Inc.  is voluntarily recalling ALL their Lacteos Santa Martha brand products manufactured that are within expiration date.",20141010,20141202,20170328,20141210,UPC 635349 000390  Best By dates: 07/01/14 thru 12/31/14,
Terminated,Pompano Beach,FL,United States,Class I,Food,62750,FreshPoint South Florida,2300 NW 19th St,,33069-5227,Voluntary: Firm initiated,"Two or more of the following: Email, Fax, Letter, Press Release, Telephone, Visit",Products were distributed in South Florida.,F-1922-2012,"Yellow Onion.  Product is labeled in part:  ""***FC Salsa Mango""***Refrigerate at 34 F***""      Item #   302940 FC SALSA MANGO 2/5#.        Product is fresh made - Ready To Eat.",7 cases,"FreshPoint South Florida is recalling sliced fresh yellow onions and salsa products processed using yellow onions sourced from Gills Onions, LLC which were recalled for Listeria monocytogenes.",20120727,20120808,20141008,20120815,Item #   302940.,
Terminated,Rancho Dominguez,CA,United States,Class III,Food,85253,"Organic By Nature, Inc.",2610 Homestead Pl,N/A,90220-5610,Voluntary: Firm initiated,"Two or more of the following: Email, Fax, Letter, Press Release, Telephone, Visit","nationwide, Canada and Netherlands",F-0904-2020,"Pure Planet Organic Parasite Cleanse;  Net Wt. 174g Glass Jar;  Finished Product Item # 52700    Manufactured and Distributed by:  Pure Planet,  Rancho Dominguez, CA",xx,Firm was notified by supplier that Organic Ground Flaxseed powder was under recall by manufacturer due to unapproved herbicide - Haloxyfop,20200224,20200413,20210202,20200401,Lot codes: 72746,
Terminated,Seattle,WA,United States,Class III,Food,80233,Yukon Jackson,3429 Airport Way S,N/A,98134-2139,Voluntary: Firm initiated,Visit,distributed in WA,F-1578-2018,"Coffee Toffee - 4 oz. packages. UPC 6 55974 89001 2.    The label is read in parts: ""***Ingredients: butter (milk), sugar, bittersweet chocolate 60% (cocoa liquor, emulsifier, soya lecithin, vanilla), coffee, pecans *** Contains: milk & soya ***"".",24 packages,Coffee Toffee is recalled because pecan is listed on the Ingredients statement but it is not listed in the Contains statement.,20180525,20180614,20180625,20180620,no codes,
Terminated,Brooklyn,NY,United States,Class III,Food,85364,Rong Shing Trading NY Inc,47 Bridgewater St # 57,N/A,11222-3820,Voluntary: Firm initiated,"Two or more of the following: Email, Fax, Letter, Press Release, Telephone, Visit",Unknown,F-0921-2020,"XinXing Dried Plum, Net Wt. 5.3 oz.(150g)",unknown,"Product contains dried peaches, but front labeling of product stated dried plums",20200401,20200424,20210318,20200506,UPC CODE: 6868978724496  BEST BEFORE: 11/15/2021,
Terminated,Tipp City,OH,United States,Class II,Food,77213,Trophy Nut Co Inc,320 N 2nd St,N/A,45371,Voluntary: Firm initiated,Letter,Product was sent to one manufacturer in MI,F-2326-2017,"Honey Bourbon Pecans Net Wt. 20 lb. (9.088g) Mfg. By: Trophy Nut Co. Tipp City, OH 45371",480/20 ib cases,The firm stated that the product contains undeclared allergens.,20170505,20170605,20180213,20170614,"Product #29973B  Code Dates: 10/20/2016, 11/8/2016, 11/9/2016 & 01/12/2017.",
Terminated,Jessup,MD,United States,Class I,Food,69983,"Del Monte Fresh Produce NA, Inc",7971 Tarbay Dr,,20794-9416,Voluntary: Firm initiated,Press Release,"NJ, NY, OH, PA, RI, VA",F-0777-2015,"Gourmet Mix Fruit Delight Net Wt. 64 oz. (1814g) Best If Enjoyed By: 12/03/14, Dist. By: Wegmans Food Markets, Inc., Rochester, NY 14603 UPC 077890241516",128 units,Possible contamination with Listeria monocytogenes.,20141209,20150109,20150428,20150121,Lot 02332101,
Terminated,Monterey,CA,United States,Class I,Food,89381,Dole Fresh Vegetables Inc,2959 Salinas Hwy,,93940-6400,Voluntary: Firm initiated,Telephone,"Canada: AB, BC, NB, ON, QC, Sk; United States: AL, AZ, CA, CO, CT, FL, GA, HI, IA, ID, IL, IN, KS, KY, LA, MA, MD, MI, MN, MO, MS, NC, ND, NE, NV, NY, OH, OK, OR, PA, SC, TN, TX, UT, VA, WA, WI",F-0757-2022,Marketside 12oz Classic Salad  UPC:6-81131-32894-4  SKU: 3107,,Harvest equipment used in harvesting raw iceberg lettuce was tested by  Dole and found to contain Listeria monocytogenes.,20220106,20220222,20220322,20220302,"Product codes beginning with B - Best by Dates of December 23, 2021 through January 8, 2022.",
Terminated,Tucker,GA,United States,Class I,Food,68761,CSM Bakery Products NA-Atlanta Frozen,3301 Montreal Industrial Way,N/A,30084-5211,Voluntary: Firm initiated,"Two or more of the following: Email, Fax, Letter, Press Release, Telephone, Visit","AL, GA, FL, IL, IN, MA, MD, MI, NJ, NY, NV, OH, PA and VA.",F-1415-2015,"TranSmart Raspberry Filled frozen unbaked cookie dough, 108/1.75 oz. units, CSM Bakery Products, 3301 Montreal Industrial Way Tucker, GA 30084..",577 cases (108 frozen pucks per case),Undeclared Allergen; Peanuts.,20140626,20150312,20150326,20150318,"CSM Item Code: 31566200, Lot code: 5AF 1411901030",
Terminated,Minneapolis,MN,United States,Class II,Food,79663,Target Corporation,33 S 6th St,N/A,55402-3601,Voluntary: Firm initiated,Telephone,HI,F-1328-2018,Market Pantry Vanilla Ice Cream 128oz    UPC: 85239014943    Target item number: 288-7-307,2652 retail units total,Shipping container from CA to HI was not held at proper temperature which could cause food items to be contaminated with spoilage organisms or pathogens,20180327,20180503,20180503,20180509,"All product purchased at  Target store T2780, Honolulu, HI from March 23 through March 27, 2018.",
Terminated,Kent City,MI,United States,Class I,Food,78793,Nyblad Orchards,16171 Fruit Ridge Ave,N/A,49330-9752,Voluntary: Firm initiated,Telephone,Domestic: Michigan    Foreign/VA/DOD: None,F-0616-2018,"Golden delicious whole fresh apples,   Apple Ridge 5lb, 2-3/4  apples, packaged in red net mesh bags  ""	3lb, 2-1/2  apples, packaged in poly bags  ""	2lb, 2-1/2  apples, packaged in poly bags  ""	45ct individual apples on trays with re-useable plastic container boxes  ""	50ct, individual apples on trays with re-useable plastic container boxes  ""	55ct, individual apples on trays with re-useable plastic container boxes  ""	60ct  individual apples on trays with re-useable plastic container boxes  ""	78ct individual apples on trays with re-useable plastic container boxes  ""	50ct, individual apples on trays in cardboard tray  boxes  ""	55ct, individual apples on trays in cardboard tray  boxes",5278 units shipped,Nyblad Orchards Inc. initiated a voluntary recall of multiple varieties of whole fresh apples due to potential contamination with Listeria monocytogenes.,20171214,20180124,20180406,20180117,"NOI LOT #163, #164, #165, #166, #167, #168, #169, #159, #160, #173, #174.  These are on all plastic bag enclosures, mesh labels, and case labels for every pack.",
Terminated,Lovell,WY,United States,Class II,Food,90158,"Queen Bee Gardens, LLC",262 E Main St,N/A,82431-2102,Voluntary: Firm initiated,Press Release,"Ten retail locations owned by Queen Bee in CO, NM, WY and nationwide via internet sales.",F-1472-2022,"Honey Caramels Blue Raspberry. Product available in 5.87 oz. bag, 1 lb. bag, 3 lb. bag, 6 lb. bag. PLU Code for 5.87 oz. bag: 788394 12675 8.",171 pieces,"Products may potentially contain one or more of the following undeclared tree nuts: Pecans, Almonds, Coconut, Macadamia Nuts, & Walnuts.",20220428,20220719,20230117,20220727,None,
Terminated,Sioux City,IA,United States,Class I,Food,94571,Palmer & Company,311 Bluff St,,51103-5401,Voluntary: Firm initiated,E-Mail,Nationwide United States and Canada,F-1671-2024,"1. Palmer Candy Drizzled Caramel Corn, Item 19271, Net Wt. 16/5oz tubs, UPC 77343 19271 2. Meijer Drizzled Caramel Popcorn Snack Bowl, Net Wt. 12oz, UPC 60236 18830, 8/12oz case",,Potential salmonella contamination,20240503,20240806,20251121,20240814,1. Best by date: 1/22/25 2. Best by date: 1/22/25,
Terminated,Lenexa,KS,United States,Class II,Food,79216,Heartland Coca-Cola Bottling Company,10001 Industrial Blvd,N/A,66215-1209,Voluntary: Firm initiated,Letter,"Distributed to retail stores in AR, IA, IL, KS, MO, and NE.",F-0894-2018,"Grape Fanta, Grape Flavored Soda, 12 oz (355 mL) cans, packed in 12 packs, Canned under the authority of the Coca-Cola Company, Atlanta, GA","766,271 Cases Total",Sharp edges were observed on several of the cans which have the potential of causing cuts on the mouths of consumers who use the product.,20180212,20180307,20180705,20180314,Oct 08 18 LXC,
Terminated,Nof Ha-Galil,,Israel,Class I,Food,90105,ELITE CONFECTIONERY LTD,Nazareth-Ilit,"5, Gilbo'A",N/A,Voluntary: Firm initiated,"Two or more of the following: Email, Fax, Letter, Press Release, Telephone, Visit",Distributed in the US nationwide,F-1233-2022,ELITE MILK CHOCOLATE COATED RICE CAKES  UPC:815871011884	NET WT 2.47OZ (70 g),unknown,Potential contamination with Salmonella,20220428,20220604,20221103,20220615,All lots,
Ongoing,San Luis,AZ,United States,Class I,Food,93920,HandNatural,874 S Main St,,85349-7500,Voluntary: Firm initiated,E-Mail,Firm is  100% internet sales. Distribution is unknown at this time.,F-1170-2024,"H&NATURAL 2 PACK! BRAZIL SEED 60 PIECES, PURE NATURAL SEMILLA DE BRASIL FOR 60 DAYS, 5 GRAMS PER BOX, 2 BLACK BOXES.",,Product recalled due to the presence of yellow oleander and its components in the product.,20240209,20240416,,20240424,No Lot code on label. Expiration date listed as 05/24 and 03/24.,
Terminated,Kapaa,HI,United States,Class I,Food,68994,"Florimont, Inc.",5915 Olohena Rd,Unit H,96746-7709,Voluntary: Firm initiated,"Two or more of the following: Email, Fax, Letter, Press Release, Telephone, Visit",HI only,F-2387-2014,"Tiny Isle Chocolate Truffles Macadamia Nut: Gluten Free, Raw, Vegan; individual 1 oz. candies,    Tiny Isle  5915 Olohena Road, Unit H  Kapaa, HI 96746",All,Candy was made using carob powder that is currently under recall by the direct supplier due to potential Salmonella contamination.,20140725,20140825,20141104,20140903,UPC for single truffles: 11386711886    No lot codes or expiry dates,
Terminated,Dayton,OH,United States,Class II,Food,92726,Cassanos Inc,1700 E Stroop Rd,N/A,45429-5040,Voluntary: Firm initiated,"Two or more of the following: Email, Fax, Letter, Press Release, Telephone, Visit","Distributed to: CO, FL, IN, IL, KY, MI, OH, PA, WV",F-1354-2023,"San Marco Premium Dough on Parchment: packaged as 8in, 14in",24575 cases total,Undeclared Allergen - Soy Flour,20230718,20230802,20230927,20230809,"Lot: 159, 186 Expiration Date: 12/07/23, 01/03/24 Product No. 4226, 4227",
Terminated,Ventura,CA,United States,Class I,Food,76035,"Altijira Murray Products, LLC",675 E Santa Clara St Unit 2087,N/A,93002-7115,Voluntary: Firm initiated,Press Release,"U.S. distribution to the following; CA, NY.    No foreign distribution.",F-1540-2017,foxy's california pistachio  1 Pint,400 cases (total),Potential Listeria monocytogenes contamination.,20161220,20170224,20170330,20170308,"Best By: March 17th 2017, March 18th 2017, March 19th 2017, March 20th 2017",
Ongoing,Detroit,MI,United States,Class II,Food,98506,Uncle Ray's LLC,14245 Birwood St,N/A,48238-2207,Voluntary: Firm initiated,"Two or more of the following: Email, Fax, Letter, Press Release, Telephone, Visit",NC,H-0552-2026,"Lowes Foods sour cream and onion flavored potato chips, 8oz. bag, UPC 7 41643 05576 6, 9 retail units per case",2800 cases,"Inaccurate nutritional data in Nutrition Facts including but not limited to, understated sodium content. Undeclared ingredients including but not limited to, monosodium glutamate.",20260225,20260310,,20260318,"21FEB2026, 28FEB2026, 12MAR2026, 19MAR2026, 02APR2026, 01JUL2026, 15JUL2026, 01OCT2026, 22OCT2026, 19NOV2026, 09DEC2026",
Terminated,Sebastopol,CA,United States,Class II,Food,76589,"Manzana Products Co.,  Inc.",9141 Green Valley Rd,,95472-2245,Voluntary: Firm initiated,Telephone,Nationwide.,F-1643-2017,"Trader Joe's First Crush Unsweetened Gravenstein Apple Sauce;   24 oz. glass jar.  Best Before date stamped on top of lid.    UPC:00015905     Distributed by Trader Joe's, Monrovia, CA","70,157 jars",Manzana Products Co. is initiating a recall of three varieties of apple sauce after receiving customer complaints or finding small pieces of glass in the product.,20170224,20170320,20190529,20170329,"ALL CODES  Through AUG 08, 2018",
Terminated,City Of Industry,CA,United States,Class II,Food,70344,Health One Pharmaceuticals Inc,13260 Temple Ave,N/A,91746-1511,Voluntary: Firm initiated,Letter,"Nationwide in US: CA, TN, WA, ID,     and worldwide:  Hong Kong, Vietnam, China, Singapore",F-1681-2015,EST -700 Calcium,1035 units,Health One Pharmaceuticals is recalling dietary supplements due to significant violations of the cGMP regulations for dietary supplements.,20150204,20150330,20150331,20150408,8520,
Terminated,Coloma,MI,United States,Class II,Food,71948,"Coloma Frozen Foods, Inc.",4145 Coloma Rd,N/A,49038-8967,Voluntary: Firm initiated,Letter,"Domestic: MI, IN, IL, WI, MO, NE, OH    Foreign: Canada  DOD/VA: None",F-3091-2015,"Red Tart Pitted Cherries, Straight Packed (No Sugar),  5 lbs. bulk pails, 30 lbs, in bulk pails","146,220 lbs. Total","Potential for adulteration - elevated mold, yeast, and coliform counts",20150807,20150909,20160428,20150916,Lot Codes: 15190  15191  15196  15198  15200  15201  15202  15203  15204  15205  15212  15215  43145  43146  43147  43148  43149  43150  43151  43152  43153  43155  43156  43157  43158  43159  43160  43161  43162  43163  43164  43165  43166  43167  43168  43169  43170  43171  43172  43173  43174  43175  43176  43177  43178  43179  43180  43181  43182  43183  43184  43583  43584  43585  43586  43587  43588  43589  43590  43591  43592  43593  43594  43595  43596  43597  43598  43599  43600  43601  43602  43603,
Terminated,Lake Forest,IL,United States,Class II,Food,97043,Carley's Inc.,162 E Foster Pl,,60045-3046,Voluntary: Firm initiated,"Two or more of the following: Email, Fax, Letter, Press Release, Telephone, Visit","Product is shipped to wholesalers who further distribute to retail stores. Wholesalers are located in IL, MI, IA, LA, MD, PA, VA, MN, AL, TX, GA, SC, NY, NC, WV,",H-0088-2025,"Carley s Soft Baked Iced Lemon Cookies, 5.34oz Plastic Tray, clear film overwrap w/ Label, 12 units per case","5,826 cases","Product has a misbranded Yellow Color.  Identified on label at  Artificial Yellow Color , and it should be identified as  FD&C Yellow #5",20250606,20250625,20250723,20250702,UPC Code: 7 40235 50011 0 Exp Date-Lot Code 01726-040225 11245-012825 031026-051425 061925-082324 080525-100924 081725-102124 091025-111424 061925-082324 112425-012825,
Terminated,Colonial Heights,VA,United States,Class I,Food,70934,"Sabra Dipping Company, LLC",15900 Sabra Way,,23834-5935,Voluntary: Firm initiated,"Two or more of the following: Email, Fax, Letter, Press Release, Telephone, Visit",The product was distributed nationwide.,F-2085-2015,"Sabra Classic Hummus, 17oz Six Pack UPC 040822017497 / 301290  Sabra Dipping Co. LLC, White Plains, NY",9312 Cases,Michigan Dept. of Agriculture collected a sample of Sabra Hummus that came up positive for L. Monocytogenes.  Baltimore District is  working with VDACS to investigate.,20150407,20150428,20150826,20150506,UPC/SKU    040822017497 / 301290,
Terminated,Brenham,TX,United States,Class I,Food,70738,"Blue Bell Creameries, L.P.",1101 S Blue Bell Rd,,77833-4413,Voluntary: Firm initiated,"Two or more of the following: Email, Fax, Letter, Press Release, Telephone, Visit","FL, GA, SC, NC, VA, OH, KY, TN, AL, MS, IN, IL, MT, AR, LA, TX, Ok, KS, NM, CO, WY, AZ, NV and Bermuda, Belize, Saudia Arabia, Yemen, Oman, UAE, Qatar, Egypt, Jordan, Kuwait, Dominican Republic, Panama, Turks and Caicos, Haiti, Trinadad and Tobago, Puerto Rico, Chile, Peru, China, Mexico, Philippines, Tortola, St. Thomas and St. Croix, Anguilla, St, Kitts and Nevis, Montserrat, and Dominica",F-2543-2015,Blue Bell Ice Cream Blueberry Cheesecake Still a 1/2 Gal (2 QTS),"503,367 units",Five patients who were treated in a single hospital in Kansas were infected with one of four rare strains of Listeria monocytogenes.,20150313,20150619,20161103,20150701,all lot codes within expiry,
Terminated,Gardena,CA,United States,Class I,Food,74243,"Let's Do Lunch, Inc.",310 W Alondra Blvd,,90248-2423,Voluntary: Firm initiated,Letter,U.S. distribution nationwide.     No foreign distribution.,F-1892-2016,Integrated Food Service  Turkey Breast & Cheese Sandwich  on a Whole Grain French Roll  Code #C16001/160001,,Potential Listeria monocytogenes contamination.,20160523,20160805,20170531,20160817,Lot #040115-050616,
Terminated,Saint Petersburg,FL,United States,Class I,Food,81156,Working Cow Homemade Inc.,4711 34th St N Unit F,,33714-3060,Voluntary: Firm initiated,"Two or more of the following: Email, Fax, Letter, Press Release, Telephone, Visit",US Consignees only. No foreign nor government consignees.,F-0441-2019,"Vanilla Bean Ice Cream, 3 gallons",8286 tubs,Products may be contaminated with  Listeria monocytogenes.,20180928,20181113,20190426,20181121,"""8/29/2017 - 10/11/2018""",
Terminated,Lakeland,FL,United States,Class I,Food,64493,"Publix Super Markets, Inc.",3300 Publix Corporate Pkwy,N/A,33811-3311,Voluntary: Firm initiated,E-Mail,Florida,F-1146-2013,Publix 7 inch Cookies Cream Layer Cake  Scale ID Number * 002-16466-00000 *The last five digits of the scale ID number contain the unit price. For example $4.99 would have the last five digits ending 00499.,N/A,Maplehurst Deli-Bake South Inc. the cake supplier notified Publix Super market of a contamination with Listeria Monocytogenes on 11/15/2012.,20121115,20130313,20130517,20130320,"Recalled products were distributed from November 11, 2012 through November 15, 2012.",
Terminated,Coldwater,MS,United States,Class II,Food,84863,Southern Sisters Gourmet,5377 Highway 306,N/A,38618-5119,Voluntary: Firm initiated,Telephone,"Distributed in the states of AL, AR, FL, GA, IL, LA, MS, OK, and TX.",F-0913-2020,"Southern Sisters Gourmet Cheddar Garlic Biscuits, Net Wt 16 oz (453.6 g)",Unknown,Undeclared allergen: Wheat  Undeclared colors: Yellow #5 and #6.,20200128,20200417,20210216,20200401,Products are not coded.,
Terminated,Owings Mills,MD,United States,Class II,Food,94829,"Totally Cool, Inc.",38 Gwynns Mill Ct,N/A,21117-3512,Voluntary: Firm initiated,E-Mail,Distributed nationwide.,F-1594-2024,"Marco Turkish Mocha Ice Cream 16 fl oz/1 pint, UPC 860001992885. Packaged in paper containers, 8 containers per case.",15541 cases,Possible contamination with Listeria monocytogenes,20240613,20240801,20241008,20240807,All Best by Dates: 06/07/24 to 12/11/25 Codes between: 2312341 to 2406163,
Terminated,Seattle,WA,United States,Class I,Food,78335,Triple B Corporation,4103 2nd Ave S,N/A,98134-2305,Voluntary: Firm initiated,"Two or more of the following: Email, Fax, Letter, Press Release, Telephone, Visit","distributed in Alaska, Idaho, Montana, Oregon, and Washington",F-0163-2018,"Stir Fry Kit,  Alaska Carrot, 1 x 11 lb. per case, UPC 45009 85749 1    The ingredient: Green cabbage, yellow onion, broccoli florette, carrot plugs.",42 cases,"Stir Fry Kit product is recalled due to possible contamination with Listeria monocytogenes. The broccoli used in processing this item has been recalled by vendor Mann Packing of Salinas, California.",20171020,20171113,20171206,20171108,Pack Date: 10/13/2017.  Use By: 10/20/2017,
Terminated,Saint Petersburg,FL,United States,Class I,Food,81156,Working Cow Homemade Inc.,4711 34th St N Unit F,,33714-3060,Voluntary: Firm initiated,"Two or more of the following: Email, Fax, Letter, Press Release, Telephone, Visit",US Consignees only. No foreign nor government consignees.,F-0583-2019,"JY Spiderman Ice Cream, 3 gallons",42 tubs,Products may be contaminated with  Listeria monocytogenes.,20180928,20181113,20190426,20181121,"""8/29/2017 - 10/11/2018""",
Terminated,Monterey,CA,United States,Class I,Food,69128,Dole Fresh Vegetables Inc,2959 Salinas Hwy,N/A,93940-6400,Voluntary: Firm initiated,Telephone,"One distribution center in AZ and retail stores in AZ, NM and NV.",F-2441-2014,"Dole Baby Spinach:  Thoroughly Washed, Preservative Free, All natural  Net W.t6 oz. bag;  SKU 323  Perishable, keep refrigerated.  UPC 071430009642;    Dole Fresh Vegetables  Monterey, CA  93940",150 cartons (6 x 6 oz bags per carton),Green Walnuts from a tree dropped into spinach as it was being tractored away from the harvested field. Walnuts were discovered on the Dole spinach processing line,20140827,20140915,20140917,20140924,Bag Code                        Expiration Date  B2311020  9/4/2014   B23110211 9/4/2014  B2311022  9/4/2014  B2311023  9/4/2014  B2311024  9/4/2014  B2311025  9/4/2014.,
Terminated,Spokane Valley,WA,United States,Class I,Food,70150,Numbskull LLC,9608 E Montgomery Ave Ste 5,N/A,99206-4162,Voluntary: Firm initiated,"Two or more of the following: Email, Fax, Letter, Press Release, Telephone, Visit",Washington and Idaho ice cream scoop shops and restaurants.,F-1182-2015,"Pear Sorbet; Bulk product is labeled with flavor name and date code, which is affixed to the plastic container (1, 1.5 and 3 gallon).",Approx 3 gallons,The recalling firm was notified that raw materials used in producing the ice cream products have the potential to be contaminated with Listeria monocytogenes,20141223,20150211,20150223,20150218,"All codes manufactured from January 1, 2014 - December 15, 2014. (""MMDD"" and ""XXXX""-Snoqualmie Gourmet Ice Cream Code)",
Terminated,Moosic,PA,United States,Class II,Food,65754,Red Mill Farms,591 Rocky Glen Road,,18507,Voluntary: Firm initiated,E-Mail,"PA, GA, NH.",F-1796-2013,"individual 2 oz chocolate macaroons packaged in plastic wrapper labeled as "" Jennies DUTCH CHOCOLATE MACAROON, 2 oz. Red Mill Farms, Inc., Brooklyn, NY"".",31 cases,A recall was initiated as a result of an undeclared sugar ingredient in the labeling used for Jennies' Dutch Chocolate Macaroons.,20130320,20130809,20141020,20130821,Expiration dates 12/1/13 and 1/13/14.,
Terminated,Grand Rapids,MI,United States,Class I,Food,73353,"Savory Foods, Inc.",900 Hynes Ave SW,N/A,49507-1076,Voluntary: Firm initiated,"Two or more of the following: Email, Fax, Letter, Press Release, Telephone, Visit","Domestic: Jackson, MI; Toledo, OH; Grand Rapids, MI; Urbana, OH; Hudsonville, MI; Columbus, OH; Lansdale, PA; and Charlton, MA.    No Foreign or DOD/VA",F-2473-2016,"1.5 oz PEANUT BUTTER COOKIES, 80/case",15 cases,Savory Foods Inc. has initiated a voluntary recall due to the potential for contamination with Listeria monocytogenes.,20160211,20160930,20161028,20161012,"1.5 oz PEANUT BUTTER COOKIES, 80/case; Product Code/Lot Code: 16033",
Terminated,Minneapolis,MN,United States,Class I,Food,63267,G.O. Fresh,2521 E Hennepin Ave,N/A,55413-2911,Voluntary: Firm initiated,Letter,"Minnesota, Iowa, North Dakota and Wisconsin",F-0091-2013,"SYSCO Imperial	6520795	1/5# FRUIT MIX CHUNKS 3/4""	130249 & 130250	BEST BY 9/15/12 & 9/16/12, UPC# 1007 4865393314.",721 TOTAL CASES FOR ALL PRODUCTS,"G.O. Fresh in Minnesota is voluntarily recalling specific cut items that contain cantaloupe, which has been recalled by DFI Marketing, Inc. due to potential Salmonella contamination.",20120913,20121011,20130214,20121017,"BEST BY 9/15/12 & 9/16/12,",
Terminated,New York,NY,United States,Class II,Food,80580,Sugar Foods Corporation Inc,"950 3rd Avenue, 21st Floor",N/A,10022,Voluntary: Firm initiated,Telephone,"CA, CO, UT, WA, GA, TX",F-1804-2018,"Homestyle Italian Seasoned Croutons:  1 lb. foil pouch  Item # 74384              Sugar Foods Corporation  6190 E. Slauson Ave.  Los Angeles, CA 90047",216 Cases (10 x 1.lb. pouches per case),Recalled whey powder was used in further production of numerous food products.,20180720,20180813,20180918,20180808,2280703   Best By 4/3/2019,
Terminated,Amityville,NY,United States,Class II,Food,66765,"Global Health Laboratories, LLC",9500 New Horizons Blvd,N/A,11701-1155,Voluntary: Firm initiated,Letter,New York,F-1105-2014,"UT-Fem¿ FOR WOMEN, urinary tract SOLUTION, Dietary Supplement, 42 Vegetable Capsules, Product No. 110403, UPC 7 98304 24865 4 -- Manufactured for: Global Quality Health Inc.",1495 bottles,"The finished dietary supplement product was manufactured with ingredients subsequently found to be contaminated with chloramphenicol, an antibiotic, at levels above 0.3 ppb.  The supplier, Specialty Enzymes & Biotechnologies, recalled the raw materials and notified the recipients.  Subsequent private laboratory testing of the finished product revealed levels of chloramphenicol above 0.3 ppb.",20131107,20131218,20170308,20131225,Lot Number 1256074,
Ongoing,Paterson,NJ,United States,Class II,Food,98171,"GUSTO GROUP, INC.",810 E 27th St,,07513-1215,Voluntary: Firm initiated,"Two or more of the following: Email, Fax, Letter, Press Release, Telephone, Visit","The recalled product was distributed to the following states: IA, NJ",H-0389-2026,"Shrimp Paste (Klong Kone) 'M' ,  16 oz, 24 count , PLastic Jar,  24 packages/ case",7 cases,Product tested high for lead.,20251119,20260109,,20260121,DPA159  Shrimp Paste (Klong Kone) 'M',
Terminated,Jessup,MD,United States,Class I,Food,93540,"TGD Cuts, LLC",8441 Dorsey Run Rd Unit B,N/A,20794-9359,Voluntary: Firm initiated,"Two or more of the following: Email, Fax, Letter, Press Release, Telephone, Visit","Distributed in PA, NJ, MD, WV, SC VA, DE, NC, and NY",F-0678-2024,MIX FRUIT ALOHA BOWL 3/48 OZ Packaged in clamshell container. UPC:840219170299,189 units,Potential Salmonella Contamination,20231129,20240102,20240925,20231227,Use By Start Date: 11/2/2023  Use By End Date: 11/23/2023,
Terminated,Beaverton,OR,United States,Class I,Food,66563,"Reser's Fine Foods, Inc.",15570 SW Jenkins Road,N/A,97006,Voluntary: Firm initiated,"Two or more of the following: Email, Fax, Letter, Press Release, Telephone, Visit","Distribution was made to AL, AR, AZ, CA, CO, CT, DE, FL, GA, HI, IA, IL, IN, KS, KY, LA, MA, MD, ME, MI, MO, MS, NC, NE, NH, NJ, NM, NV, NY, OH, OK, OR, PA, SC, SD, TN, TX, VA, WI, WV AND WY.   Distribution was also made to Canada.",F-1216-2014,"Tuna Salad, Formula PT.60 packaged under these labels:    -Essentail Everyday Tuna Salad packaged in 6/12-oz (UPC 041303820285) carton cases. Distributed by Supervalu Inc., Eden Prairie, MN.    -Reser's Gourmet Tuna Salad packaged in 2/5-lb carton cases.  Reser's Fine Foods, Inc., Beaverton, OR.  UPC 071117855067",N/A,The recalled products are potentially contaminated with Listeria monocytogenes.,20131022,20131224,20170124,20140101,Use by dates 10/10/13 - 11/29/13.,
Terminated,Tracy,CA,United States,Class I,Food,69252,Taylor Farms Pacific Inc. (MacArthur Facility),1820 North Macarthur Drive,N/A,95376-2831,Voluntary: Firm initiated,"Two or more of the following: Email, Fax, Letter, Press Release, Telephone, Visit","California, Arizona, Nevada, Washington",F-0020-2015,"CST Roma Tomatoes Whole Roma 1/25#  Origin: USA  Keep Refrigerated   UPC: 40000356942  Taylor Farms, Pacific, Tracy, CA 95376",45 / 25 Lb. Boxes,"Firm was notified by supplier that specific lots of ""expo fresh"" Roma tomatoes may be contaminated with Salmonella.",20140912,20141010,20141015,20141022,Packed on: 9/5/2014  Packed on: 9/6/2014,
Terminated,New Century,KS,United States,Class I,Food,94565,Danisco USA Inc.,4 New Century Pkwy,N/A,66031-1144,Voluntary: Firm initiated,"Two or more of the following: Email, Fax, Letter, Press Release, Telephone, Visit","US: AZ, CA, CO, FL, IA, ID, IL, IN, KS, KY, MI, MN, MO, NE, NJ, NY, OH, OK, PA, TN, TX, UT, VA, WI; Canada, and Mexico",F-1333-2024,"Grindsted Sweetlife CINN. Roll BAS Stabilizer & Emulsifier System, 22.68 kg/ 50 lb bag",7257.60 kg,Potential Salmonella Contamination,20240503,20240606,20240904,20240612,Lot number: 1204607256; 1204607257; 1204607258; 1204607259; 1204607260; 1204607261; 1204607262; 1204607264,
Terminated,Chicago,IL,United States,Class II,Food,77194,Newly Weds Foods Inc,2501 N Keeler Ave,N/A,60639-2131,Voluntary: Firm initiated,Letter,"Nationwide, Mexico, Canada",F-3116-2017,"A96555, PREDUST X2, NET WT 50 LBS, Manufactured By: Newly Weds Foods, Inc., Chicago, IL 60639","2,550 lbs",Product may contain undeclared milk.,20170503,20170817,20190805,20170726,Product #A96555; Lot #WN012117E,
Terminated,Canovanas,PR,United States,Class II,Food,63207,"Fabrica Confecciones Soto, Inc.",81 Calle Autonomia,N/A,00729-3248,Voluntary: Firm initiated,Letter,PR only. Product sold by the firm at retail.,F-0655-2013,"""Alcapurria Jueyes"" (Crab-filled fritters) - Food Service",160,"Undeclared allergens: wheat, soy, crustacean shellfish (crab), and yellow #5",20120912,20121108,20170503,20121114,none,
Terminated,Kansas City,KS,United States,Class I,Food,90164,Liberty Fruit Co Inc DBA Carol's Cuts,1251 Argentine Blvd,,66105-1508,Voluntary: Firm initiated,Telephone,"Distributed to food service locations in Kansas, Nebraska, Iowa, and Missouri.",F-1159-2022,"POTATO RUSSET QUARTERED 2/10# (01)10886810715115(10)0016086772 71511 Best if used by: 03/25/22, 03/29/22, 04/05/22, 04/06/22, 04/12/22, 04/16/22, 04/20/22, 04/23/22 Ingredients: Potato, Sodium Metabisulfite","25,433 lbs (total)",Sodium metabisulfite not declared on product label.,20220506,20220603,20221027,20220615,"Best if used by: 03/25/22, 03/29/22, 04/05/22, 04/06/22, 04/12/22, 04/16/22, 04/20/22, 04/23/22 Product #: 71511",
Terminated,Maspeth,NY,United States,Class II,Food,82250,JOY GOURMET FOODS LLC,4880 Maspeth Ave,N/A,11378-2110,Voluntary: Firm initiated,Visit,"CT, NY, NJ",F-1215-2019,"JOY GOL-GAPPA (PANI PURI) MASALA CONCENTRATE, NET WT 8 OZ (228g), UPC: 6 80617 60414 5",unknown,Product contains undeclared sulfites.,20190225,20190329,20200710,20190320,0712  7/12/2019,
Terminated,Detroit,MI,United States,Class II,Food,78482,NUTCO Inc. dba Germack Pistachio Co.,2140 Wilkins St,N/A,48207-2123,Voluntary: Firm initiated,Letter,"Unknown, firm would not provide a customer list, but identified there were mail order customers in their press release.",F-0456-2018,Dark Chocolate Almond Bark 5oz &1lb Clear plastic tubs,220 lb,Germack Roasting  is voluntarily recalling its Dark Chocolate Almond Bark following a supplier's recall due to undeclared allergen milk.,20171030,20171212,20180402,20171220,"Product Codes: 088401520105, 1168, 1398    Best BY Date March 31 , 2018",
Terminated,Cranbury,NJ,United States,Class II,Food,64361,Ethnic International Holding Inc,4 Corporate Dr,N/A,08512,Voluntary: Firm initiated,"Two or more of the following: Email, Fax, Letter, Press Release, Telephone, Visit","Connecticut, Georgia, Massachussets, Maryland, New Jersey, New York, Tennessee and Virginia.",F-1065-2013,"POMEGRANATE DRINK  MIX.  Yoruk Prens Nar Net 400 g.  USA Distributor:  Ethnic Int. Holding Inc. 4 Corporate Drive, Cranbury, NJ 08512.  Tel. 609-395-8513.  Picture of pomegranate on label.",166 total cases all 4 flavors (20 units per case),"Yoruk Prens brand drink mix flavored Apple, Orange, Pomegranate, Cinnamon and Rosehip.  We were informed that these products include some colorants, which are not allowed to use in the USA as per a New York State Department of Agriculture and Markets sample analysis.",20121227,20130311,20150205,20130320,Expiration date 1/04/2013.,
Terminated,Scott City,KS,United States,Class I,Food,74250,Nu Life Market LLC,1202 E 5th St,N/A,67871-4155,Voluntary: Firm initiated,E-Mail,"Product was distributed to CA, IL, and MI. There was no foreign/military/government distribution.",F-1928-2016,"Sun Life Natural Sunflower Spread with Maple in clear plastic jar with brown plastic lid, Net Wt. 12 oz.., UPC 855881003370. The responsible name on the label is Nu Life Market, LLC, Scott City, KS.",61 jars (45.75 lbs.),Product manufactured with roasted sunflower kernels which may be contaminated with Listeria monocytogenes.,20160519,20160815,20180914,20160824,"lot 5225B1, best by 5/13/2016;",
Terminated,Lakeview,MI,United States,Class II,Food,75427,"Farm Country Cheese House, Inc.",7263 Kendaville Rd,N/A,48850-9563,Voluntary: Firm initiated,Telephone,Domestic: MI,F-0431-2017,"Hot Pepper Cheese, forty-five 40 lb. blocks",1878.76,Farm Country Cheese House is conducting a voluntary recall of multiple vats of cheese due to inadequate pasteurization.,20161010,20161114,20170502,20161123,"Made on 09/28/2016, Vat A",
Terminated,Cedar Rapids,IA,United States,Class I,Food,81571,"Quaker Manufacturing, LLC",418 2nd St Ne,N/A,52401-1001,Voluntary: Firm initiated,Telephone,"Distributed to distribution centers in AR, IA, IL, KS, MO, NE",F-0718-2019,"Cap'n Crunch's Peanut Butter Crunch Cereal packaged in 17.1 ounce and 16.5 ounce cardboard boxes. Distributed by The Quaker Oats Company, Chicago IL",108 cases,Product tested positive for Salmonella.,20181113,20181212,20190311,20181219,Lots 110218L and 110318L,
Terminated,Chicopee,MA,United States,Class I,Food,84751,Rachael's Food Corporation,705 Meadow St,N/A,01013-4820,Voluntary: Firm initiated,"Two or more of the following: Email, Fax, Letter, Press Release, Telephone, Visit",MA,F-0597-2020,"Rachael's brand and Big Y brand Protein Snack Packs; containing one hard boiled egg, diced roasted turkey, and roasted almonds; packaged in 6x6 plastic containers, Net. wt. 4.25 oz.",87 protein packs,Product may be contaminated with Listeria monocytogenes.,20191231,20200204,20200325,20200212,"Production Dates: Dec 27, Dec 29, Dec 30, Jan 1  Rachael s code: 81190701592 and Big Y code: 01889490543",
Terminated,Chicago,IL,United States,Class I,Food,92423,"Newly Weds Foods, Inc.",8550 W Bryn Mawr Ave,Suite 100,60631-3222,Voluntary: Firm initiated,Letter,"ALABAMA, ARKANSAS, CALIFORNIA, COLORADO, FLORIDA, GEORGIA, ILLINOIS, INDIANA, IOWA, KANSAS, KENTUCKY, LOUISIANA, MICHIGAN, MINNESOTA, MISSISSIPPI, MISSOURI, MONTANA, NEBRASKA, NEW JERSEY, NEW YORK, NORTH CAROLINA, OHIO, OKLAHOMA, OREGON, PENNSYLVANIA, TENNESSEE, TEXAS ,WISCONSIN.  CANADA.",F-1039-2023,A53643	BREADER   X1	50.00	BAG,"6,465,115.78 pounds Total",Products may contain Salmonella,20230526,20230705,20240723,20230712,SE102922A SE110722A,
Ongoing,Milford,NH,United States,Class II,Food,96758,"Better Business...Better Foods, Inc.",183 Elm St Ste 13,,03055-4737,Voluntary: Firm initiated,Telephone,NY and New England,F-0801-2025,New England Village Snacks The 19th Hole Snack Mix (5 oz. and 10 oz.),"18,000 units",Contains undeclared almonds & undeclared sesame,20250423,20250514,,20250521,UPC (5 oz.): 609465693477 UPC (10 0z.): 642147152459 All codes recalled,
Terminated,Baltimore,MD,United States,Class I,Food,91653,"FRESH IDEATION FOOD GROUP, LLC dba Fresh Creative Cuisine",2800 Wegworth Ln,N/A,21230-3300,Voluntary: Firm initiated,Press Release,"The recalled product was distributed to the following states: MD, PA, DE, NY, DC, NJ, NC, CT, SC, VA, MA .",F-0459-2023,"Bistro To Go, Gourmet Cheese & Fruit Plate, Net Wt. 6 Oz. Single Serving, Keep refrigerated",18 units,"On 02/03/2023, FRESH IDEATION FOOD GROUP, LLC dba Fresh Creative Cuisine of Baltimore, MD is  initiating a recall of  various products sold from January 24, 2023 through January 30, 2023 because the products have the potential to be contaminated with Listeria monocytogenes .",20230203,20231017,20231017,20230322,UPC Code : 813141021144,
Terminated,Denton,TX,United States,Class III,Food,72822,"C. H. Guenther & Son, Inc.dba Morrison Milling",319 E Prairie St,N/A,76201-6109,Voluntary: Firm initiated,Letter,Nationwide throughout the US,F-0857-2016,HSRG Cornmeal Breader NET WT 25 LB (11.33 kg),3609 cases,May contain small metal fragments from wire mesh sifter.,20151207,20160411,20160802,20160420,All lots,
Terminated,Eugene,OR,United States,Class I,Food,80587,"Green Valley Group, LLC",1061 W 2nd Ave,N/A,97402-4947,Voluntary: Firm initiated,E-Mail,"Idaho, Illinois, Oregon, and Washington",F-1759-2018,"Grizzlies Brand and Grizzlies Granolas Oregon Trail Mix consisting of chocolate chips, fruit, seeds, and nuts.      Product packaged in a cardboard box with a liner bag, net wt. 20 lbs., and was distributed to retailers for sale from their bulk bins.      The product's ingredients statement on the green label is read ""***Semi-sweet chocolate chips (sugar, chocolate, cocoa butter, soy lecithin, vanilla), hazelnuts, almonds, walnuts, pumpkin seeds, unsulphured peaches, sunflower seeds, raisins, cranberries (apple juice concentrate, sunflower oil)***"".    The product's ingredients statement on the ivory label is read ""***Semi-sweet chocolate chips (sugar, chocolate, cocoa butter, soy lecithin, vanilla), hazelnuts, almonds, walnuts, pumpkin seeds, sunflower seeds, raisins, cranberries (cranberries, apple juice, sunflower oil), Peaches, Raisins (Raisins, Sunflower Oil). No GMOs***"".",900 lbs.,Grizzlies Brand and Grizzlies Granolas Oregon Trail Mix are recalled due to undeclared milk.,20180719,20180807,20180914,20180815,"lot numbers are 23122, 23287, 23412, 23520, and 23578.    LOT OTM 23122 expires on 8/11/18.  LOT OTM 23287 expires on 9/19/18.  LOT OTM 23412 expires on 10/19/18.  LOT OTM 23520 expires on 11/16/18.  LOT OTM 23578 expires on 12/1/18.",
Terminated,Hialeah,FL,United States,Class II,Food,68007,Hot Pandeyuca & Company Inc,6043 NW 167th St,Suit A-21 A-22,33015-4326,Voluntary: Firm initiated,Visit,FL and NC  Panama,F-2016-2014,El Original pa' ya To Go by hot pandeyuca brand   Cheese Bread Pan de Queso Grande,"1,052 boxes of 14 units each","During an FDA inspection, it was discovered that the label of several products failed to declare the components ingredients of a butter flavor that included allergens FD&C Yellow #5, FD&C Yellow #6 and FD&C Red #40.",20140321,20140611,20140825,20140618,Lot Codes 001 - 090,
Terminated,Medley,FL,United States,Class II,Food,82500,Traders West Inc,7212 NW 78th Ter,N/A,33166-2219,Voluntary: Firm initiated,Telephone,Domestic distribution only.,F-1306-2019,"Samira Food Products Vegeterian 100% Soy Chunk, Net Wt. 8oz",48 units/8oz,Failure to declare sulfites.,20190328,20190424,20191009,20190501,No lot or batch number.,
Terminated,Compton,CA,United States,Class I,Food,65499,El Campestre,1400 S Santa Fe Ave,N/A,90221-4918,Voluntary: Firm initiated,E-Mail,CA,F-1760-2013,"El Campestre Brand Ceviche Mixto, 2/5 lbs bulk containers into 1/10lbs carton.  Packaged in 2/5lbs white plastic buckets with lid and handle, into 1/10lbs carton.    Labeling reads in part:""CEVICHE MIXTO***NET WT..10 LBS***DIST.BY EL CAMPESTRE DIST TEL (562) 505-7247***"".",35,"El Campestre initiated this recall due to the following reason: undeclared allergens: eggs, soy, wheat, and crab extract.",20130613,20130726,20130820,20130807,Product is not coded with lot numbers.    Expiration date 06/01/13,
Terminated,Oak Brook,IL,United States,Class I,Food,74041,Treehouse Foods,2021 Spring Rd Ste 600,N/A,60523-1860,Voluntary: Firm initiated,Telephone,"US: AL, AZ, AR, CA, CO, CT, FL, IL, IN, IA, KS,KY, LA, ME, MD, MA, MI, MN,  MS,  MO, NE, NV, NM, NY, NC,ND, OH, OK, OR, PA,SC, TN, TX, UT, VA, WA, WI, WY.    OUS: HONDURAS, NICARAGUA, CHILE.",F-2425-2016,"UPC  071725748010,	Sunflower Seeds Roasted and Salted, Best By/Date Code: 11/27/2016.    UPC  007172524140,	Amport Roasted and Salted Sunflower Seeds, Best By/Date Code:11/26/2016.    639277348319,Naturally Select  Roasted and Salted Sunflower Seed, Best By/Date Code: 3/1/2017.    UPC  071725241351,	Amport Foods Sunflower Seeds Roasted & Salted, Best By/Date Code:12/3/2016,12/26/2016, 12/12/2016 .    UPC 071725748010,	Amport Foods Sunflower Seeds Roasted & Salted, Best By/Date Code:12/31/2016,12/26/2016, 1/14/2017 .    UPC 071725241405,	Amport Foods Sunflower Seeds Roasted & Salted, Best By/Date Code:1/7/2017 .","92,865 cases for all products",TreeHouse Foods is recalling products that may be impacted by sunflower seeds  contaminated with Listeria monocytogenes.,20160503,20160930,20170815,20161012,"Best By/Date Code: 11/26/2016, 11/27/2016, .1/7/2017, 1/14/2017, 3/1/17, 12/31/2016, 12/26/2016, 12/12/2016, 12/3/2016.",
Terminated,Milwaukee,WI,United States,Class I,Food,66677,"Garden-Fresh Foods, Inc.",726 S 12th St.,N/A,53204-1211,Voluntary: Firm initiated,"Two or more of the following: Email, Fax, Letter, Press Release, Telephone, Visit","CA, IL, IN, MA, MI,MN, MO, OH, PA, WI.",F-0625-2014,"Garden-Fresh Anti Pasto Salad Kit,       Product Code  0 11596 65634 2 ,	1/6 lb","1,159,754.46 total pounds, for all varieties","Garden-Fresh Foods is recalling various ready-to-eat salads, slaw, and dip products sold under various brands and codes because they may be contaminated with Listeria monocytogenes.",20131030,20131202,20140313,20131211,0 11596 65634 2  = 10/30/2013 - 11/6/2013,
Terminated,Visalia,CA,United States,Class II,Food,89115,Livia Global,7202 W Pershing Ct,,93291-7909,Voluntary: Firm initiated,Press Release,xx,F-0358-2022,"Livia One Organic Daily Topical Spray Probiotics;   4 oz. (120 ml)  UPC: 0 30915 10710 5     Recommended use: Topical: Spray affected area 2-5 times daily as needed.     Ingredients: Proprietary probiotic blend in an enzyme enriched substrate:  Lactobacillus-Acidophilus, L. Rhamnosus, L-Salivarius, L. Casei, L-Plantarum, Lactococcus-Lactis, Streptocuccus-Thermophilus, Bifidobacterium-Bifidum, B-Lactus, B-Infantis, B-Breve, B-Longum.  Made with water and a proprietary blend of three organic grasses    Livia Global Inc., Visalia, CA.",571 bottles,Probiotic products contaminated with Pseudomonas aeruginosa .,20211201,20220102,20220429,20211222,"Lot #001005-1, BB 04/2023",
Terminated,Kearny,NJ,United States,Class II,Food,69391,"Family Food Distributors, Inc.",969 Newark Tpke Unit D,N/A,07032-4321,Voluntary: Firm initiated,Letter,"CT, IL, MD, NJ, NY,  & PA",F-0465-2015,"Mama Tere Arepa de Blanca de Maiz White Corn Patty 14.1 oz/400g   5 units Product of Colombia Importado Por: Family Food Distributors, Inc. 969 Newark Turnpike, Kearny, NJ 07032  UPC 812828011676",N/A,"Mama Tere Arepa de Moto, de Chocolo and and de Blanca de Maiz were found to be mislabeled.",20140826,20141106,20170530,20141112,None.,
Ongoing,Charleston,SC,United States,Class II,Food,84523,TFI Holding dba Grey Ghost Bakery,1750 Signal Point Rd Ste 2a,N/A,29412-8056,Voluntary: Firm initiated,Letter,"Product was shipped to the following states: AL, AR, AZ, CA, CO, CT, DC, DE, FL GA, HI, IA, ID, IL, IN, KS, KY, LA, MA, MD, MI, MN, MO, MS, NC, NH, NJ, NM, NY, OH, OK, OR, PA, SC, TN, TX, UT, VA, WA, WI & WY.",F-0559-2020,"GREY GHOST BAKERY scratch-made cookies LEMON SUGAR NET WT 1.4 OZ (40 G), UPC 8 53152 00308 1 , 4 OZ (113 G) UPC 8 53152 00332 6 & 8 OZ (225 G) UPC 8 53152 00307 4 GREY GHOST BAKERY 1750 SIGNAL POINT RD, STE 2A CHARLESTON, SC 29412","Bulk cookies: 70 lbs, 8 oz boxes: 2899 units; 4 oz canisters: 1717 units; 1.4 oz packs: 2101 units",The product contains undeclared sulfites.,20191217,20200124,,20200115,"1612019, 1622019, 1632019, 1752019, 1772019, 1782019, 1802019, 1822019, 1892019, 1912019, 1962019, 1972019, 1982019, 2042019, 2052019, 2062019, 2082019, 2112019, 2132019, 2142019, 2192019, 2212019, 2252019, 2272019, 2282019, 2312019, 2332019, 2412019, 2542019, 2552019, 2572019, 2632019, 2682019, 2692019, 2712019, 2742019, 2752019, 2762019, 2772019, 2782019, 2822019, 2882019, 2912019, 2922019, 2952019, 2962019, 2972019, 3042019, 3062019, 3082019, 3102019, 3122019, 3172019, 3192019, 3212019, 3252019, 3282019, 3302019, 3362019, 3372019, 3382019, 3452019.",
Terminated,Mesa,AZ,United States,Class I,Food,89587,"Lehi Valley Trading Co, Inc",4955 E McKellips Rd,N/A,85215-2531,Voluntary: Firm initiated,"Two or more of the following: Email, Fax, Letter, Press Release, Telephone, Visit",Nationwide.,F-0910-2022,"Woody's Smokehouse brand Yogurt Raisins, 12.3 oz. (348g), clear plastic bag with front and back labels, UPC 0 95248 65531 0. Packed especially for Woody's Smokehouse Inc., Centerville, TX 75833, 903-536-9663, Woody's-Smokehouse.com  Texas Best Smokehouse brand Yogurt Raisins, 8 oz. (226g), clear plastic bag with front and back labels, UPC 0 95248 32055 3. Packed especially for: Texas Best Smokehouse, 3302 S Eastman Rd., Longview TX 75602.  Snack-Worthy brand Yogurt Raisins, 10 oz. (283g), clear plastic tub with front and back labels, UPC 8 79114 00668 3. Distributed by Lehi Valley Trading Company, Mesa, AZ 85215 snackworthy.com.",36 12.3 oz. bags; 24 8.0 oz. bags; 312 10 oz. tubs,Bags and tubs of yogurt covered raisins contained undeclared  peanuts.,20220211,20220328,20220519,20220406,"Woody's Smokehouse - Lot Code: 222447, Best by: August 23, 2022 Texas Best - Lot Code: 222456, August 23, 2022 Snack Worthy - Lot Code: 222268, 09/12/22",
Terminated,Caledonia,MI,United States,Class I,Food,92065,Caledonia Facility of Revolution Farms LLC,2901 76th St Se,N/A,49316-8399,Voluntary: Firm initiated,"Two or more of the following: Email, Fax, Letter, Press Release, Telephone, Visit","MI, OH, WI",F-0829-2023,Revolution Farms Zesty Southwest 6oz salad kit in plastic container UPC 856791008240,66,Listeria monocytogenes,20230405,20230506,20230509,20230517,Sell By 3/23/23,
Terminated,Garden City,MI,United States,Class I,Food,87576,KAREEM MART INC,32816 Manor Park,,48135-1545,Voluntary: Firm initiated,Telephone,"The recalled  Halva  were distributed through Mediterranean food stores and wholesalers in Michigan, Illinois, Missouri, New York, Ohio, North Carolina and  Pennsylvania.  Between March 2020 to Feb 2021.",F-0377-2021,Kareem Chef Halva 1lb and 2lb sizes in plastic tub,1320 units,Salmonella,20210308,20210330,20210901,20210407,Best Before 07-01-2022,
Terminated,Chicago,IL,United States,Class II,Food,82498,Newly Weds Foods Inc,4140 W Fullerton Ave,N/A,60639-2106,Voluntary: Firm initiated,"Two or more of the following: Email, Fax, Letter, Press Release, Telephone, Visit",Commercial processors in:  ALABAMA  ARKANSAS  FLORIDA  GEORGIA  ILLINOIS  MASSACHUSETTS  MISSISSIPPI  NEBRASKA  NEW JERSEY  NORTH CAROLINA  NORTH DAKOTA  OKLAHOMA  TEXAS  WISCONSIN,F-1267-2019,Commercial Breader Batter;  B56666 BREADER   X1;       50 pound bag,"2,800 lbs",Corn flour which may contain small pieces of plastic.,20190322,20190409,20201016,20190417,NWF Product # B56666;  Lot: CD032119B,
Terminated,Far Rockaway,NY,United States,Class I,Food,75144,SM Fish Corp.,5001 Rockaway Beach Blvd,,11691-1138,Voluntary: Firm initiated,Press Release,New York and New Jersey via retail stores,F-0243-2017,"OSSIE'S PICKLED LOX & CREAM, NET WT. 8 OZ., UPC 739885104113; -- Far Rockaway, NY 11691 --- The product is packed in a plastic deli tub.",170 units,The products have the potential to be contaminated with Listeria monocytogenes based on the findings of the bacteria in the plant via FDA environmental sampling plus the district's inspectional findings,20160915,20161025,20170417,20161102,Best By date codes of 08/21/16 through 10/18/16,
Terminated,Beecher,IL,United States,Class II,Food,75979,Dutch-American Foods Inc,1362 Dutch American Way,N/A,60401-5093,Voluntary: Firm initiated,E-Mail,"MD, MI, IL, FL",F-1308-2017,"Gourmet Cocoa Supreme, CP302141-12, NET WT. 12 LBS",122 bags,Dutch-American foods is recalling various seasoning products and baking bases due to potential contamination of product with Salmonella.,20161207,20170123,20190712,20170201,"Batch # 191951, 191952",
Terminated,Lakeview,MI,United States,Class I,Food,75427,"Farm Country Cheese House, Inc.",7263 Kendaville Rd,N/A,48850-9563,Voluntary: Firm initiated,Telephone,Domestic: MI,F-0428-2017,"White Cheddar Cheese, 40 lb. blocks",1247.53 lbs.,Farm Country Cheese House is conducting a voluntary recall of multiple vats of cheese due to potential contamination with Listeria monocytogenes.,20161010,20161114,20170502,20161123,"Made on 09/23/2016, Vat A",
Terminated,Grand Rapids,MI,United States,Class II,Food,63159,Spartan Central Kitchen,463 44th St SE,N/A,49548-4327,Voluntary: Firm initiated,E-Mail,MI and OH only.,F-0259-2013,#234 Bulk Watermelon	234	2.5 pounds  and #050 Watermelon Tray	16 ounces,48 (Bulk) and 792 (Tray),"During an FDA inspection, microbiological swabs were collected and the results found that 21 sub samples in zones 1, 2 & 3 are positive for Listeria Monocytogenes (L.M.), Listeria innocua (L.I.) or Listeria seeligeri (L.S.). The firm is voluntarily recalling all products manufactured from August 20th to September 10th 2012 due to the possible contamination. All lots with sell by dates on or before",20120910,20121018,20130219,20121024,All with sell by dates on or before 15-Sep  with UPC 234 and 0-11213-90395,
Completed,North York,,Canada,Class II,Food,95906,"Riverside Natural Foods, Ltd.",2239 Sheppard Ave W,,N/A,Voluntary: Firm initiated,"Two or more of the following: Email, Fax, Letter, Press Release, Telephone, Visit",nationwide,F-0543-2025,1. Chocolate Drizzled Birthday Cake Granola Bars 	25.5oz (30 bars) 2. Chocolate Drizzled Birthday Cake Granola Bars	4.2oz (5 bars) 3. Chocolate Drizzled Birthday Cake Granola Bars	17oz (20 bars) 4. Chocolate Drizzled Birthday Cake Granola Bars 	8.5oz (10 bars) 5. Chocolate Drizzled Birthday Cake Granola Bars 	4.2oz (5 bars)  6. Chocolate Drizzled Birthday Cake Granola Bars 0.85oz,"2,408,883 cases",may contain metal pieces,20241209,20250211,,20250219,1. best by:01/09/2025 up to and including 06/16/2025 UPC: X002SSIRIF 2. best by: 01/09/2025 up to and including 09/21/2025 UPC: 687456214160 3. best by: 03/05/2025 up to and including 07/25/2025 UPC: 687456215594 4. best by: 01/09/2025 up to and including 09/04/2025 UPC: 687456215709 5. best by: 04/25/2025; 08/29/2025; 05/17/2025 UPC: 687456215815 6. best by: 12/12/2024 up to and including 09/21/2025 UPC: 687456914169,
Terminated,Chicago,IL,United States,Class II,Food,77194,Newly Weds Foods Inc,2501 N Keeler Ave,N/A,60639-2131,Voluntary: Firm initiated,Letter,"Nationwide, Mexico, Canada",F-2992-2017,"B4016W, 910277 Breader, NET WT 40 LBS, Manufactured By:  Newly Weds Foods, Inc., Chicago, IL 60639","26,000 lbs",Product may contain undeclared milk.,20170503,20170817,20190805,20170726,Product #B4016W; Lot #WN011817A;  WN022217A;  WN032917A;  WN041917A;  WN122116A,
Terminated,Westfield,MA,United States,Class II,Food,83178,"C & S Wholesale Grocers, Inc.",53 Summit Lock Road,53 Medieros Way,01085-9777,Voluntary: Firm initiated,Telephone,"Two Target Stores 1. 98 Veterans Memorial Highway in Commack, New York 2. 160 North Research Place in Central Islip, New York",F-1727-2019,"DANNON OIKOS TRIPLE ZERO GREEK VANILLA - 5.3OZ/4PK, UPC: 3663201953",unknown,Products were not held at an appropriate temperature due to a mechanical malfunction during transportation.,20190617,20190724,20190731,20190731,"Exact codes are unknown. The product being recalled was sold on June 17, 2019 at Target Stores in Commack, NY and Central Islip, NY.",
Terminated,Phoenix,AZ,United States,Class II,Food,62330,Inventure Foods,5415 E High St,Suite 350,85054-5460,Voluntary: Firm initiated,Letter,Nationwide in the US and in Canada,F-1757-2012,"Kit item #30699-76, includes Mozzarella Sticks, 2.25 oz, 12bags/kit; Cheddar Bacon Skins, 3oz, 24 bags/kit; and Sour Cream & Onion Skins 3oz, 12bags/kit.    kit item#30679-11, 30679-12, and 30679-13, includes Mozzarella Sticks 2.25oz, 12bags/kit, Cheddar bacon skins 3oz, 24 bags/kit, and Sour Cream & Onion skins 3oz, 12bags/kit.    Kit Item#30845-A- Onion Ring Clip Strip, 2oz, 24 bag/clip strip.",611 units,Inventure Foods Inc. is recalling mozzarella sticks and onion rings because there may be a chance that there are tiny metal particles in their seasoning.,20120608,20120711,20120815,20120718,"Lot # FEB242013, FEB232014, FEB1713",
Terminated,Springfield,MO,United States,Class II,Food,76864,"The French's Food Company, LLC SUBS Reckitt Benckiser",4455 E Mustard Way,N/A,65803-9416,Voluntary: Firm initiated,E-Mail,"Product was distributed to CA, KS, MN, MS, MT, OK, OR, TX, and WA.  Product was shipped to a military distributor on the west coast.",F-1994-2017,"French's Crispy Jalapenos Net Wt. 5 oz. (141.7g), UPC 0 41500 95309 0, French's Food Company.","509 displays (20,360 consumer units)",Product may contain foreign objects: rocks and metal fragments.,20170327,20170418,20190502,20170426,"Best by May 25, 2018",
Terminated,Bells,TN,United States,Class I,Food,74123,The Pictsweet Company,#10  Pictsweet Drive,N/A,38006,Voluntary: Firm initiated,"Two or more of the following: Email, Fax, Letter, Press Release, Telephone, Visit",Nationwide,F-2232-2016,"Pictsweet(R) Seasoned Summer Vegetables, NET WT 12 OZ. (340g), DISTRIBUTED BY THE PICTSWEET COMPANY, BELLS, TN 38305, UPC 7056097622","871,952 Cases Total","Possible Listeria Monocytogenes contamination in bulk vegetables supplied by CRF Frozen Foods, LLC used in manufacturing several Pictsweet products.",20160506,20160914,20170803,20160921,"BEST IF USED BY: Aug 3 2016, Aug 5 2016, Nov 9 2016, Nov 10 2016; with Mfg Code ### # K # #",
Terminated,New York,NY,United States,Class I,Food,88958,HELLOFRESH US,40 W 25th St,N/A,10010-2707,Voluntary: Firm initiated,Other,Nationwide.,F-0202-2022,EveryPlate Meal Kit Product Codes 81-82-84-90-92-95-98-99 from Production Week 32 (production week start date: 08/04/2021),N/A,Products contain onions purchased from ProSource and associated with a Salmonella Oranienburg outbreak.,20211022,20211118,20220901,20211124,Production Week: 08/04/2021 EveryPlate Product Code: 81-82-84-90-92-95-98-99 (Number sequence may vary),
Terminated,Mechanicsburg,PA,United States,Class II,Food,75202,"Cumberland Valley Creamery, LLC",21 Mulberry Dr,,17050-3105,Voluntary: Firm initiated,E-Mail,"MD, PA",F-1745-2017,"Luqman Cheese, White Cheddar, Net Wt. 8 oz.., Distributed by: Cumberland Valley Creamery, Mechanicsburg, PA",approx. 275 lbs,Multiple laboratory analysis found multiple instances where various cheeses exceed allowed limits of generic E. coli.,20160607,20170327,20170327,20170405,"All lots, all codes.",
Terminated,Troy,MI,United States,Class II,Food,68421,"Good Herbs, Inc.",550 Oliver Dr,N/A,48084-5468,Voluntary: Firm initiated,Letter,"National: AZ, CA, CT, FL, IN, ME, MI, MO, MS, NC, NH, NY, OH, OR, RI, TX, VA & WY  International: None reported",F-0242-2015,"Good Herbs, Inc., FLOWER ESSENCE WILD ROSE, 1 & 4 oz bottle, 550 Oliver Dr Troy, MI 48084 The Quality Herb That Works",Approximately 901 total units for all products,Products not manufactured under GMP's,20140505,20141030,20160203,20141105,"All Lots distributed on or after October 17, 2013",
Terminated,Milwaukee,WI,United States,Class I,Food,66677,"Garden-Fresh Foods, Inc.",726 S 12th St.,N/A,53204-1211,Voluntary: Firm initiated,"Two or more of the following: Email, Fax, Letter, Press Release, Telephone, Visit","CA, IL, IN, MA, MI,MN, MO, OH, PA, WI.",F-0655-2014,"Grandpas Artichoke Spinach Dip, Product Code 0 11596 55902 5,	1/5 lb;    Archer Farms Artichoke Spinach Dip, Product Code  0 85239 99015 5,	6/11 oz;  Archer Farms Artichoke Spinach Dip, Product Code 0 85239 69053 6,	4/18 oz;    Roundy's Artichoke Spinach Dip, Product Code  0 11596 06170 2,	6/12 oz","1,159,754.46 total pounds, for all varieties","Garden-Fresh Foods is recalling various ready-to-eat salads, slaw, and dip products sold under various brands and codes because they may be contaminated with Listeria monocytogenes.",20131030,20131202,20140313,20131211,0 11596 55902 5 = 11/15/2013 - 12/13/2013;    0 85239 99015 5 = 11/1/2013;   0 85239 69053 6=11/1/2013;    0 11596 06170 2= 11/8/2013 - 12/15/2013,
Terminated,Ferndale,MI,United States,Class III,Food,63663,"Garden Fresh Salsa, Inc.",1220 E 9 Mile Rd,,48220-1972,Voluntary: Firm initiated,"Two or more of the following: Email, Fax, Letter, Press Release, Telephone, Visit","Michigan, Indiana, New Jersey,",F-0827-2013,Garden Fresh Gourmet Nacho Cheese Tortilla Chips  14oz bags,2132 LBS,Beginning 11/01/2012 Garden Fresh Gourmet recalled Garden Fresh Nacho Cheese Tortilla chips (exp 11/26/2012) because quality standards of ingredients used in the products were not met.,20121101,20121214,20130207,20121226,14 oz bag UPC 4767131090 Lot 112612  Best By 11/26/12,
Terminated,Cleveland,OH,United States,Class II,Food,93817,Greco Sidari,3820 Lakeside Ave E,,44114-3848,Voluntary: Firm initiated,"Two or more of the following: Email, Fax, Letter, Press Release, Telephone, Visit","OH, NY & PA",F-0848-2024,GRANDE     1.5OZ FRESH BOCCONCINI MOZZ 1/3#         SUPC/ITEM # 19132P,1375 cases total,The food was not held at an appropriate temperature.  The holding temperature could affect spoilage and potentially support pathogen growth.,20240111,20240205,20240905,20240214,"All Lot Codes Distributed between November 26, 2023 and January 5, 2024",
Terminated,Beaverton,OR,United States,Class I,Food,66563,"Reser's Fine Foods, Inc.",15570 SW Jenkins Road,N/A,97006,Voluntary: Firm initiated,"Two or more of the following: Email, Fax, Letter, Press Release, Telephone, Visit","Distribution was made to AL, AR, AZ, CA, CO, CT, DE, FL, GA, HI, IA, IL, IN, KS, KY, LA, MA, MD, ME, MI, MO, MS, NC, NE, NH, NJ, NM, NV, NY, OH, OK, OR, PA, SC, SD, TN, TX, VA, WI, WV AND WY.   Distribution was also made to Canada.",F-1204-2014,"Reser's Tuna Salad Supreme, Formula PT.137 packaged in 2/5-lb carton cases. Reser's Fine Foods, Inc., Beaverton, OR.  UPC 071117141382",N/A,The recalled products are potentially contaminated with Listeria monocytogenes.,20131022,20131224,20170124,20140101,Use by dates 10/12/13 - 11/27/13.,
Terminated,Lake Oswego,OR,United States,Class II,Food,66879,Kirkman Group Inc.,6400 Rosewood St,,97035-5392,Voluntary: Firm initiated,E-Mail,distributed worldwide,F-1352-2014,"Phenol Assist, Kirkman brand, Item # 0835-090",1774 bottles (1313 bottles in the US and 461 outside of the US),Firm is recalling dietary supplements containing a raw material which may contain >0.3 ppb chloramphenicol,20131115,20140102,20140402,20140108,"LOT numbers:  52640015,  53855003,  53855004.",
Terminated,Lake City,GA,United States,Class II,Food,74686,Kabobs Inc,5423 N Lake Dr,N/A,30260-3534,Voluntary: Firm initiated,E-Mail,"AR, CA, CO, CT, FL, GA, IL,IN, IO, KY, LA, MA, MD, MI, MN, MO, NC, NJ, NY, NV, OK, OH, OR, PA, TN, TX WA, and WI.",F-0136-2017,"MINI DEEP DISH MUSHROOM PIZZA, 200 CT, Prepared by: Kabobs, 54234 North Lake Dr. Lake City, GA 30260.",176 cases/115 cases (200 units per case).,Product was manufactured with flour recalled due to E. coli O121 contamination.,20160706,20161018,20171106,20161026,"Item number: K7954, Lot/Julian Code: PM15M18 / 15352 and PM15M17 / 15351.",
Terminated,Portland,OR,United States,Class II,Food,71141,"Regency Group, Inc., The",13320 NE Jarrett St,,97230-1093,Voluntary: Firm initiated,"Two or more of the following: Email, Fax, Letter, Press Release, Telephone, Visit","distributed in AK, AZ, CA, ID, MT, OR, UT and WA.",F-2329-2015,"Oregano, Mediterranean ground, stock code 03355, packaged in 0.2 lb., .75 lb., 0.8 lb., 1 lb., 4 lbs., 10 lbs., 15 lbs., 25 lbs., or 50 lbs. container.    The UPC for 50 lbs. container is 0 23605 03355 6.",552.50 lbs.,Bulk ground oregano is recalled due to contamination with gluten (wheat allergen),20150430,20150528,20150825,20150603,Lot 03355-140121,
Terminated,New Oxford,PA,United States,Class II,Food,73562,"Winter Gardens Quality Foods, Inc.",304 Commerce St,N/A,17350-1723,Voluntary: Firm initiated,"Two or more of the following: Email, Fax, Letter, Press Release, Telephone, Visit",MD  NC  NJ  NY  PA  VA,F-1050-2016,"Blue Ridge Farms Macaroni Salad; 05021  Net Weight: 1 X 10 LB., Keep Refrigerated; Use by: 03/14/16; Lot # 430;   Packed by Winter Gardens Quality Foods, Inc, New Oxford, PA 17350",44,The supplier of the salad oil used in the above product(s) has voluntarily recalled this raw material due to the potential presence of foreign material.  Winter Gardens is continuing this voluntary recall through the supply chain.,20160215,20160408,20160609,20160420,"Use By: 03/14/216, Lot # 430",
Terminated,Goldsboro,NC,United States,Class I,Food,78653,"Farrell Farms, Inc",200 Gin Road,N/A,27530,Voluntary: Firm initiated,E-Mail,NC,F-0526-2018,"Dark Chocolate Pecans Net Wt. 7 oz, Farrell Farms, 200 Gin Road, Goldsboro, NC",58/7oz. packages,Undeclared allergen: Milk,20171119,20180105,20210917,20180103,"Sold via website between October 16th, 2017 to November 17th, 2017",
Terminated,Milwaukee,WI,United States,Class I,Food,66677,"Garden-Fresh Foods, Inc.",726 S 12th St.,N/A,53204-1211,Voluntary: Firm initiated,"Two or more of the following: Email, Fax, Letter, Press Release, Telephone, Visit","CA, IL, IN, MA, MI,MN, MO, OH, PA, WI.",F-0559-2014,"Finest Traditions Garden Vegetable Spaghetti, Product Code 10 733147 10196 1,	1/8 lb","1,159,754.46 total pounds, for all varieties","Garden-Fresh Foods is recalling various ready-to-eat salads, slaw, and dip products sold under various brands and codes because they may be contaminated with Listeria monocytogenes.",20131030,20131202,20140313,20131211,10 733147 10196 1=  11/4/2013 - 11/20/2013; ;,
Terminated,City Of Industry,CA,United States,Class I,Food,76502,Snak King Corporation,16150 E. Stephens St,N/A,91745-1718,Voluntary: Firm initiated,Letter,"US (Florida, Atlanta, CA)",F-1554-2017,Cashew Clusters 32 oz,25632 units,Snak King is recalling cashew clusters because it may be contaminated with Salmonella.,20170215,20170228,20170413,20170308,Lot 5352533:  Date code on bag 8/30/17  Lot 5353827: Date code on bag 8/31/17  Lot 5354506: Date code on bag 8/31/17  Lot 5355694: Date code on bag 9/1/17  Lot 5355670: Date code on bag 9/1/17  Lot 5356902: Date code on bag 9/2/17,
Terminated,Livonia,MI,United States,Class I,Food,74845,"Minnie Marie Bakers, Inc. dba Awrey's Bakery",12301 Farmington Rd,N/A,48150-1747,Voluntary: Firm initiated,E-Mail,Ohio,F-2021-2016,"Devils Food Sheet Cake 8x12 Mega   28.125 lb case 20, 2  2.5oz cakes per case",2418 cases,Products may contain undeclared tree nuts (walnuts).  People who have an allergy or severe sensitivity to tree nuts run the risk of serious or life-threatening allergic reaction if they consume these products.,20160729,20160830,20170809,20160907,product 6585,
Terminated,Minneapolis,MN,United States,Class II,Food,79663,Target Corporation,33 S 6th St,N/A,55402-3601,Voluntary: Firm initiated,Telephone,HI,F-1334-2018,Eggo Homestyle Waffles 24ct 29.6oz    UPC: 38000402807    Target item number: 270-5-49,2652 retail units total,Shipping container from CA to HI was not held at proper temperature which could cause food items to be contaminated with spoilage organisms or pathogens,20180327,20180503,20180503,20180509,"All product purchased at  Target store T2780, Honolulu, HI from March 23 through March 27, 2018.",
Terminated,Portales,NM,United States,Class I,Food,63257,"Sunland, Incorporated",42593 US Highway 70,N/A,88130-9043,Voluntary: Firm initiated,Press Release,National distribution under various brand names including all 50 U.S. States with some international distribution Hong Kong.,F-0426-2013,"Cadia All Natural Creamy Peanut Butter No Stir, 18 oz, UPC 815369010993.","3,002 x 18 oz","Sunland, Inc. is conducting a voluntary limited recall of its Almond, Peanut, and Cashew Butter products and Tahini and Roasted Blanched Peanut Products, manufactured between May 1, 2010 and September 24, 2012, because these products may be contaminated with Salmonella.",20120924,20121023,20141001,20121031,"Best-If-Used-By Dates between March 1, 2011 and September 24, 2013.",
Terminated,Corvallis,OR,United States,Class II,Food,83829,Whole Flower Farms LLC,29190 Highway 34,N/A,97333-2218,Voluntary: Firm initiated,"Two or more of the following: Email, Fax, Letter, Press Release, Telephone, Visit",distributed in Oregon.,F-2258-2019,"Fudge Brownie Cookie, net wt. 2 oz.  The product was distributed frozen and has a 5-day shelf life after being defrosted at the stores.    The label is read in parts: ""***Fudge Brownie Cookie*** Ingredients:  Evaporated cane juice, sunflower oil, almond milk, cocoa powder, chocolate chips, sorhgum flour, tapioca flour, flax meal, vanilla, baking powder, salt***Gluten-Free ***Vegan Foods ***Made by: Whole Flower Farms 29190 hwy 34 Corvallis, OR***"".",7 units,Fudge Brownie Cookie product is recalled due to undeclared soy lecithin.,20190917,20190930,20190930,20191009,9/6/19  This date represents the production date.,
Terminated,Piscataway,NJ,United States,Class II,Food,87961,Clio LLC,141 Ethel Rd W,,08854-5928,Voluntary: Firm initiated,"Two or more of the following: Email, Fax, Letter, Press Release, Telephone, Visit",Distributed nationwide,F-0634-2021,Clio No Added Sugar Yogurt Bar Mixed Berry / Peach  50g x 16 (12pc tray). UPC Code: 854021008220,1880 units,Possible metal fragments in Yogurt Bars,20210515,20210528,20220414,20210609,110PB1132021 7/4/2021  110PB113PP2021 7/4/2021  110PB114PP2021 7/4/2021  111PB1142021 7/4/2021  117PB1162021 7/4/2021  117PB116PP2021 7/4/2021,
Terminated,Brenham,TX,United States,Class I,Food,70738,"Blue Bell Creameries, L.P.",1101 S Blue Bell Rd,,77833-4413,Voluntary: Firm initiated,"Two or more of the following: Email, Fax, Letter, Press Release, Telephone, Visit","FL, GA, SC, NC, VA, OH, KY, TN, AL, MS, IN, IL, MT, AR, LA, TX, Ok, KS, NM, CO, WY, AZ, NV and Bermuda, Belize, Saudia Arabia, Yemen, Oman, UAE, Qatar, Egypt, Jordan, Kuwait, Dominican Republic, Panama, Turks and Caicos, Haiti, Trinadad and Tobago, Puerto Rico, Chile, Peru, China, Mexico, Philippines, Tortola, St. Thomas and St. Croix, Anguilla, St, Kitts and Nevis, Montserrat, and Dominica",F-2613-2015,Blue Bell Ice Cream Chocolate Chip 3 Gallon,"17,368 units",Five patients who were treated in a single hospital in Kansas were infected with one of four rare strains of Listeria monocytogenes.,20150313,20150619,20161103,20150701,all lot codes within expiry,
Terminated,Teterboro,NJ,United States,Class II,Food,79527,Food and Beverage Inc.,100 Hollister Rd Unit C1,N/A,07608-1139,Voluntary: Firm initiated,E-Mail,"The product was distributed to the following states: CT, DC, DE, MA, MD, ME, NH, NJ, NY, PA,VA, RI, VT",F-0979-2018,Name: Trader Joe s Chocolate Chip Cookies SKU 68075  Net Weight: 12 oz. (340g)  Number of units per package: 16 cookies  Package type: Kraft paper bag,"2,851 bags","Food & Beverage Inc., dba Chris's Cookies has initiated a recall of Trader Joe s Peanut Butter Sutter s Formula Cookies  (Trader Joes SKU 93307) that was packed in a Trader Joes branded Chocolate Chip Cookie bag, and sent out as Chocolate Chip Cookies.      Please note the Chocolate Chip Cookie bag has a statement on the back that says:  MAY CONTAIN TRACES OF PEANUTS AND TREE NUTS , but since the wrong product packed is based almost completely in peanut this could represent a bigger risk for those who have peanuts allergies. Thus, prompting the firm to error on the side of public safety and initiate a recall.",20180312,20180327,20180504,20180328,Lot number: 2060; Sell by 031218 thru 031818,
Terminated,Wadena,MN,United States,Class I,Food,84222,"Russ Davis Wholesale, Inc.",266 4th St NE,N/A,56482-1205,Voluntary: Firm initiated,"Two or more of the following: Email, Fax, Letter, Press Release, Telephone, Visit","The firm distributed products to foodservice establishments and retailers in IA, IL, IN, MI, MN, MT, ND, NE, SD, WI, WY.",F-0316-2020,"Veggie Pizza Mix, 2.5 lbs, packaged with a small generic white label on a plastic bag for foodservice use.  Contains broccoli florets, cauliflower florets and diced carrots.  Mix meant for putting on flat bread as RTE.",99 units,Products are being recalled because they may have the potential to be contaminated with Listeria monocytogenes,20191105,20191211,20200611,20191127,"UPC 795631819731, Sell by 10/10/19 to 11/10/19",
Terminated,Atlanta,GA,United States,Class II,Food,70581,Lavoi Corporation d/b/a/ Epi De France,1757 Tullie Cir Ne,,30329-2305,Voluntary: Firm initiated,"Two or more of the following: Email, Fax, Letter, Press Release, Telephone, Visit","AL, AR, AZ, CA, CO, FL, GA, IL, IN, KS, LA, MN, MO, MS, NC, NE, NY, PA, OH, OK, OR, SC, TX, VA, TN UT, and WA.",F-2745-2015,"Epi breads, 12"" French Sub-roll, 36 count per case, Epi breads, 12"" Unsliced French Hoagie, 45 count per case, and 7.75"" French Hoagie, 48 count per case per case, Lavoi Corporation, EPI Breads, 4710 West Ledbetter, Dallas, TX 75236",,Undeclared allergen: Bread products were manufactured using raw material (wheat gluten) that was recalled due to undeclared peanut and/or tree nut residue.,20150224,20150622,20170706,20150701,"Reference no. 10048, 10943 and 10947",
Terminated,Sioux City,IA,United States,Class II,Food,68002,American Pop Corn Co,1 Fun Pl,N/A,51108-1300,Voluntary: Firm initiated,Letter,"Distribution was made to CA, CO, FL, GA, IA, IL, KS, KY, MA, MI, MO, NE, NJ, NY, OH, OK, OR, PA, SD, TX, WA and WI.",F-1884-2014,"Jolly Time Microwave popcorn, Extra Butter, 3/3-oz bags/carton. The cartons are packaged 12-cartons/case. Individual carton - UPC 028190008477, on the 12 count case - UPC 10028190008474 and 48 ct shipper with UPC 128190488474    American Pop Corn Company, Sioux City, IA.",148 cases,The product has the potential to be contaminated with stainless steel metal fragments.,20140411,20140423,20140728,20140430,Best By 03/31/15  (Julian date) 4090,
Terminated,Mamaroneck,NY,United States,Class I,Food,76952,"The Smokehouse of New York, LLC.",434 Waverly Ave,,10543-2232,Voluntary: Firm initiated,Press Release,"NY, NJ, CT, IL, AL, MN, MT",F-2264-2017,"Refrigerated, ready-to-eat BAKED KIPPERED SALMON, in 8 oz. vacuum packages, UPC 0200000615659 -- KEEP REFRIGERATED 38 DEGREES or Below --- THE SMOKEHOUSE OF NY , MAMARONECK , NY 10543",UNKNOWN,"The products have the potential to be contaminated with Listeria monocytogenes based on FDA sampling and analysis.  During an FDA inspection, an environmental sample (973983) was collected and submitted to NRL for analysis.  NRL's analysis revealed 37 out of 99 subs were positive for L. monocytogenes including both Zone 1 and Zone 2 locations.",20170407,20170530,20170831,20170607,Lots 82 through 96 (listed on back of packaging) and Sell By Dates of  04/5-19/17,
Terminated,Fargo,ND,United States,Class II,Food,64368,"Dakota Specialty Milling, Inc",4014 15th Ave N,N/A,58102-2833,Voluntary: Firm initiated,"Two or more of the following: Email, Fax, Letter, Press Release, Telephone, Visit","AZ, AR, CA, GA, HI, IL, IN, KS, MA, MI, MN, MO, NY, ND, OH, PA, TN, TX, VA, WA, WI.",F-1090-2013,"40632,  SPECIALTY GRANNY GRAINS BLEND ( WHEAT BRAN, WHEAT, OATS , BARLEY, RYE),  DAKOTA SPECIALTY MILLING, INC., FARGO, ND ,  19 Net WT 40 LBS.",402.4000 CWTS,Some flour and flour blends produced at Dakota Specialty Milling have the potential to be contaminated with pliable metal wire mesh fragments from a defective flour sifter.,20130214,20130312,20140110,20130320,11161203  11191203,
Terminated,Oconto Falls,WI,United States,Class II,Food,63168,Springside Cheese Corp,7989 Arndt Rd,N/A,54154-9755,Voluntary: Firm initiated,"Two or more of the following: Email, Fax, Letter, Press Release, Telephone, Visit","WI, CO",F-0062-2013,"Springside Cheese, Cranberry Monterey Jack  Cheese,  55-0172,  V3, August 28, 2012,","41,616.53 lbs total","Springside Cheese Corp. is recalling cheese produced on August 21, 2012 through September 1, 2012.  This voluntary recall has been initiated because the cheese has the potential to be contaminated with Giardia, a parasite, from an employee illness.",20120907,20121010,20160309,20121017,8.28.3,
Terminated,Farmingdale,NY,United States,Class III,Food,69241,Triceutical Inc./Zhang,164 Milbar Blvd,N/A,11735-1425,Voluntary: Firm initiated,"Two or more of the following: Email, Fax, Letter, Press Release, Telephone, Visit","*Domestic* - FL, NY, PA, *International*- China",F-0104-2017,Maca,"3,000 bottles",Triceutical Inc. has recalled all dietary supplements due to lack of good manufacturing practices.,20141010,20161014,20180604,20161026,"all lot numbers, all expiration dates",
Terminated,Windermere,FL,United States,Class II,Food,85918,Fresh Express Incorporated,4757 The Grove Dr,N/A,34786-8426,Voluntary: Firm initiated,E-Mail,"Domestic: Midwestern states of AR, CT, DC, DE, IA, IL, IN, KS, KY, MA, MD, ME, MI, MN, MO, MT, NC, ND, NE, NH, NJ, NY, OH, OK, PA, RI, SD, TN, VA, VT, WI, WV  Foreign: Canada",F-1052-2020,"Little Salad Bar Garden, 12 oz, UPC 4099100082975, Iceberg lettuce, carrots & red cabbage",unknown,"Ready to Eat salad products containing iceberg lettuce, red cabbage and/or carrot ingredients are recalled due to a possible health risk from Cyclospora.",20200619,20200804,20201216,20200722,"Product Code  Z122, Z125, Z126, Z128, Z129, Z130, Z132, Z133, Z134, Z135, Z136, Z139, Z140, Z141, Z142, Z143, Z144, Z145, Z148, Z149, Z150, Z153, Z154, Z155, Z156, Z157, Z158, Z160, Z161, Z162, Z163, Z164, Z165, Z167, Z168, Z169. USED BY  or Before 7/3/2020",
Terminated,Rockville,MD,United States,Class I,Food,80528,Whole Foods Market Group Inc.,4948 Boiling Brook Pkwy,N/A,20852-2306,Voluntary: Firm initiated,E-Mail,"These were made in house at Whole Foods Market locations, in the Mid Atlantic Region. No foreign accounts",F-1740-2018,"CANDY DESSERT SHELL VANILLA PANIBOIS, 17 Ounce",12016.4 Units,"Whole Foods Market, Inc. has initiated a recall of various bakery products  that was made in there Mid-Atlantic stores and sold between May 25th and July 13th which failed to declare soy flour (soy) as an ingredient.",20180713,20180803,20210903,20180815,24017200000,
Terminated,Coon Rapids,MN,United States,Class I,Food,67806,Parkers Farm Inc,9250 Holly St NW,N/A,55433-5800,Voluntary: Firm initiated,E-Mail,Nationwide.  No distribution outside the US.,F-1868-2014,"Peanut Butter sold under the following sizes, brands: HONEY CRUNCHY (55204) Peanut Butter in 16 oz tubs with snap on lid.","369,840 total cases for all varieties","Various Peanut butters, cheese spreads, cold pack cheese, salsa, cheese balls/logs have the potential to be contaminated with Listeria monocytogenes.",20140321,20140416,20151021,20140423,Sell by Date before 3/20/2015,
Terminated,Brooklyn,NY,United States,Class II,Food,82996,"Bedessee Imports, Inc",601 Wortman Ave,N/A,11208-5442,Voluntary: Firm initiated,"Two or more of the following: Email, Fax, Letter, Press Release, Telephone, Visit",NY & NJ,F-1463-2019,"National Heartland Naturals Premium Quality Pearl Barley  32 oz Plastic Bag, UPC 707966600083","32 Cartons, 12 packs each carton","Product was labeled as gluten free by mistake, but the product does contain Gluten.",20190531,20190617,20200626,20190626,"196J1-32, JUNE 30,2022",
Terminated,Snohomish,WA,United States,Class I,Food,70075,Snoqualmie Gourmet Ice Cream,21106 86th Ave SE,,98296-7904,Voluntary: Firm initiated,"Two or more of the following: Email, Fax, Letter, Press Release, Telephone, Visit",distributed nationwide,F-1511-2015,"Guava Sorbet, sold under Snoqualmie brand.  Product is sold in 3 gallon plastic tubs. No UPC.",4 / 3 gallon tubs,Guava Sorbet is being recalled due to the potential to be contaminated with Listeria monocytogenes,20141221,20150701,20160223,20150708,"Production date: January 1, 2014 through December 15, 2014.",
Terminated,Troy,MI,United States,Class II,Food,68422,"Good Herbs, Inc.",550 Oliver Dr,N/A,48084-5468,Voluntary: Firm initiated,Letter,"National: AZ, CA, CT, FL, IN, ME, MI, MO, MS, NC, NH, NY, OH, OR, RI, TX, VA & WY  International: None reported",F-0405-2015,"Good Herbs, Inc., SAW PALMETTO, 4 oz bottle, 550 Oliver Dr Troy, MI 48084 The Quality Herb That Works",Approximately 1204 total units for all products,Products not manufactured under GMP's,20140505,20141030,20160203,20141105,"All Lots distributed on or after October 17, 2013",
Terminated,Chicago,IL,United States,Class II,Food,77194,Newly Weds Foods Inc,2501 N Keeler Ave,N/A,60639-2131,Voluntary: Firm initiated,Letter,"Nationwide, Mexico, Canada",F-3319-2017,"B93756, BREADER X1@, NET WT 40 LBS, Manufactured By: Newly Weds Foods, Inc., Chicago, IL 60639","24,080 lbs",Product may contain undeclared milk.,20170503,20170817,20190805,20170726,Product #B93756; Lot #WN011217E;  WN020817D;  WN031117E;  WN033117D,
Terminated,Westfield,MA,United States,Class II,Food,83178,"C & S Wholesale Grocers, Inc.",53 Summit Lock Road,53 Medieros Way,01085-9777,Voluntary: Firm initiated,Telephone,"Two Target Stores 1. 98 Veterans Memorial Highway in Commack, New York 2. 160 North Research Place in Central Islip, New York",F-1668-2019,"CHOBANI KEY LIME BLENDED LOW FAT GREEK YOGURT - 5.3OZ, UPC:1829001271",unknown,Products were not held at an appropriate temperature due to a mechanical malfunction during transportation.,20190617,20190724,20190731,20190731,"Exact codes are unknown. The product being recalled was sold on June 17, 2019 at Target Stores in Commack, NY and Central Islip, NY.",
Terminated,Bolton,CT,United States,Class II,Food,68538,Fish Family Farm,20 Dimock Ln,,06043-7220,Voluntary: Firm initiated,Press Release,Shadow Valley Farm product distributed to retail stores in CT and MA.  Fish Family Farm Brand Products were only sold at the firm's retail store.,F-2345-2014,FISH FAMILY FARM INC. & & Shadow Valley Farm brand CHOCOLATE MILK GRADE A PASTEURIZED HOMOGENIZED in a glass half-gallon container,92 half-gallons,Milk products and cream products may be contaminated with peanuts and tree nuts (pistachio).,20140612,20140821,20160414,20140827,Sell by 6/23/14,
Terminated,Bells,TN,United States,Class I,Food,73853,The Pictsweet Company,#10  Pictsweet Drive,N/A,38006,Voluntary: Firm initiated,E-Mail,Nationwide,F-1655-2016,"Frozen chopped onions labeled as:    a) Kroger(R) CHOPPED ONIONS, RECIPE BEGINNINGS(R), NET WT 12 OZ (340g), UPC 11110 89791, DISTRIBUTED BY THE KROGER COMPANY, CINCINNATI, OH 45202    b) PICTSWEET(R) Chopped Onions, recipe helper, NET WT 10 OZ (283g), UPC 70560 96609, DISTRIBUTED BY THE PICTSWEET COMPANY, BELLS, TN 38006",81752 units,Products contain onions which were recalled for the possibility of Listeria monocytogenes contamination.,20160409,20160707,20170803,20160713,"a) UPC 11110 89791: Lot Codes:  0896BG, 0896BH, 0896BJ, 0896BK, 0896KA, 0896KB, 0956BA, 0956BB, 0956BC, 0956BD, 0956BG, 0956BJ    b) UPC 70560 96609: Lot Codes:  0826BA, 0826BB, 0826BC, 0826BD, 0826BE, 0826BF, 0826BG, 0826BH, 0906BA, 0906BB",
Terminated,Jamaica,NY,United States,Class II,Food,95061,American Spice LLC,10108 97th St,Apt 2R,11416-2549,Voluntary: Firm initiated,"Two or more of the following: Email, Fax, Letter, Press Release, Telephone, Visit",New York,F-1745-2024,Spice Class brand Ground Cinnamon packed in 7oz and 11oz PET jars,"1,224 units","Product contains elevated levels of lead (2,040ppb).",20240528,20240823,20251104,20240904,Expiration date: 12/2026,
Terminated,Chicago,IL,United States,Class I,Food,74929,Life Rising Corp                                    S,2131 S. Archer Avenue,Uite A,60616,Voluntary: Firm initiated,Telephone,"This product was shipped to IL, OK, FL, WI, MI, CA, MD, AR and CO. The firm did not ship any product to foreign consignees.",F-1725-2017,"The product is packaged in a white plastic bottle with green lettering. The label reads in part ""LIFE RISING DHZC-2, blood circulation regulator (lower abdomen), Chinese Herbal Supplement, 60 tablets, life rising to higher well being"", UPC: 616042102727","216 bottles, 60 tablets per bottle",The dietary supplement contains lead.,20160801,20170324,20190301,20170405,All lot codes,
Terminated,Oxnard,CA,United States,Class I,Food,93290,"Gills Onions, LLC",1051 Pacific Ave,,93030-7254,Voluntary: Firm initiated,"Two or more of the following: Email, Fax, Letter, Press Release, Telephone, Visit","Distributors in Canada   AB, BC, NB, NS, ON; and the United States   AZ, CA, CO, CT, FL, GA, IA, ID, IL, IN, KY, LA, MA, MD, ME, MI, MN, MO, MS, MT, NC, ND, NE, NM, NV, OH, OK, OR, PA, SC, TN, TX, UT, VA, WA and WI.",F-0346-2024,"Cross Valley Farms 4/5 LB CTN FRESH 1/8"" SLIVERED YELLOW ONIONS W/ZIPPER","6,400 lb",Potential contamination with Salmonella Thompson,20231023,20231108,20240920,20231115,Product 6514182006CV; Finished product lots: 223YAC2A1P205 223YAC2A2R202 223YAM4A1P220 223YAM4B1P213 223YAS3A1P207 223YAS3A1P209 223YAS3A1P215 223YAS3A1P219,
Terminated,San Francisco,CA,United States,Class II,Food,71144,"Poco Dolce Confections, Inc.",1020 Illinois St,N/A,94107-3120,Voluntary: Firm initiated,"Two or more of the following: Email, Fax, Letter, Press Release, Telephone, Visit","CA, AZ, CO. CT, DC, FL, GA, IL, MA, MD, MD, MI, NJ, NM, NY, OR, PA, UT and WA",F-2254-2015,"Poco Dolce Bittersweet Chocolate:  Ginger Tile, sea salt topped;  0.6 oz (17 grams)  San Francisco CA.  Ingredients:  Bittersweet Chocolate (Chocolate Liquor, Sugar, Cocoa Butter, Butter, Soy Lecithin, Pure Vanilla) Ginger, Sugar, Grey Sea Salt. May contain traces of peanuts, tree nuts or milk proteins.","34, 641 individual tiles, all varieties",California Department of Public Health conducted and inspection of the firm and found that milk was missing from the label as an ingredient of butter.,20150501,20150512,20150723,20150520,No codes,
Terminated,La Crosse,WI,United States,Class II,Food,73081,Kwik Trip Bakery,2306 Commerce St,,54603-1701,Voluntary: Firm initiated,E-Mail,"WI, MN, IA",F-0587-2016,"Filled Long Johns 9999954006,  540062, 28 per bulk tote.",approx. 288755.44 product counts for all products,"Kwik Trip, Inc. is recalling various bakery goods which might be contaminated with pieces of  plastic due to using plastic contaminated ice nuggets as an ingredient.",20160113,20160212,20170718,20160224,All lots manufactured prior to but not including 01/13/2016.,
Terminated,Miami,FL,United States,Class II,Food,92215,Borris Brothers,12254 Sw 131st Ave Unit 2,N/A,33186-6482,Voluntary: Firm initiated,"Two or more of the following: Email, Fax, Letter, Press Release, Telephone, Visit",U.S. distribution within state of Florida. No foreign distribution.,F-0881-2023,"Smoked Mahi Dip, Net Wt. 8oz and 48oz",95 containers of 8oz and 4 containers of 48oz,Undeclared Yellow #5,20230413,20230511,20230622,20230517,Batch #3-401,
Terminated,Chicago,IL,United States,Class II,Food,87840,Newly Weds Foods Inc,4140 W Fullerton Ave,N/A,60639-2106,Voluntary: Firm initiated,E-Mail,"Manufacturers and distributors located in ALABAMA, ARKANSAS, CALIFORNIA, CONNECTICUT, FLORIDA, GEORGIA, ILLINOIS, IOWA, KANSAS, LOUISIANA, MISSISSIPPI, MISSOURI, NEW YORK, TENNESSEE, TEXAS, VIRGINIA, and MEXICO.",F-0523-2021,"Newly Weds B70731 bread crumbs X1, 25lbs bag",489 bags,Foreign material,20210427,20210518,20220209,20210526,Lot numbers:  MS040421J,
Terminated,Chicago,IL,United States,Class II,Food,87840,Newly Weds Foods Inc,4140 W Fullerton Ave,N/A,60639-2106,Voluntary: Firm initiated,E-Mail,"Manufacturers and distributors located in ALABAMA, ARKANSAS, CALIFORNIA, CONNECTICUT, FLORIDA, GEORGIA, ILLINOIS, IOWA, KANSAS, LOUISIANA, MISSISSIPPI, MISSOURI, NEW YORK, TENNESSEE, TEXAS, VIRGINIA, and MEXICO.",F-0521-2021,"Newly Weds B70709 breader crumbs X3, 40lbs bag",142 bags,Foreign material,20210427,20210518,20220209,20210526,Lot numbers:  MS040321J,
Terminated,Portsmouth,NH,United States,Class II,Food,77489,High Liner Foods Inc.,1 Highliner Ave,N/A,03801-4146,Voluntary: Firm initiated,"Two or more of the following: Email, Fax, Letter, Press Release, Telephone, Visit",Nationwide,F-2767-2017,"HFS 10/6lb Crunchy Row Breaded Cod Rectangles 3 oz.,  Item Number: 10002800","693,408 cases (total for all products)",Product may contain undeclared milk.,20170609,20170815,20171214,20170823,Lot Number: 0047038220; 0047121120; 0047009121,
Terminated,Houston,TX,United States,Class I,Food,78071,"Country Fresh Products, LLC",2008 W W Thorne Blvd,N/A,77073-3302,Voluntary: Firm initiated,"Two or more of the following: Email, Fax, Letter, Press Release, Telephone, Visit","Alabama, Florida, Georgia, Louisiana, and Mississippi",F-3606-2017,"Tri-Pepper Dice, 6-oz. packaged in a clamshell and Dice Tri-Pepper, 7-oz. packaged in a clamshell",Unknown,Potential contamination with Listeria monocytogenes.,20170902,20170928,20171213,20171004,Use by date range 8/12-19/2017 and Use by date range 8/13-20/2017,
Terminated,Albuquerque,NM,United States,Class II,Food,92936,"Vitality Works, Inc",8500 Bluewater Rd NW,N/A,87121-1958,Voluntary: Firm initiated,"Two or more of the following: Email, Fax, Letter, Press Release, Telephone, Visit","55 Retail customers, representing 284 individual stores.  All customers are located within the United States. There is no foreign distribution. There is no distribution to US Government agencies or departments. Distribution is by small parcel shipper (UPS, FedEx).  Distribution Chain Notification Date: August 24, 2023",F-1563-2023,"100 vegetarian  Fenugreek Capsules 90 count, 600mg, packaged in 150cc Amber Glass Packer  with White Polypropylene Cap.","1,025 bottles (total)",Foreign material: pieces of a pen (writing utensil).,20230822,20230922,20231113,20231004,Lot 2023-06871  (Lot numbers are generated by our ERP system and use the 4-digit year followed by a 5-digit sequential number.) Expires: 07/2028 Bottom Code: FENUGRK PCAP 202306871 EXP 07/28,
Terminated,Palmyra,PA,United States,Class II,Food,81465,ASK Foods Inc,77 N Hetrick Ave,,17078-1501,Voluntary: Firm initiated,E-Mail,"Product Distributed in the following States AL, AK, CT, DL, FL, GA, IL, ID, KT, LA, MD, MA, MI, NJ, NY ,NC , OH, PA, SC, TN, VA, WV",F-0746-2019,"ASK Foods Inc. Naturally Creative Firecracker Slaw, 3.75 lb. Bulk Container sold from the deli",313 Cases,Products recalled due to potential contamination with Listeria monocytogenes or Salmonella.,20181023,20181220,20181220,20181226,2852-734,
Terminated,Los Angeles,CA,United States,Class I,Food,72907,Ocean Group Inc.,1100 S Santa Fe Ave,N/A,90021-1743,Voluntary: Firm initiated,Letter,U.S. distribution in CA only (Los Angeles and San Diego).  No foreign distribution.,F-0533-2016,Masago Lake Smelt Roe  6 oz.  UPC Code:4866010101,504 Packages,Product contains undeclared soy and wheat.,20151216,20160202,20160316,20160210,N/A,
Terminated,Brenham,TX,United States,Class I,Food,70738,"Blue Bell Creameries, L.P.",1101 S Blue Bell Rd,,77833-4413,Voluntary: Firm initiated,"Two or more of the following: Email, Fax, Letter, Press Release, Telephone, Visit","FL, GA, SC, NC, VA, OH, KY, TN, AL, MS, IN, IL, MT, AR, LA, TX, Ok, KS, NM, CO, WY, AZ, NV and Bermuda, Belize, Saudia Arabia, Yemen, Oman, UAE, Qatar, Egypt, Jordan, Kuwait, Dominican Republic, Panama, Turks and Caicos, Haiti, Trinadad and Tobago, Puerto Rico, Chile, Peru, China, Mexico, Philippines, Tortola, St. Thomas and St. Croix, Anguilla, St, Kitts and Nevis, Montserrat, and Dominica",F-2693-2015,DZ Lime Fruit Bar - Single Serve Snack; 6 Pak Lime Fruit Bars,"1,412,840 units",Five patients who were treated in a single hospital in Kansas were infected with one of four rare strains of Listeria monocytogenes.,20150313,20150619,20161103,20150701,all lot codes within expiry,
Terminated,Milwaukee,WI,United States,Class I,Food,62707,"Garden-Fresh Foods, Inc.",726 S 12th St.,N/A,53204-1211,Voluntary: Firm initiated,Letter,AZ  CA  FL  IA  IL  IN  MA  MI  MN  MO  OH  PA  TX  WI,F-2242-2012,"Finest Traditions Blue Cheese Potato Salad, 8 lb., 10 733147 10137 4",N/A,"Recalled salads, slaw, salsa, bean and dips contained onions that were recalled by Gills Onions due to potential Listeria monocytogenes contamination.",20120727,20120907,20121115,20120919,"38760, 08/01/12-08/08/12          Acme Homestyle Potato Salad, 4209, 8/14/2012-8/17/2012",
Terminated,Chesterfield,MO,United States,Class I,Food,77665,"Dierbergs Markets, Inc Corporate Office",16690 Swingley Ridge Rd,N/A,63017-0758,Voluntary: Firm initiated,Press Release,Product was distributed to the firm's retail grocery stores in eastern Missouri and western Missouri.,F-2949-2017,"Dierbergs Kitchen, Grilled Chicken Caesar Wrap, NET WT. 10 oz, UPC 0 233983 804994",149 shelf packages,Undeclared anchovy in wraps.,20170628,20170727,20170809,20170802,7/2/17 and earlier.,
Terminated,Sacramento,CA,United States,Class II,Food,74394,"H.P. Hood, LLC",8340 Belvedere Ave,,95826-5902,Voluntary: Firm initiated,Telephone,"USA, Canada, Australia and south Africa",F-0339-2017,"Muscle Milk 14 oz, 25 g protein.  Vanilla Creme    UPC (case):  8-76063-00222-6;    UPC (unit):  8-76063-00202-8",132597 cases; 12 x 14 oz. containers,Products recalled due to premature spoilage (swelled containers & foul odor).,20160609,20161107,20170213,20161116,"HP Hood lot numbers: A15335, B15336, A16008, B16009, B16042, C16043  A16046, A16059, A16060, B16061, B16105, C16106, C16127, D16128  A16157, B16158, B15350, C16046, A15349, C16102, C16135, D16136  C16158",
Terminated,Beaverton,OR,United States,Class I,Food,66563,"Reser's Fine Foods, Inc.",15570 SW Jenkins Road,N/A,97006,Voluntary: Firm initiated,"Two or more of the following: Email, Fax, Letter, Press Release, Telephone, Visit","Distribution was made to AL, AR, AZ, CA, CO, CT, DE, FL, GA, HI, IA, IL, IN, KS, KY, LA, MA, MD, ME, MI, MO, MS, NC, NE, NH, NJ, NM, NV, NY, OH, OK, OR, PA, SC, SD, TN, TX, VA, WI, WV AND WY.   Distribution was also made to Canada.",F-0288-2014,"Reser's Homestyle Recipe Potato Salad with Egg, Formula PO.81, packaged  in 2/8-lb carton cases. Reser's Fine Foods, Inc., Beaverton, OR.",N/A,The recalled products are potentially contaminated with Listeria monocytogenes.,20131022,20131224,20170124,20140101,Use by dates 10/11/13-11/29/13.,
Terminated,Honolulu,HI,United States,Class II,Food,82877,Regal Food Inc./dba The Pizza Shop,3040 Ualena St,N/A,96819-1984,Voluntary: Firm initiated,Letter,HI only - island of Oahu,F-1459-2019,"Regal's Fundraising Cookies: Cornflake flavor.  Net Weight 12 oz. (340 grams).    All varieties have the same ingredient list:  Flour, Sugar, Cotton Seed Oil, Butter Blend, Chocolate Chips, Salted Butter, Vanilla Extract, Salt, Baking Soda.    Regal Foods,  Honolulu, HI  www.regalfoodsusa.com",N/A,"FDA inspection found that allergen sub ingredients are not declared on the label - wheat, soy, milk.",20190515,20190614,20191119,20190626,all manufacturing codes - i.e.05/02/19,
Terminated,Portales,NM,United States,Class I,Food,63257,"Sunland, Incorporated",42593 US Highway 70,N/A,88130-9043,Voluntary: Firm initiated,Press Release,National distribution under various brand names including all 50 U.S. States with some international distribution Hong Kong.,F-0369-2013,"Sunland Creamy Peanut Butter with Sea Salt, 40 oz, UPC 4868709915, Gluten Free, Produced by Sunland Inc, Portales, NM 88130.","20,463 x 40 oz","Sunland, Inc. is conducting a voluntary limited recall of its Almond, Peanut, and Cashew Butter products and Tahini and Roasted Blanched Peanut Products, manufactured between May 1, 2010 and September 24, 2012, because these products may be contaminated with Salmonella.",20120924,20121023,20141001,20121031,"Best-If-Used-By Dates between May 1, 2011 and September 24, 2013.",
Terminated,Sunrise,FL,United States,Class II,Food,81215,NUTRANEXT BUSINESS LLC,1301 Swgrs Corp Pkwy,,33323-2813,Voluntary: Firm initiated,E-Mail,US and Foreign Consignees only. No government consignees.,F-0412-2019,Internal Cleansing Kit Peppermint,2387 pkgs,"Routine quality testing identified elevated levels of lead above applicable 2232 levels, which may pose potential health risks to a portion of the population.",20181001,20181108,20190702,20181114,Batch #  SC69  SC69  SC68  SC69  SC68  SC68  SC65  SC66  SC65  SC65  SC629  SC613  SC607  SC587  SC583  SC576  SC566  SC560  SC556  SC543  SC532  SC527  SC519  SC507,
Terminated,Kearns,UT,United States,Class I,Food,78866,"Condies Foods, Inc.",4850 S 5300 W,N/A,84118-6383,Voluntary: Firm initiated,"Two or more of the following: Email, Fax, Letter, Press Release, Telephone, Visit","Distributed to Coremark's 124 stores around the region (Nevada, Arizona, Idaho, Wyoming, Colorado, Nebraska, Utah).",F-0683-2018,"Condies Foods Fresh Fruit, Item Number 40781, UPC  50777222655",166 cases,Condies Foods is recalling Veggie Cups due to undeclared milk and egg.,20180102,20180130,20180412,20180131,"USE THRU 01/05/2018,",
Terminated,Prosper,TX,United States,Class II,Food,96878,NatureMills US Incorporated,550 Industry Way,,75078-2380,Voluntary: Firm initiated,"Two or more of the following: Email, Fax, Letter, Press Release, Telephone, Visit",Product is distributed throughout the USA via the firm's website.,H-0076-2025,"Nature Mills Vallarai Rice Mix, 200g",6712 units total,Undeclared  wheat allergens,20250513,20250625,20260225,20250702,VRMIXG (Best By OCT-2025) VRMXIIG (Best By JAN-2026) VRMVH (Best By JUN-2026),
Terminated,Portsmouth,NH,United States,Class II,Food,77489,High Liner Foods Inc.,1 Highliner Ave,N/A,03801-4146,Voluntary: Firm initiated,"Two or more of the following: Email, Fax, Letter, Press Release, Telephone, Visit",Nationwide,F-2632-2017,HLSC 12/10oz Summer Herb Crusted Cod Item Number:    1029449,"693,408 cases (total for all products)",Product may contain undeclared milk.,20170609,20170815,20171214,20170823,Lot Number: 0027056190; 0027056290; 0027114190; 0027115290,
Terminated,La Crosse,WI,United States,Class I,Food,79632,"Kwik Trip, Inc.",1626 Oak St,,54603-2308,Voluntary: Firm initiated,"Two or more of the following: Email, Fax, Letter, Press Release, Telephone, Visit","IA, MN, WI",F-1110-2018,"Kitchen's Cravings Egg Salad Sandwich on Oat Multigrain Bread.  Net Wt. 5.5 oz. (156g),  Black bottom clear top plastic clamshell container, UPC 39779-00079   Keep Refrigerated.","4,957 units",Kwik Trip is recalling Kitchen's Cravings Premium Egg Salad Sandwich on Oat Multigrain Bread because it may contain undeclared fish and shellfish.,20180323,20180419,20180807,20180425,"Sell By dates:  3/25/18, 3/26/18, 3/27/18, 3/28/18, 3/29/18",
Terminated,Cincinnati,OH,United States,Class II,Food,76865,Givaudan Flavours Corp,1199 Edison Dr,N/A,45216-2265,Voluntary: Firm initiated,Telephone,"Product was shipped to IL, OH & MO",F-2198-2017,"SJ TACO Net Wgt: 44.5 LBS INGREDIENTS: Spices including Chili Pepper, Garlic Powder, Sugar, Paprika***Wheat Flour***CONTAINS: SOY, WHEAT spicetec¿ FLAVORS & SEASONINGS 6 Santa Fe Way Cranbury, NJ 08512 (800) 345-7742",41/44.5 lb bags,During an internal investigation the firm discovered that an ingredient used in various spices may contain Salmonella.,20170327,20170505,20171218,20170517,"Item 615040000, Lot #1702394843 PRODUCTION DATE 1/25/2017",
Terminated,Troy,MI,United States,Class II,Food,68422,"Good Herbs, Inc.",550 Oliver Dr,N/A,48084-5468,Voluntary: Firm initiated,Letter,"National: AZ, CA, CT, FL, IN, ME, MI, MO, MS, NC, NH, NY, OH, OR, RI, TX, VA & WY  International: None reported",F-0441-2015,"Good Herbs, Inc., WELLNESS PLUS, 1 oz bottle, 550 Oliver Dr Troy, MI 48084 The Quality Herb That Works",Approximately 1204 total units for all products,Products not manufactured under GMP's,20140505,20141030,20160203,20141105,"All Lots distributed on or after October 17, 2013",
Terminated,El Paso,TX,United States,Class II,Food,92844,Mount Franklin Foods LLC DBA Azar Nut Co.,1800 Northwestern Dr,,79912-1122,Voluntary: Firm initiated,E-Mail,Nationwide,F-1517-2023,"Power Snacks Honey Roasted Sunflower Kernels, Net Wt 1 oz; UPC 076500722025","88,084 total",Potential to contain undeclared soy and/or wheat allergen due to mislabeling.,20230816,20230915,20250210,20230927,"Best Used By: 3/21/2024, 3/23/2024, 3/24/2024, 3/26/2024, 3/27/2024, 4/4/2024, 4/5/2024, 4/6/2024, 4/7/2024, 4/11/2024, 4/12/2024, 4/13/2024, 6/12/2024",
Terminated,Brenham,TX,United States,Class I,Food,70738,"Blue Bell Creameries, L.P.",1101 S Blue Bell Rd,,77833-4413,Voluntary: Firm initiated,"Two or more of the following: Email, Fax, Letter, Press Release, Telephone, Visit","FL, GA, SC, NC, VA, OH, KY, TN, AL, MS, IN, IL, MT, AR, LA, TX, Ok, KS, NM, CO, WY, AZ, NV and Bermuda, Belize, Saudia Arabia, Yemen, Oman, UAE, Qatar, Egypt, Jordan, Kuwait, Dominican Republic, Panama, Turks and Caicos, Haiti, Trinadad and Tobago, Puerto Rico, Chile, Peru, China, Mexico, Philippines, Tortola, St. Thomas and St. Croix, Anguilla, St, Kitts and Nevis, Montserrat, and Dominica",F-2690-2015,DZ Coconut Bar- Single Serve Snack and 6 Pak Coconut Fruit Bars and 6 Pak Dipped Coconut Fruit Bars,"3,216,470 units",Five patients who were treated in a single hospital in Kansas were infected with one of four rare strains of Listeria monocytogenes.,20150313,20150619,20161103,20150701,all lot codes within expiry,
Terminated,Portales,NM,United States,Class I,Food,63257,"Sunland, Incorporated",42593 US Highway 70,N/A,88130-9043,Voluntary: Firm initiated,Press Release,National distribution under various brand names including all 50 U.S. States with some international distribution Hong Kong.,F-0370-2013,"Sunland Creamy Peanut Butter, 12 oz, UPC 4868726910; 5 lb UPC 22704; 40 lb UPC 22705; 40 lb UPC 22725; 500 lb UPC 26527; 18 oz UPC 4868726909; 15 lb 4868732722; 500 lb UPC 36527; 30 lb UPC 47730; 40 lb UPC 081725; 35 lb UPC 4868786724; 50 lb UPC 086301.  Produced by Sunland Inc, Portales, NM 88130","953,932 units","Sunland, Inc. is conducting a voluntary limited recall of its Almond Butter and Peanut Butter products, manufactured between May 1, 2010 and September 24, 2012, because these products may be contaminated with Salmonella.",20120924,20121023,20141001,20121031,"Best-If-Used-By Dates between May 1, 2011 and September 24, 2013.",
Terminated,Columbus,OH,United States,Class I,Food,71170,Jeni's Splendid Ice Creams LLC,401 N Front St Ste 300,N/A,43215-2263,Voluntary: Firm initiated,"Two or more of the following: Email, Fax, Letter, Press Release, Telephone, Visit","National: AZ, CA, CO, CT, DE, FL, GA, IA, IN, KY, NH, NY, OH, OR, PA, TX, WA & WI. International: None reported.",F-3212-2015,"Beet + Grapefruit Shrub Sorbet Pint Case, 205, Jeni's Splendid Ice Creams, LLC, pint size, plastic container, 8 pints per case, frozen.    Beet + Grapefruit Shrub Ssorbet Pint, Jeni's Splendid Ice Creams, LLC, pint size, plastic container, individually packed, frozen.","Approximately 1,513,227 total units for all pint sized products.",Product may be contaminated with Listeria monocytogenes.,20150422,20150909,20151106,20150916,"All lots distributed were between July 1, 2013 and April 22, 2015.",
Terminated,Riviera Beach,FL,United States,Class III,Food,79823,"Italian Rose Garlic Products, LLC",1380 W 15th St,N/A,33404-5310,Voluntary: Firm initiated,Letter,Florida consignees only.,F-1135-2018,"ITALIAN ROSE GARLIC SPREAD, Gluten Free, NET WT. 35 LB (16 kg), www.italian-rose.com, Riviera Beach, FL 33404",842 pails,"During a FDA inspection, it was disclosed that the firm is not documenting the mixing time of the product nor is pH monitoring for each kettle/batch mixed being conducted. The product is a shelf stable garlic spread.",20180406,20180426,20180823,20180502,"P-1-06517-6A, Exp Date 03/06/2018; P-1-06717-6A, Exp Date 03/08/2018;  P-1-07417-7A, Exp. Date 03/15/2018; P-1-11717-11A, Exp Date 04/27/2018; P-1-12417-4A, Exp Date  05/04/2018; P-1-12917-4A, Exp Date 05/09/2018; P-1-15617-4D, Exp Date 06/05/2018; P-1-18017-4A, Exp Date 06/29/2018; P-1-20517-3A, Exp Date 07/24/2018; P-1-21317-1A, Exp Date 08/01/2018; P-1-25717-8A, Exp Date 9/14/2018; P-1-29417-1A, Exp. Date 10/21/2018; P-1-34317-3A, Exp Date 12/09/2018; P-1-35417-1A, Exp Date 2/20/2018; P-1-03218-5A, Exp Date 02/01/2019; P-1-05018-4A, Exp Date 02/19/2019",
Terminated,Leominster,MA,United States,Class II,Food,81737,DAHLICIOUS,320 Hamilton St,N/A,01453-2373,Voluntary: Firm initiated,Telephone,XX,F-1172-2019,"DAHlicious ORGANIC Lassi India -Style DRINKABLE YOGURT, Grassland Plain, , 32 FL OZ (946 mL), UPC: 7 93573 01459 7",2175 units (bottles)/362 cases,Product was improperly pasteurized.,20181211,20190315,20190405,20190327,Lot: 2018317-1,
Terminated,Austin,TX,United States,Class I,Food,95905,HARDIES FRESH FOODS,9715,9715,78708,Voluntary: Firm initiated,E-Mail,Texas,F-0399-2025,"14019 Cucumber Select 6 CT, 01034 Cucumber Select 5# packaged in polybags Dairyland Produce, LLC","3,607 bags",Cucumbers have the potential to be contaminated with Salmonella,20241127,20250114,20260211,20250122,PRODUCT DESCRIPTION LOT CUCUMBER SELECT                  5# X2377626 CUCUMBER SELECT                  5# X2377665 CUCUMBER SELECT                  5# X2378321 CUCUMBER SELECT                  5# X2378322 CUCUMBER SELECT                  5# X2378323 CUCUMBER SELECT                  5# X2378451 CUCUMBER SELECT                  5# X2378845 CUCUMBER SELECT                  5# X2378846 CUCUMBER SELECT                  5# X2378878 CUCUMBER SELECT                  5# X2378986 CUCUMBER SELECT                  5# X2379632 CUCUMBER SELECT                  5# X2380656 CUCUMBER SELECT                  5# X2381011 CUCUMBER SELECT                  5# X2381079 CUCUMBER SELECT                  5# X2381084 CUCUMBER SELECT                  5# X2381089 CUCUMBER SELECT                  5# X2381311 CUCUMBER SELECT                  5# X2381629 CUCUMBER SELECT                  5# X2381657 CUCUMBER SELECT                  5# X2381669 CUCUMBER SELECT                  5# X2381684 CUCUMBER SELECT                  5# X2382260 CUCUMBER SELECT                  5# X2382301 CUCUMBER SELECT                  5# X2382330 CUCUMBER SELECT                  5# X2382712 CUCUMBER SELECT                  5# X2383350 CUCUMBER SELECT                  5# X2383437 CUCUMBER SELECT                  5# X2384557 CUCUMBER SELECT                  5# X2384586  CUCUMBER SELECT                6 CT X2377074 CUCUMBER SELECT                6 CT X2379602 CUCUMBER SELECT                6 CT X2381000 CUCUMBER SELECT                6 CT X2381080 CUCUMBER SELECT                6 CT X2383400 CUCUMBER SELECT                6 CT X2384557 CUCUMBER SELECT                6 CT X2384587,
Terminated,Chicago,IL,United States,Class I,Food,69702,Wholesome Soy Products,1150 W 40th St,,60609-2505,Voluntary: Firm initiated,Telephone,US: IL,F-0615-2016,"Mung bean sprouts packaged in 10 lb., 15 lb., and 30 lb. plastic bags.","110,000 lbs. of mung bean sprouts",Listeria monocytogenes was found in the mung bean sprouts and the area where the sprouts are produced.,20140829,20160217,20160413,20160224,There are no product or production codes associated with these products.,
Terminated,Warren,ME,United States,Class I,Food,63260,"Maine Natural Health, Inc.",825 Atlantic Hwy,,04864-4617,Voluntary: Firm initiated,Press Release,Nationwide,F-0480-2015,"Endurance Daily Vanilla Dietary Supplement  Packaged under the label:  Stronger Faster Healthier and Mainer Whey  Packaged in: 2 lb (32 oz), 10 oz. and 30 gram sizes",1032 units,Protein supplement fails to declare allergen milk,20120921,20141112,20150302,20141119,All lots codes that fail to declare the allergen  milk,
Terminated,Reno,NV,United States,Class III,Food,82010,"ProThera, Inc. dba SFI USA",795 Trademark Dr,,89521-5920,Voluntary: Firm initiated,"Two or more of the following: Email, Fax, Letter, Press Release, Telephone, Visit",One customer in KS.,F-1101-2019,Klaire Labs Melatonin Lozenge Formula  Fast Dissolving 1 mg tablets;  Packed in a 75 cc HDPE Bottle  60 Tablets  UPC: 8 28054 17845 8;  SKU: ML1,120 bottles,Small quantity of product labeled as Melatonin Lozenge Formula were filled with L-Theanine.,20190117,20190227,20190326,20190306,FG Lot 2018410057;  Expiration Date 8/2020,
Terminated,Brooklyn,NY,United States,Class I,Food,83624,Great One Trading Inc.,4120 2nd Ave,,11232-3315,Voluntary: Firm initiated,"Two or more of the following: Email, Fax, Letter, Press Release, Telephone, Visit","Products were distributed in: MA, PA, CT",F-0003-2020,"QQ Fish brand Mushroom Fish Ball, 200g","40 cartons; 50-200g packets/carton; total: 2,000 packets","Products contain undeclared allergen, specifically egg.",20190822,20191002,20200804,20190918,UPC: 8 886325 910123; Exp: 01/19/2020,
Terminated,Largo,FL,United States,Class I,Food,96657,Supplement Manufacturing Partner Inc.,12333 Enterprise Blvd,N/A,33773-2710,Voluntary: Firm initiated,"Two or more of the following: Email, Fax, Letter, Press Release, Telephone, Visit",Product was distributed throughout the United States and Germany.,F-0729-2025,"Spermidine, Maximum Strength, 10 mg per serving, Support healthy Aging, Dietary Supplement, 120 Capsules, oral consumption, shelf life: 24 months, PETE/White/150cc Plastic bottle/lid, 120 count.Supplement Facts: Spermidine 3HCL 10mg*** Other Ingredients: Hydroxypropyl Methylcellulose, Rice Flour","6,465 bottles",Undeclared allergen: Wheat,20250404,20250422,20250903,20250430,Lot 12792402-44,
Terminated,Westfield,MA,United States,Class II,Food,83178,"C & S Wholesale Grocers, Inc.",53 Summit Lock Road,53 Medieros Way,01085-9777,Voluntary: Firm initiated,Telephone,"Two Target Stores 1. 98 Veterans Memorial Highway in Commack, New York 2. 160 North Research Place in Central Islip, New York",F-1641-2019,"CALIFIA FARMS XX ESPRESSO COLD BREW COFFEE - 48 FL OZ, UPC: 5290900349",Unknown,Products were not held at an appropriate temperature due to a mechanical malfunction during transportation.,20190617,20190724,20190731,20190731,"Exact codes are unknown. The product being recalled was sold on June 17, 2019 at Target Stores in Commack, NY and Central Islip, NY.",
Terminated,Walton,NY,United States,Class I,Food,76649,Vulto Creamery,44 West St,N/A,13856-1479,Voluntary: Firm initiated,Letter,"Nationwide with most being sold at retail locations in the Northeastern and Mid-Atlantic States, California, Chicago IL, Portland Oregon and Washington, DC.",F-1859-2017,"artisanal cheese VULTO Creamery HANDMADE CHEESE, Walton Umber, NET WT. 4 lbs",484 wheels,Listeria monocytogenes contamination,20170303,20170404,20190614,20170412,all lots,
Terminated,Pittsburgh,PA,United States,Class I,Food,70792,"Giant Eagle, Inc.",101 Kappa Dr,N/A,15238-2809,Voluntary: Firm initiated,E-Mail,MD OH PA WV,F-2187-2015,"Apricot Filled Cookie OTC  Sell By: (all dates up to) 3/23/2015  Net WT. 1 OZ  Contains:Egg, Wheat, Soy  ;   Cookies affected are only sold direct from bakery counter and packaged at time per customer request and packed either in clam shell plastic or wax paper.  ;   Net Weight on label may differ depending on number of cookies a customer requested. Net Weights listed above are for 1 cookie.",Apricot Filled 2731 cookies,"On 3/20/2015, it was discovered that the labels for Apricot Filled Cookie, served over the counter at retail Eagle and affiliate stores, did not declare the milk allergen. Milk was not included on the labels which state ""contains: egg, wheat, soy.""",20150320,20150604,20150817,20150610,all dates up to 3/23/2015,
Terminated,Warrensburg,NY,United States,Class I,Food,67843,"Oscar's Hickory House, Inc.",22 Raymond Ln,,12885-1108,Voluntary: Firm initiated,Press Release,Nationwide through internet mail order sales and to NY retail stores,F-0066-2015,"OSCAR'S SMOKE HOUSE GARLIC CHEDDAR SPREAD, NET WT 7 OZS, keep refrigerated.  Distributed by: Oscar's Smoke House Warrensburg, NY 12885.","2,107 units",Products were recalled due to potential Listeria monocytogenes contamination.,20140326,20141022,20180608,20141029,lot numbers: 719-959,
Terminated,Gastonia,NC,United States,Class I,Food,63222,3fish Inc.,700 Tulip Dr,N/A,28052-1893,Voluntary: Firm initiated,"Two or more of the following: Email, Fax, Letter, Press Release, Telephone, Visit",NC and SC,F-0046-2013,"Harris Teeter, Stuffed Tilapia 8ct (Fresh)",234 lbs (8ct/lb),Products were manufactured with diced onions that were recalled due to Listeria monocytogenes contamination.,20120907,20121009,20140211,20121017,"Item #79203, Lot #22YAW1A1235 (Diced Yellow Onions)",
Terminated,Bagdad,FL,United States,Class II,Food,78927,Hom'ade Foods,4641 Forsyth St,,32530-9401,Voluntary: Firm initiated,"Two or more of the following: Email, Fax, Letter, Press Release, Telephone, Visit",US distribution only.,F-0693-2018,"Mary B's Thins , 22 Biscuits, NET WT. 28.3 oz (1LB 12.3 OZ) 810g","562,302 Cases Total",Products have the potential to be contaminated with Listeria monocytogenes.,20180108,20180131,20190424,20180207,"All  Best If Used By  dates before September 23, 2018 and with the letter ""M"" immediately after the dates",
Terminated,Fargo,ND,United States,Class II,Food,73467,"Specialty Commodities, Inc.",1530 47th St NW,N/A,58102-2858,Voluntary: Firm initiated,Telephone,"CO, AZ, and CA. See distribution spreadsheet in the attached email.",F-1084-2016,"Almonds, dry roasted, not salted, packaged in 25 lb. cardboard cartons",394 cases (9850 lbs.),Cashews were mixed with almonds but allergen was not declared on outside packaging.,20160301,20160420,20180207,20160427,Item number ALMO-033; Manufacturer lot number 1050188-1-16007 (on container label); Warehouse lot number LV0206674,
Terminated,Coral Gables,FL,United States,Class II,Food,94530,"CN Frozen Foods, INC",2330 Ponce De Leon Blvd,N/A,33134-5417,Voluntary: Firm initiated,E-Mail,Product was only sold in Texas.,F-1243-2024,Sysco Classic Riced Cauliflower packed in a 4lb plastic bag (6 units of 4 lb. per carton box).,"3,240 cases",Riced Cauliflower tested positive for Listeria monocytogenes.,20240427,20240515,20240624,20240522,Manufacture #: 30.05.2023  Best Buy Date: 05/2025 Reorder #: 5087729,
Terminated,Beloit,WI,United States,Class II,Food,62019,Kerry Foods,3400 Millington RD,"Beloit, WI 53511 USA",53511-9554,Voluntary: Firm initiated,E-Mail,"AZ, CA, MN, NV, NC, OR, IL, IN, MO, NE, OH, PA, TN, TX, WI.    CANADA, CHILE",F-1503-2012,"KERRY, CULTURED NF BUTTERMILK 986, CODE 031001.010,  CONTAINS MILK,  Item # I2868.465 ,  Net Wt 50 Lb (22.68 Kg)",2400 BG,Kerry has decided to voluntarily recall its lactic acid containing products because they are contaminated with  metal fragments.,20120601,20120618,20130131,20120627,0416205402  0417205401  0418205401,
Terminated,Buffalo,NY,United States,Class III,Food,92770,"The Sausage Maker, Inc.",1500 Clinton St Bldg 7,,14206-3015,Voluntary: Firm initiated,"Two or more of the following: Email, Fax, Letter, Press Release, Telephone, Visit",online orders nationwide,F-0405-2024,The Sausage Maker Instacure #1,995 lbs.,Contains Sodium Nitrite recalled for potential metal contamination,20230725,20231109,20250410,20231115,Lot 30508DA010  Manf. 5/8/23 Cat No. 11-1013,
Terminated,Oakland,CA,United States,Class II,Food,82520,Impossible Foods,550 85th Ave,N/A,94621-1304,Voluntary: Firm initiated,Letter,"CA, MD, NV, WA, ID, UT, MT,",F-1274-2019,"Impossible Foods Bulk, 5 lb. vacuum sealed plastic-pack.  Keep Frozen;  This is a plant product that is looks like and is used like ground beef.  UPC: (01) 00816697020036;  Item # 60-00010","1,649 cases ( 4 x 5 lbs. packs per case)",Piece of plastic was found in bulk product.,20190321,20190410,20190417,20190417,"OAK-19-050-001;  Best is Used by June 19, 2019",
Terminated,Inglewood,CA,United States,Class II,Food,88824,Chocolate and the Chip,705 Vesta St,N/A,90302-3316,Voluntary: Firm initiated,Press Release,Nationwide distribution,F-0043-2022,"Chocolate & the Chip  Boozy Banana Walnut:  Cookies: 4 oz / 114 grams per pack. Cookies are packaged in uniform pairs in a food grade clear resealable bag and label  Corrected Ingredients: Not provided    Labels found during the inspection had undeclared wheat, milk, soy sulfites. Firm had listed ingredients on packaging but what was missing were the sub ingredients and allergen containment.",3000 units (total),Inspection by the California Department of Public Health found undeclared allergens in numerous bakery products.,20211005,20211020,20211130,20211027,"Product manufactured from July 1, 2021 to 9-30-21.",
Terminated,Edison,NJ,United States,Class I,Food,74089,United Natural Trading,96 Executive Ave,,08817-6016,Voluntary: Firm initiated,Telephone,nationwide,F-2346-2016,"Woodstock Farms Mfg. Cape Cod Cranberry Mix Net Wt. 25 Lbs.  Distributed by Woodstock Farms Mfg. Edison, NJ 08817  UPC C250575",107 cases,Walnut pieces may be contaminated with Listeria monoctyogenes which was determined through Third Party Sampling.,20160506,20160919,20170614,20160928,"Lot #16109, #16097  Best by 09/17/16",
Terminated,Marietta,GA,United States,Class II,Food,91329,Something South African LLC,825 Franklin Ct Se Ste B,N/A,30067-8944,Voluntary: Firm initiated,E-Mail,nationwide,F-0263-2023,"Pepper Collection 8 Tube Gift Set - a colorful assortment of dried peppers.  This product contains peppers in 8 different glass tube and packaged in a printed paperboard sleeve and are visible through a window in the sleeve. Net wt. is 4.87oz/138g. The UPC is 6 009686 793712.  Packed in South Africa. US Importer: Something South African, LLC Seattle WA 98199, Email: info@somethingsouthafrican.net.",4200 units,Due to presence of mold (Aspergillus brasiliensis) and Ochratoxin A.,20221212,20230113,20230424,20230125,BBE: JUN/2024. Batch: 494951 -T,
Terminated,Harrison,OH,United States,Class I,Food,66262,JTM Provisions Co Inc,200 Sales Ave,N/A,45030-1485,Voluntary: Firm initiated,"Two or more of the following: Email, Fax, Letter, Press Release, Telephone, Visit",Product was shipped to one manufacturer in MN.,F-1902-2013,"Bean & Cheese Burrito Filling, 10 lb bags Labeled in part ""13210 B 1 77220 13:38 KEEP FROZEN BEAN & CHEESE BURRITO FILLING***INGREDIENTS: COOKED PINTO BEANS, WATER, CHEDDAR CHEESE***SOYBEAN OIL***STARCH-MODIFIED, ONIONS, CHEESE SAUCE BASE***CONTAINS LESS THAN 2% OF CHILI PEPPER, SALT, CHICKEN BASE***SODIUM PHOSPHATES, SPICE, CARAMEL COLOR DEHYDRATED, GARLIC, ANNATTTO EXTRACT.""  CONTAINS: Soy, Milk, Wheat JTM Food Group 200 Sales Dr. Harrison, OH 45030 Phone 800.626.2308.",821 cases/3/10 lb bags,Undeclared eggs in the product.  The firm was notified by their customer that the product contains pasta.  The pasta contains eggs which is not declared on the label.,20130911,20130919,20140115,20130925,Lot #13210 B 1 77220 13:38,
Terminated,Auburn,WA,United States,Class I,Food,63217,Floyd Peterson Company Inc.,1102 D St NE,N/A,98002-4015,Voluntary: Firm initiated,"Two or more of the following: Email, Fax, Letter, Press Release, Telephone, Visit","Product distributed to distributors, retailers, and restaurants in Oregon and Washington.",F-0122-2013,"Ricotta Salata Frescolina Brand Soft Cheese.  Product is packaged in a retail package, wedge shaped, size ranges from 6-7 oz.    The product is labeled in parts: ""***Frescolina Ricotta Salata MARTE***IMPORTED BY FOREVER CHEESE,NY 11106***PRODUCT OF ITALY***""",total 390 lbs,Ricotta Salata Frescolina Brand Cheese is recalled due to the potential contamination with Listeria monocytonenes.,20120910,20121016,20121031,20121024,"manufacturer codes 7022, 7212, 7272 and 7432.",
Terminated,Danville,IL,United States,Class II,Food,93631,The Quaker Oats Co.,1703 E Voorhees St,,61834-6256,Voluntary: Firm initiated,"Two or more of the following: Email, Fax, Letter, Press Release, Telephone, Visit","This product was distributed and sold nationally in all states, Puerto Rico, Guam, and Saipan, as well as outside of the United States.",F-0950-2024,Quaker Chewy Bars Less Sugar Peanut Butter Chocolate Chip 8ct 6.7 oz. Bars are individually wrapped in plastic and then packaged in paperboard boxes.,"22,512,942 total cases for all products",potential Salmonella,20231215,20240227,20241120,20240306,Best Before of Aug-02-24 and any earlier date,
Terminated,Lakeland,FL,United States,Class II,Food,65272,"Florida Nutri Labs, LLC",2715 Badger Rd,N/A,33811-1348,Voluntary: Firm initiated,"Two or more of the following: Email, Fax, Letter, Press Release, Telephone, Visit","Product was distributed to 1 distributor, Kirland Science Labs located in Seattle, WA.",F1583-2013,"""***DIETARY SUPPLEMENT 4HB STACK Bedtime***52 CAPLETS***MANUFACTURED EXCLUSIVELY FOR: Kirkland Science Labs 935 Jackson St #91810 Seattle, WA 98104-2818***"".",2526 bottles,"Customer reported that a product user complained that the caplets were not coated, making them difficult to swallow.",20130522,20130701,20130919,20130710,"Lot #12-194, expiration date 12/2014  UPC #0 13964 66251 1",
Terminated,Nof Ha-Galil,,Israel,Class I,Food,90105,ELITE CONFECTIONERY LTD,Nazareth-Ilit,"5, Gilbo'A",N/A,Voluntary: Firm initiated,"Two or more of the following: Email, Fax, Letter, Press Release, Telephone, Visit",Distributed in the US nationwide,F-1203-2022,ELITE PESEK ZMAN WAFER ROLL UPC: 815871011495 NET WT. 1.4 oz (40g),unknown,Potential contamination with Salmonella,20220428,20220604,20221103,20220615,All lots,
Terminated,Northfield,IL,United States,Class III,Food,69142,Kraft Heinz Foods,3 Lakes Dr,N/A,60093-2753,Voluntary: Firm initiated,"Two or more of the following: Email, Fax, Letter, Press Release, Telephone, Visit","US: Nationwide (AL, AR, CA, CA, FL, GA, IL, IN, KS, MI, NC, NJ, OH, OK, TN, TX, VA)",F-0022-2015,"Individually 2/3 oz. slices of American cheese product individually wrapped in transparent plastic an packaged in 12 oz. and 16 oz.. packages, and 4 lb. cartons under the Kraft brand name.     Cases of 12 oz. packages include 48 packages per case.     Cases of 16 oz. packages include either 12 or 36 packages per case.     Cases of 4 lb. cartons include 8 cartons per case.","7,691 cases","Kraft Foods Group is voluntarily recalling 7,691 cases of select varieties of regular Kraft American Singles Pasteurized Prepared Cheese Product. A supplier did not store an ingredient used in this product in accordance with Kraft's temperature standards.",20140829,20141010,20160808,20141022,"1) 12 oz. packages of singles; UPC (Retail Package): 021000604647; Code Dates: 20 FEB 2015, 21 FEB 2015; UPC Code (Case): 210006046400;     2) 16 oz. packages of singles; UPC (Retail Package): 021000615261; Code Date: 20 FEB 2015; UPC Code (Case): 210006145000;     3) 16 oz. packages of singles; UPC (Retail Package): 021000615261; Code Date: 20 FEB 2015; UPC Code (Case): 210006152600;     4) 4 lb. cartons of singles; UPC (Retail Package): 021000633609; Code Date: 20 FEB 2015; UPC Code (Case): 210006255900",
Terminated,Portsmouth,NH,United States,Class II,Food,77489,High Liner Foods Inc.,1 Highliner Ave,N/A,03801-4146,Voluntary: Firm initiated,"Two or more of the following: Email, Fax, Letter, Press Release, Telephone, Visit",Nationwide,F-2680-2017,"HFS 1/10LB Lightly Breaded Cod Tail Portions 5oz,  Item Number: 02075","693,408 cases (total for all products)",Product may contain undeclared milk.,20170609,20170815,20171214,20170823,Lot Number: 0047138111; 0047050131; 0047138210; 0047082220; 0047082122; 0047030130; 0047118230; 0047097211; 0047075231; 0047042231,
Terminated,Beaverton,OR,United States,Class I,Food,66563,"Reser's Fine Foods, Inc.",15570 SW Jenkins Road,N/A,97006,Voluntary: Firm initiated,"Two or more of the following: Email, Fax, Letter, Press Release, Telephone, Visit","Distribution was made to AL, AR, AZ, CA, CO, CT, DE, FL, GA, HI, IA, IL, IN, KS, KY, LA, MA, MD, ME, MI, MO, MS, NC, NE, NH, NJ, NM, NV, NY, OH, OK, OR, PA, SC, SD, TN, TX, VA, WI, WV AND WY.   Distribution was also made to Canada.",F-0272-2014,"Farmstyle Potato Salad, Formula PO.27, packaged in 3/8-lb carton cases. Packaged Exclusively for use by: Yum! Brands Global Restaurants, Louisville, KY.  UPC 885251252626",N/A,The recalled products are potentially contaminated with Listeria monocytogenes.,20131022,20131224,20170124,20140101,Use by dates 10/21/13-12/02/13.,
Terminated,Fort Myers,FL,United States,Class I,Food,94308,Belgian Yummies,7970 Summerlin Lakes Dr Ste 101,N/A,33907-1855,Voluntary: Firm initiated,"Two or more of the following: Email, Fax, Letter, Press Release, Telephone, Visit",The products were only distributed in the state of Florida.,F-1230-2024,Vanilla Ice Cream Cookie Sandwich. Sandwiches packaged in a gold or clear bags. 50 sandwiches per case and weighting 4oz each sandwich.,1208.,"Undeclared Allergen: milk, eggs, wheat, peanuts, and tree nuts.",20240320,20240509,20240716,20240515,No lot numbers provided; Expiration date is 6 months from production date.,
Terminated,Friesland,WI,United States,Class I,Food,89043,"Alsum Farms & Produce, Inc.",N9083 County Road Ef,,53935,Voluntary: Firm initiated,E-Mail,"IL, MI, PA, WI",F-0227-2022,"Alsum Farms & Produce  Whole Red onions packaged in 2lb. (907g) bags,  UPC 39186-60101 Produce of Mexico.  Packed by Alsum Farms & Product, Inc., Friesland, WI  53935.","8,592 bags",Onions are being recalled by Keeler Family Farms due to potential Salmonella contamination.,20211102,20211130,20220113,20211208,"Lots: 039008, 099008, 109008, 139007, 139008",
Terminated,Norcross,GA,United States,Class II,Food,91605,Epic Baking,2175 Royal Palm Ct,N/A,30071-4616,Voluntary: Firm initiated,"Two or more of the following: Email, Fax, Letter, Press Release, Telephone, Visit",Product was shipped to the following states GA & TN,F-0601-2023,"Cafe' Intermezzo Strawberry Cr¿me Torte 5.5 lbs Ingredients: White Cake, Water, Vegetable Oil, Strawberry Buttercream (Sugar, Shortening, Strawberry Jell-O, Vanilla Extract, Salt), Chocolate Pudding Mix, Strawberry Glaze, Red Chocolate Curls. Contains: Milk, eggs, wheat, and soy, May contain tree nuts and peanuts.",191 Tortes,Firm did not list sub-ingredients. Undeclared Blue 1; Yellow 5 and 6; Red 40. Remaining major allergens were listed in contains statement and/or ingredient list.,20230130,20230313,20251217,20230322,STT103122 to STT012823,
Terminated,Wilmington,OH,United States,Class I,Food,74371,"Windy Acres Candy & Nut, Outlet Inc.",6805 W State Route 73,,45177-8949,Voluntary: Firm initiated,Letter,"Product was shipped to the following states: IN, KY & OH.",F-1856-2016,"Windy Acres FRUITY TRAIL MIX Roasted Peanuts, Pineapple, Papaya, Raisins & Almonds 7 OZ (198 G) UPC 0 82987 02016 5 WILMINGTON, OH 45177 1-937-382-8057",79 cs/12/7 oz bags,The firm was notified by their supplier that the Sunflower kernels they received may be contaminated with Listeria monocytogenes.,20160524,20160801,20161206,20160810,Item #02016 LOT# 022916-137 EXP DATE: 11/2016,
Terminated,Castroville,CA,United States,Class I,Food,83866,California New foods,11165 Commercial Pkwy,N/A,95012-3207,Voluntary: Firm initiated,Press Release,U.S. distribution to CA and NV.    No foreign distribution.,F-0139-2020,Carolyn's Cookie Company - Frozen Cookie Doughballs - Bake at Home.  Chocolate Chip  Net Wt. 22 oz. (623.7g)    UPC Code 680569160232,"8,923 cases total",Firm received consumer complaint of an allergic reaction after consumption.,20190923,20191108,20200108,20191120,"All date codes beginning April 7, 2019 through March 29, 2020    Lot Codes: 4719, 42719, 5419, 51519, 51819, 52319, 52519, 6819, 61519, 61919, 71019, 73119, 73119, 82419, 82919, 91119, 91419, 92119, 10719, 101419, 102119, 102119, 102519, 111119, 111519, 111819, 112519, 112919, 121619, 123019, 1320, 1620, 11320, 12020, 12420, 12720, 21120, 22220, 3220, 31220, 32220, 32920",
Terminated,Phoenix,AZ,United States,Class I,Food,71070,Inventure Foods,5415 E High St Ste 350,,85054-5484,Voluntary: Firm initiated,"Two or more of the following: Email, Fax, Letter, Press Release, Telephone, Visit","AL, AR, AZ, CA, FL, GA, IL, IN, KS, KY, LA, MD, MA, MI, MN, MS, MO, MT, NE, NJ, NY, NC, OH, OK, PA, SC, TN, TX, VT, VA, WI and WV.",F-3004-2015,"Fresh Frozen Grade A Cut White Corn, Net Wt. 32 Oz, (2 Lb.) 907g, Dist. By Fresh Frozen Foods, Inc., Jefferson, GA 30549, UPC 0-86069-20102-2, Fresh Frozen Grade A Cut White Corn, Net Wt. 80 Oz. (5 Lb.) Dist. By Fresh Frozen Foods, Inc., Jefferson, GA 30549, UPC 0-86069-50102-3",,Listeria contamination due to various GMP violations. possible.,20150423,20150817,20170301,20150826,"UPC 0-86069-20102-2 FF Item Number 432, UPC 0-86069-50102-3 FF Item Number 435",
Terminated,Providence,RI,United States,Class II,Food,97051,UNFI General Corporate,313 Iron Horse Way,N/A,02908-5637,Voluntary: Firm initiated,"Two or more of the following: Email, Fax, Letter, Press Release, Telephone, Visit","NJ, NY, MD, DC, PA",H-0245-2025,1. USA OG2 LEEKS,213 cases (total),May be contaminated with fluid from a reach truck,20250607,20250710,20260316,20250716,1. UPC:      07-40695-94629 case code: 442,
Terminated,Seattle,WA,United States,Class I,Food,74451,Essential Foods Inc. dba Globespun Gourmet,520 South Massachusetts St.,,98134,Voluntary: Firm initiated,"Two or more of the following: Email, Fax, Letter, Press Release, Telephone, Visit",distributed in Oregon and Washington,F-2094-2016,"Globespun Gourmet Dolma La- Tibetan potato, net wt. 8 oz., plastic wrapped.  UPC 32328 00503.",251 wraps (total),Globespun Gourmet Dolma La 8 oz wrap is recalled because an ingredient (peas) has the potential to be contaminated with Listeria monocytogenes.,20160615,20160916,20161102,20160928,"best by dates: 06 17, 06 20, and 06 24",
Terminated,Solon,OH,United States,Class II,Food,73500,Nestle USA,30003 Bainbridge Rd,N/A,44139-2205,Voluntary: Firm initiated,Telephone,Nationwide,F-0792-2016,"Stouffer's vegetable lasagna.  Keep Frozen. Sold in the following sizes and UPC:  1.  Party Size  Net Wt. 96 oz (6 lb) 2.72kg  UPC 13800-19002.  2.  Net Wt. 10 1/2 oz (297g)  UPC 13800-10323.  3.  Family Size Net Wt. 37 1/2 oz (2 lbs. 5 1/2 oz) 1.06 kg, UPC 13800-55510.  4.  Food Service Professional Product Net Wt. 6 lbs (2.72 kg)  UPC 13800-30322.(this product is not available in retail stores)","28,785 cases","Nestle is recalling a limited number of DiGiorno, Lean Cuisine, and Stouffer's products due to the potential presence of glass pieces.",20160310,20160323,20200319,20160330,"Production codes  and Best Before dates:    1.  5351595916, 5353595915, 5353595916, Best Before March 2017  6004595916,  Best Before:  April 2017    2.  5353595913, Best Before:  March 2017.  6011595513, Best Before:  April 2017.      3.  5349595914, Best Before:  Jan 2017.    4.  5346595916, Best Before:  March 2017",
Terminated,Utica,OH,United States,Class I,Food,87796,Velvet Ice Cream Company,11324 Mount Vernon Rd,N/A,43080-7703,Voluntary: Firm initiated,Telephone,"Illinois, Indiana, Kentucky, Michigan, Ohio, South Carolina, West Virginia, Pennsylvania, New York",F-0571-2021,Velvet Cookies n Cream   16oz - 8 cartons to a case  3 Gallon Tub - 1 Tub per case,N/A,Potentially contaminated with Listeria monocytogenes,20210423,20210522,20210720,20210512,16 oz : Lot 21092  3 Gallon : Lot 21084,
Terminated,Olympia,WA,United States,Class II,Food,86112,San Francisco Street Bakery Inc.,1320 San Francisco Ave Ne,N/A,98506-4138,Voluntary: Firm initiated,Telephone,distributed in WA only.,F-1332-2020,"Pain Au Levain Bread, San Francisco Street Bakery brand, keep at ambient temperature.  Individually packaged in flex poly bag, net weight 16 oz (454 g). UPC 0 08613 10013 1.    The product label is read in parts: ""***Pain Au Levain Bread ***Ingredients: unbleached wheat flour, water, sourdough culture, sea salt ***San Francisco Street BAKERY, Olympia, WA ***"".",62 loaves,"The firm used pan release spray, which contains soy lecithin, on equipment and finished products labels do not declare soy lecithin.",20200723,20200826,20200827,20200819,"Production dates July 6-7, 2020.  No code or expiration date noted on the packages.  Firm color codes tie closures representing the days of the week.",
Terminated,Miami,FL,United States,Class I,Food,69606,M & M Farm Inc.,14945 SW 197th Ave,N/A,33196-2236,Voluntary: Firm initiated,"Two or more of the following: Email, Fax, Letter, Press Release, Telephone, Visit",Florida,F-0511-2015,"M & M brand Number 2 Florida Avocados, packed in 50 lb cardboard boxes","30,000 lbs",Samples of avocados tested by FDA were positive for Salmonella.,20141017,20141118,20190802,20141126,Lot # 101315 and 101326,
Terminated,Bridgeport,IL,United States,Class I,Food,74375,"Rucker's Wholesale & Service Co., Inc.",777th & State,N/A,62417-0277,Voluntary: Firm initiated,E-Mail,70 retail stores nationwide. Product was also shipped to canada firms. please see attached spread sheet for a full list of customers.,F-1746-2016,"HC SUNFLOWER KERNEL 3 OZ. packaged in a clear plastic bag with attached green brown and yellow label that reads in part "" Uncle Bucks Sunflower kernel"" UPC code 752545070894","15,312 bags","Sunflower kernels in this product are contaminated with Listeria Monocytogenes per the original supplier, SunOpta.",20160608,20160719,20180227,20160727,best by date 071316  to  022917,
Terminated,Navarre,OH,United States,Class II,Food,87948,RC Industries Inc.,620 Main St N,N/A,44662-8556,Voluntary: Firm initiated,E-Mail,"FL, GA, MI, NY, NC, OH, PA, TN, WI",F-0661-2021,Mideo's Marinara Glass 32oz jars - 6 jars per case,"159,942 jars",Potassium mg per serving on label is incorrect.,20210511,20210608,20211108,20210616,"Batch Numbers: 041423A, 041423B, 041423C, 040523A, 040523B, 040523C, 032623A, 032723A, 032723B, 022523C, 022223C, 021523C, 020923A, 020823C, 011423C, 011423B, 011423A, 011323A, 011323B, 011323C Product Number 7234300021",
Terminated,Union,NJ,United States,Class I,Food,97631,CHETAK NEW YORK LLC,1090 Springfield Rd,N/A,07083-8119,Voluntary: Firm initiated,"Two or more of the following: Email, Fax, Letter, Press Release, Telephone, Visit",United States,H-0270-2026,Deep-brand Select Bhindi Cut Okra KEEP FROZEN a) Net Wt. 12 oz (340 g); b) Net Wt. 1 LB 8 oz. (24 oz.) (680 g); c) Net Wt. 2 LB (907 g),3509532 bags,Product tested positive Salmonella .,20250905,20251211,20260212,20251217,"Lot: a) 25008, 25020, 25027, 25036, 25044, 25049, 25086, 25099, 25118, 25121, 25122, 25132, 25134, 25170, 25063, 25071, 25083; b)25003, 25030, 25044, 25053, 25085, 25099, 25118, 25120, 25122, 25132, 25149, 25164, 25198; c) 24362, 25010, 25027, 25044, 25079, 25099, 25140, 25150, 25156, 25190",
Terminated,Kansas City,MO,United States,Class II,Food,71482,Dairy Farmers OF America Inc,10220 Nw Ambassador Dr,N/A,64153-1367,Voluntary: Firm initiated,"Two or more of the following: Email, Fax, Letter, Press Release, Telephone, Visit","US: AL, AR, AZ, CA, CT, FL, GA, IA, IL, IN, KS, KY, LA, MA, MD, ME, MI, MO, MS, NC, NE, NJ, NM, NV, NY, OH, OK, OR, PA, PR, SC, TN, TX, UT, VA, WA, WI, WV, WY.    OUS: Libya, Colombia.",F-2892-2015,"Pasteurized Prepared Cheese Product:    BORDEN 12/13.12OZ DTT AMERICAN CHEDDAR  PROD, 45110155767.3  .","953,720 cases total for all product",Dairy Farmers of America Inc. is recalling a number of cheese products due  that a piece of plastic  film strip might remain attached to the cheese slice upon peeling the film from the product.,20150612,20150729,20151202,20150805,Sell By/Use By 8/10/2015 to 4/30/2016,
Terminated,Pittsburgh,PA,United States,Class I,Food,86176,Giant Eagle,267 Kappa Dr,N/A,15238-2817,Voluntary: Firm initiated,"Two or more of the following: Email, Fax, Letter, Press Release, Telephone, Visit","Product was produced and sold in Giant Eagle and Market District locations in IN, OH, MD, WV and PA.",F-1367-2020,"MD Salad Bar- Cucumber Tomato Salad. Expiration 07/31/2020. Ingredients:SALAD [CUCUMBER, TOMATOES, OIL BLEND (CANOLA OIL, EXTRA VIRGIN OLIVE OIL), ONIONS, VINEGAR (RED WINE VINEGAR (DILUTED WITH WATER TO 5% ACIDITY), POTASSIUM METABISULFITE (PRESERVATIVE)), DILL WEED, SALT, PEPPER].",Unknown,Potential contamination with Salmonella Newport  in onions and prepared foods containing onions.,20200802,20200902,20210512,20200909,N/A,
Terminated,Plano,TX,United States,Class III,Food,80603,"Frito-Lay, Inc",7701 Legacy Dr,N/A,75024-4099,Voluntary: Firm initiated,Letter,"Northeastern Ohio and the city of Altoona, PA",F-1730-2018,Ruffles Cheddar and Sour Cream flavored potato chips 8.5 oz bag,unknown,Potential for cleaning solution to come into contact with the chips.,20180720,20180801,20180904,20180808,guaranteed fresh  date of 25 SEPT 2018. Directly next to or underneath the  guaranteed fresh  date is a 9-digit manufacturing code that will include the numerical combination  112  or  212  in the first three positions,
Terminated,Minneapolis,MN,United States,Class II,Food,79663,Target Corporation,33 S 6th St,N/A,55402-3601,Voluntary: Firm initiated,Telephone,HI,F-1211-2018,Ben & Jerry's Chocolate Cookie PB Swirl Non-Diary Frozen Dessert 16 oz.    UPC: 76840580767    Target item number: 288-7-814,2652 retail units total,Shipping container from CA to HI was not held at proper temperature which could cause food items to be contaminated with spoilage organisms or pathogens,20180327,20180503,20180503,20180509,"All product purchased at  Target store T2780, Honolulu, HI from March 23 through March 27, 2018.",
Terminated,San Antonio,TX,United States,Class II,Food,83412,"CH Guenther & Sons, Inc",129 E Guenther,N/A,78204-1402,Voluntary: Firm initiated,"Two or more of the following: Email, Fax, Letter, Press Release, Telephone, Visit","Distributed to retail stores and distributors in AL, AR, AZ, CA, CO, DE, FL, GA, IA, IL, IN, KS, KY, LA, MI, MO, NC, NH, NY, OH, OR, PA, TN, TX, UT, VA, and WI",F-2087-2019,"Winco Foods, Taco Seasoning Mild, Net Wt. 1.25 OZ, Distributed by Winco Foods, LLC, Boise, ID, UPC 0 70552 90126 1",646/24/1.25 OZ/packets/cases,Products contains an ingredient (cumin) potentially contaminated with Salmonella.,20190724,20190823,20191121,20190814,Better by: 07/09/21,
Terminated,Louisville,KY,United States,Class II,Food,68486,"Koogee-Queen Anne, LLC",2221 Frankfort Ave,,40206-2407,Voluntary: Firm initiated,"Two or more of the following: Email, Fax, Letter, Press Release, Telephone, Visit",Distributed in the states of Indiana and Kentucky,F-2098-2014,"Banana Puddin' Y'all Ice Cream. Manufactured by: Koogee-Queen Anne, LLC, d/b/a The Comfy Cow 2221 Frankfort Ave, Louisville, KY 40206.","3gal - 1 unit, 5.2qt - 1 unit.","During an FDA inspection the firm was notified that their bulk product lacked labels. Due to the lack of ingredient statement, the firm failed to declare direct allergens for the products. The products also lacked the declaration that they are packaged in a facility that processes peanuts, tree nuts, wheat, milk and eggs.",20140410,20140709,20140902,20140716,Batch Numbers: 1aBANP103113,
Terminated,Lakeland,FL,United States,Class I,Food,74088,"Publix Super Markets, Inc.",3300 Publix Corporate Pkwy,,33811-3311,Voluntary: Firm initiated,"Two or more of the following: Email, Fax, Letter, Press Release, Telephone, Visit","Distributed to Publix retail stores in AL, FL, GA, NC, SC, & TN",F-1518-2016,"Publix Deli, Wheatberry Salad,  sold in 3.5 oz clamshell, 1 lb Grab and Go kit, and Chef Select custom order behind the deli counter.  Received at retail store as a 12.75 lbs kit.  Ingredients are combined at retail store.  Manufactured for Publix Supermarkets in Lakeland, FL","1,559 kits",Potential contamination with Listeria monocytogenes.,20160505,20160614,20170413,20160622,"All lot codes, all expiration dates.  last ship date 04/30/2016.",
Terminated,Wayzata,MN,United States,Class II,Food,92013,"Cargill, Inc         Corporate Headquarters",15407 McGinty Rd W,,55391-2365,Voluntary: Firm initiated,E-Mail,"Nationwide United States, Canada, Chile, Costa Rica, Guatemala, Mexico, and United Kingdom",F-0787-2023,"PROSANTE TSOYFLR 10P MNCD 50LB BG, paper bag","486,700 lbs",Products with a gluten free claim may contain gluten levels above 20 ppm.,20230330,20230501,20230608,20230510,100001369-02423CHXEA 100001369-05423CHXEA 100001369-06023CHXEA 100001369-29822CHXEA 100001369-29922CHXEA 100001369-35222CHXEA 100001369-35322CHXEA,
Terminated,Mishawaka,IN,United States,Class II,Food,78300,Midway Specialty Vehicles LLC,1828 Clover Rd,N/A,46545-7247,Voluntary: Firm initiated,Press Release,"Domestic Only: MI, IN, IL, OH, NJ, WA, CA, SC, KY, LA, CO, MA, TX, FL, NY, NC, MN, MO,",F-0143-2018,"Triple Chocolate Mudslide Cookie, 120 1 oz. cookies, frozen","15,834 cookies","Midway Specialty Vehicles, LLC dba Aunt Beths Cookies, is voluntarily recalling multiple varieties of cookies sold between January 1, 2017 and September 28, 2017, because they may contain traces of undeclared peanut or tree-nut allergens.",20171016,20171109,20180227,20171108,"Triple Chocolate Mudslide Cookie, 120 1 oz. cookies, frozen, sold between Jan 1, 2017 and September 28, 2017.",
Terminated,Everett,WA,United States,Class III,Food,90797,Alida's Bakery LLC,607 Nw Everett Mall Way Suite 9a&B,N/A,98028,Voluntary: Firm initiated,Telephone,Distributed in WA only.,F-1790-2022,"Alida's Samoon Pita Bread, 4 pieces per package, net wt. 21 oz.  UPC 8 60004 65933 4.  Product contains ingredients: While Flour, Water, Wheat Gluten, Yeast, Sorbitan monostearate, ascorbic acid, Salt, Canola Oil. CONTAINS: Wheat, Gluten.",19 bags,Undeclared soy lecithin. The canola oil used to grease pans was found to contain soy lecithin.,20220816,20220923,20221006,20221005,Expiration date 8/20/2022,
Terminated,Orrville,OH,United States,Class I,Food,90255,The JM Smucker Company LLC,1 Strawberry Ln,N/A,44667-1241,Voluntary: Firm initiated,"Two or more of the following: Email, Fax, Letter, Press Release, Telephone, Visit","AK, AL, AR, AZ, CA, CO, CT, DE, FL, GA, HI, IA, ID, IL, IN, KS, KY, LA, MA, MD, ME, MI, MN, MO, MS, MT, NC, ND, NE, NH, NJ, NM, NV, NY, OH, OK, OR, PA, RI, SC, TN, TX, UT, VA, VT, WA, WI, WV, WY",F-1126-2022,JIF 40 OUNCE CRUNCHY PEANUT BUTTER,402038 cases total,Products are potentially contaminated with Salmonella.,20220520,20220601,20230317,20220608,Lot codes: 1274425   2140425 UPC: 5150072002 Best By Dates: 10/01/23 - 05/20/24,
Terminated,Warrenton,OR,United States,Class II,Food,72317,Skipanon Brand Seafoods LLC,590 Se 3rd St,N/A,97146-9104,Voluntary: Firm initiated,"Two or more of the following: Email, Fax, Letter, Press Release, Telephone, Visit","No Foreign Consignees  No VA or DoD Consignees.  Distributed to Michigan, Nevada, Oregon, and Washington and sold to internet customers nationwide from the website skipanonbrand.com.",F-0379-2016,"Canned Chinook Salmon with paper label reading in part:  ***SKIPANON BRAND SEAFOOD CHINOOK SALMON***Ingredients:  Chinook Salmon, Sea Salt NET WT. 6 OZ. (170g)***""     UPC:  58071 00118  Can code beginning with OCCR.    Label background is yellow with a brown stripe at the bottom and multiple colored ink lettering.    Chinook (aka King) Salmon with salt added, canned and distributed as brites in 6oz cans.  Can code beginning with OCCR.","approximately 57,000 cans total","All cans and pouches of Skipanon Brand seafood, including salmon products are being recalled due to lack of documentation and possible under-processed product.  Under-processed seafood could lead to contamination with Clostridium botulinum.",20151009,20151210,20170626,20151216,All lots,
Terminated,Dunkirk,NY,United States,Class I,Food,78876,Fieldbrook Foods Corporation,1 Ice Cream Dr,N/A,14048-3300,Voluntary: Firm initiated,"Two or more of the following: Email, Fax, Letter, Press Release, Telephone, Visit","Sold to distributors in: MA, IL, CA, PR, CA, FL, MN, IL, OH, CT, MI, MO. Product was distributed nationwide including Puerto Rico.",F-0686-2018,"RASPBERRY Cream Ice Cream Bars: Sundae SHOPPE, 12 Bars, UPC  041498204631","639,900 cases (total for all products)",Product may be contaminated with Listeria monocytogenes.,20180103,20180130,20190212,20180124,The recalled products have a production date of May 2017 to August 2017 and a best by date of May 2018 to August 2018.,
Terminated,Upper Saddle River,NJ,United States,Class II,Food,76155,Schreiber Food International,600 E Crescent Ave,N/A,07458-1846,Voluntary: Firm initiated,Letter,Nationwide,F-1339-2017,Ambrosia Quality Foods Brand 4/1 gallon Worcestershire Sauce Net 128 Fl. Oz.,5828 jugs,Ambrosia brand 4/1 Gallon Worcestershire Sauce may contain undeclared peanuts.,20161222,20170124,20170413,20170201,1512163592 12/15/2016  1603289943 3/28/2017  1604292400 4/29/2017  1605244146 5/24/2017  1607259420 7/25/2017  1608020141 8/2/2017  1608100780 8/10/2017  1607077741 7/7/2017  1608020141 8/2/2017  1608040416 8/4/2017  1608100780 8/10/2017  1608100780 8/10/2017  1608262208 8/26/2017  1609275267 9/27/2017  1610268040 10/26/2017,
Terminated,Chicago,IL,United States,Class II,Food,77194,Newly Weds Foods Inc,2501 N Keeler Ave,N/A,60639-2131,Voluntary: Firm initiated,Letter,"Nationwide, Mexico, Canada",F-3229-2017,"B4AAF3, BREADER X1, NET WT 50 LBS, Manufactured By: Newly Weds Foods, Inc., Chicago, IL 60639","40,000 lbs",Product may contain undeclared milk.,20170503,20170817,20190805,20170726,Product #B4AAF3; Lot #WN011117A;  WN022217A;  WN032217A;  WN041217A,
Terminated,Tonawanda,NY,United States,Class I,Food,74112,First Source Llc,100 Pirson Pkwy,,14150-6727,Voluntary: Firm initiated,"Two or more of the following: Email, Fax, Letter, Press Release, Telephone, Visit","IN, LA, MA, MD, MI, NJ, NY, PA,VA, WV & SC via retail stores",F-0699-2017,"Flave! TROPICAL TRAIL MIX, NET WT 8OZ (226g), shipped 12 packs per case",953 cases total,Product has the potential to be contaminated with Listeria monocytogenes,20160523,20161212,20180614,20161221,Best By 4/20/17,
Terminated,Portland,OR,United States,Class III,Food,65809,Craft Brewers Alliance Inc.,929 N Russell St,,97227-1733,Voluntary: Firm initiated,E-Mail,"Distributed in California, Oregon, Washington",F-1785-2013,Square Mile Spur & Vine Hopped Apple Cider is hopped hard cider is in liquid form and is an alcoholic beverage.  It is packaged in 22 fl oz glass bottles shipped in a corrugated master carton that contains 12 bottles.  Individual bottle is sold at retail stores.    UPC codes case: 7-02770-04912-0   UPC Bottle: 7-02770-24910-0  PDCN code: CAB12,2699 cases/12 bottles/22 fl oz.,Square Mile Spur & Vine Hopped Apple Cider is recalled because bottles may burst.,20130716,20130815,20131118,20130821,"Products packaged on or before May 15, 2013.  Individual bottle does not have any codes.",
Terminated,Tuckahoe,NY,United States,Class I,Food,68964,"Super Organic Foods, Inc",273 Columbus Ave Ste 8,,10707-2550,Voluntary: Firm initiated,E-Mail,Nationwide,F-2409-2014,"Sunburst SUPERFOODS ORGANIC RAW CAROB POWDER in ONE POUND and 5 POUNDS bags --- Firm on label: SunburstSuperfoods.com Clifton, NJ (old label) and SunburstSuperfoods.com Tuckahoe, NY (new label)",180 lbs.,The repacked product has the potential to be contaminated with Salmonella (from raw material).,20140729,20140902,20170509,20140910,Uncoded,
Terminated,Fargo,ND,United States,Class II,Food,62644,Cass Clay Creamery AMPI Fargo Division,200 20th St N,N/A,58102-4136,Voluntary: Firm initiated,"Two or more of the following: Email, Fax, Letter, Press Release, Telephone, Visit","ND, AZ, MN, SD, KS",F-2044-2012,"Dan's, LIGHT BUTTER PECAN, half gallon *(1.89 L),  0 70422 24210 4  Hornbachers, LIGHT BUTTER PECAN, half gallon (1.89 L),	 0 41130 21661 9    Sunnybrook, LIGHT BUTTER PECAN, half gallon (1.89 L),	0 70422 24908 0","8,141 containers",Cass-Clay Creamery is voluntarily recalling a number of ice cream products because they may contain undeclared  soy (lecithin).,20120720,20120824,20121115,20120905,"all products that has a plant code of ""38-25"".",
Terminated,Elmwood Park,NJ,United States,Class I,Food,74182,Dr. Praeger'S Sensible Foods,9 Boumar Pl,,07407-2615,Voluntary: Firm initiated,Letter,US Nationwide and Foreign,F-1636-2016,"Ungar's Veggie Balls (Vegan), 1 oz., 10 lbs (4.54 kg), Best if used by: May-12-2018, UPC 0 0080868 81310 3, Ungar's Food Products, Elmwood Park, NJ 07407",176 cases,Dr. Praeger's Sensible Food/Ungar's Food Products is voluntarily recalling various not-ready-to eat frozen products because they may be contaminated with Listeria monocytogenes.,20160513,20160708,20171004,20160720,Lot #F16BC-25A    UVBBIN  Case code: H16CB-02A Retail unit code: H16CB Best by: 3/21/2018,
Terminated,Pleasantville,NY,United States,Class I,Food,77872,Amrita Health Foods,115 Tompkins Ave,N/A,10570-3127,Voluntary: Firm initiated,"Two or more of the following: Email, Fax, Letter, Press Release, Telephone, Visit",Nationwide,F-3479-2017,"Amrita Cranberry Raisin Energy Bar, 50gm   UPC: 853009004032","115,000 bars (total)",Product may be contaminated with Listeria monocytogenes,20170802,20170829,20190214,20170906,Best Buy date between 04/24/2018 to 05/31/2018,
Terminated,Northvale,NJ,United States,Class I,Food,89103,The Fillo Factory Inc.,10 Fairway Ct,N/A,07647-2401,Voluntary: Firm initiated,Letter,"Distributed to distributors and retail stores in GA, WA, WI, NJ, FL, SC, IA, CA, TX, MD, CO,",F-0268-2022,TaDah! FALAFEL STREET WRAP WITH SPICY BROWN SUGAR HARISSA HUMMUS NET WT. 7.5 OZ. UPC Code:8-5019800307-5,2800 cases,Undeclared milk allergen,20211115,20211206,20220211,20211215,Lot #:  0601 Best Buy Date: 09/01/2022 Lot #:  0621  Best Buy Date: 09/03/2022,
Terminated,Bells,TN,United States,Class I,Food,73853,The Pictsweet Company,#10  Pictsweet Drive,N/A,38006,Voluntary: Firm initiated,E-Mail,Nationwide,F-1656-2016,"Kroger(R) CAJUN STYLE MIREPOIX BLEND, onions, celery, and green bell peppers, RECIPE BEGINNINGS(R), NET WT 12 OZ (340g), UPC 11110 89787, DISTRIBUTED BY THE KROGER COMPANY, CINCINNATI, OH 45202",11704 units,Products contain onions which were recalled for the possibility of Listeria monocytogenes contamination.,20160409,20160707,20170803,20160713,"Sell by SEP-17: 0896BR, 0896BS, 0896BU,0896BT",
Terminated,Zelienople,PA,United States,Class II,Food,70208,Con Yeager Spice Co,144 Magill Rd,,16063-3424,Voluntary: Firm initiated,Letter,"AZ, CO, DE, FL, GA, IL, LA, MD, MI, MT, NC, NJ, NY, OH, OK, PA, SC, TX, VA, WV",F-2049-2015,"Con Yeager Spice Company, Zelienople, PA 16063  PAPA WOOD BBQ ALL PURPOSE RUB    NET WEIGHT: 12 oz and 5.22 oz  UPC: 38756; 38755  Lot: .219098",578 units,Cumin and cumin containing spice mixes may contain undeclared peanuts.,20150106,20150427,20151105,20150506,UPC: 38756; 38755  Lot: .219098,
Terminated,Immokalee,FL,United States,Class I,Food,97008,LIPMAN FAMILY FARMS,315 New Market Rd E,,34142-3509,Voluntary: Firm initiated,E-Mail,"Product was distributed to AZ, CA, IL, FL, WI, MA, MS, MN, CA, NC, VA, TN, VT, CT, NY, MD, PA, NJ, TX",H-0030-2025,"Cucumber Super Selec Repacked by Lipman Produce Hendersonville, NC 28792, Product of USA","16,504 cases total",Potential Salmonella Contamination,20250520,20250610,20250807,20250618,Expiration Date:5/14/2025-5/23/2025 Lot# 3-431726 3-431831 3-431866 3-432045 3-1614605 3-1613675 3-1614079 3-1614605 3-1614152 3-1614291 3-1614662 3-1614663 3-1614592 3-1614661 3-1614805 3-1614806 3-1614982 3-1615014 3-1615313 3-1615440 3-1615442 3-1615860 3-1616065 3-1616066 3-1616509 3-1614079 3-1613675 3-1614605 3-1614266 3-1614152 3-1615313 3-1614152 3-1614266 3-1614291 3-1614605 3-1614662 3-1614663 3-1614806 3-1614862 3-1614889 3-1615014 3-1615203 3-1615226 3-1615313 3-1615822 3-1615823 3-1616065 3-1616246 3-1616509,
Terminated,Greenwood,IN,United States,Class I,Food,64184,"United Natural Foods, Inc. - Greenwood",655 Commerce Parkway East Dr,,46143-7537,Voluntary: Firm initiated,Other,"Customers are retail locations in 6 states: Illinois, Indiana, Kentucky, Michigan, Missouri, and Ohio.",F-0960-2013,"Kinnikinnick Pie Crust (frozen), Weight: 290 g/10 oz, Qty/Pkg: 2, Product packaged in a cardboard box with printed label. UPC: 62013300600 9",28 cases/6 packages per case,"Kinnikinnick Foods, Inc. in Edmonton, Alberta Canada indicated that United Natural Foods Inc. distributors received pie crusts in association with their expanded recall/allergy alert issued 01/17/13.",20130117,20130131,20130930,20130206,Expiration date 2013-12-11,
Terminated,City Of Industry,CA,United States,Class II,Food,70344,Health One Pharmaceuticals Inc,13260 Temple Ave,N/A,91746-1511,Voluntary: Firm initiated,Letter,"Nationwide in US: CA, TN, WA, ID,     and worldwide:  Hong Kong, Vietnam, China, Singapore",F-1683-2015,SOD Herbal Mix,17000 units,Health One Pharmaceuticals is recalling dietary supplements due to significant violations of the cGMP regulations for dietary supplements.,20150204,20150330,20150331,20150408,8939,
Terminated,Depew,NY,United States,Class I,Food,89844,"Fruit Fresh Up, Inc.",2928 Walden Ave,,14043-2603,Voluntary: Firm initiated,Telephone,"NY,  MA, PA",F-0970-2022,1. Wegmans 10oz Watermelon Chunks	  2. Wegmans 32oz Watermelon Chunks  3.Fresh Harvest 18oz Watermelon Chunks  4. Tops Large Watermelon	BBD: 3/5/22 to	BBD: 3/22/22  5. Tops Small Watermelon 	BBD: 3/5/22 to	BBD: 3/22/22  6. Lexington Co-op 10oz Watermelon Chunks  7. Lexington Co-op 32oz Watermelon Chunks  8. Wegmans 24oz Mini Watermelon Hearts	  9. EDU Kids 2 oz. watermelon tidbits,"39,232 units total",may be contaminated with Listeria monocytogenes,20220318,20220407,20230821,20220413,"Best if Used By  date between March 5, 2022 and March 23, 2022  1. UPC: 077890209066  2. UPC: 077890246610  3. UPC: 64779300469  4. BBD: 3/5/22 to BBD: 3/22/22  5. BBD: 3/5/22 to BBD: 3/22/22  6. UPC: 64779300373  7. UPC: 64779300468  8. UPC: 077890938096  9. UPC: 647793000000",
Terminated,Grand Rapids,MI,United States,Class II,Food,80488,Gourmet International Inc.,5253 Patterson Ave Se,,49512,Voluntary: Firm initiated,"Two or more of the following: Email, Fax, Letter, Press Release, Telephone, Visit",Domestic:  IL       MI       WI       CA       MN       OH       WA       VA          Product Imported from Turkey,F-1957-2018,"SPARKLING POMEGRANETE JUICE DRNK, 6/34 oz., glass bottles",403 Assorted cases / 2418 units (total),Gourmet International Inc. is voluntarily recalling LItaly Sparkling Juice Beverages due to packaging concerns following multiple reports of leaking caps.,20180705,20180904,20181004,20180829,"All L'ITALY SPARKLING FRUIT JUICE BEVERAGES products, all lot/date codes    914516 SPARKLING POMEGRANETE JUICE DRNK UPC  1-91414-00516-0 6/34 oz",
Terminated,Denver,CO,United States,Class I,Food,75894,"All American Seasonings, Inc.",10600 E 54th Ave,Units B &amp; C,80239-2145,Voluntary: Firm initiated,Letter,"Nationwide to FL, CA, UT, AZ, MN, IL, CO, NM , OH, MO, ID. Canadian consignees. No other foreign or VA/govt/military consignees.",F-1199-2017,Nacho Snack Seasoning / Harvest Pride /Tom Smith. Product Code: T3809. 50 lb bags,~29 bags,Products have been recalled due to potential for Salmonella contamination.,20161207,20170109,20170508,20170118,"Lot: 64229, 65182",
Terminated,Westborough,MA,United States,Class II,Food,73233,Bj Wholesale Club,25 Research Dr,N/A,01581-3680,Voluntary: Firm initiated,Press Release,"BJs locations in Delaware, Maryland, New Jersey, New York, North Carolina, Ohio, Pennsylvania and Virginia",F-0960-2016,ITALIAN SANDWICH RING.  This is a deli service item,19,Product may have been sliced on the same equipment where the mortadella with pistachios was sliced.,20160205,20160406,20170124,20160413,Deli items sold from 1/20/16 to 2/3/16 at the 71 affected clubs (see distribution list).,
Terminated,Newport,AR,United States,Class I,Food,72293,Shearer's Foods Inc.,3636 Medallion Ave,N/A,72112-9096,Voluntary: Firm initiated,Letter,"TX, AZ, OK, LA, MO, MS, AR, NM",F-0131-2016,ON THE BORDER MEXICAN GRILL & CANTINA Cafe Style Tortilla Chips 18 oz. bags,"11,592 cases",Product may have been exposed to a milk-containing ingredient.,20150924,20151105,20160707,20151111,"DEC 16 2015 SHA, DEC 17 2015 SHA, DEC 18 2015 SHA",
Terminated,Denton,TX,United States,Class III,Food,72822,"C. H. Guenther & Son, Inc.dba Morrison Milling",319 E Prairie St,N/A,76201-6109,Voluntary: Firm initiated,Letter,Nationwide throughout the US,F-0889-2016,Morrison's Pancake Mix Net Wt 5 LB (2.27 kg),"15,881 cases",May contain small metal fragments from wire mesh sifter.,20151207,20160411,20160802,20160420,All lots,
Terminated,Union,NJ,United States,Class I,Food,97631,CHETAK NEW YORK LLC,1090 Springfield Rd,N/A,07083-8119,Voluntary: Firm initiated,"Two or more of the following: Email, Fax, Letter, Press Release, Telephone, Visit",United States,H-0286-2026,Deep-brand PREMIUM Select Peas and Carrots KEEP FROZEN Net Wt. 2 LB (907 g),3509532 bags,Product tested positive Salmonella .,20250905,20251211,20260212,20251217,"Lots: 25006, 25035, 25044, 25072, 25080, 25104, 25114, 25140, 25167",
Terminated,Dearborn,MI,United States,Class II,Food,97156,C SWEET PASTRY LLC,6235 Schaefer Rd,N/A,48126-2210,Voluntary: Firm initiated,Telephone,MI,H-0254-2025,"C Sweet Maamoul with Dates 8 oz., UPC 852664042694",40 units,Undeclared soy and wheat,20250625,20250710,20250812,20250716,Sell by 7/15/2025,
Completed,Conley,GA,United States,Class I,Food,90883,Renaissance Food Group,4322 Moreland Ave Bldg B,N/A,30288-2142,Voluntary: Firm initiated,E-Mail,"Products were shipped to the following states: Alabama, Georgia & South Carolina.",F-0015-2023,"Large Mild Salsa, NET WT, 13 OZ (368g), Dist. By: Renaissance Food Group LLC 4322 Moreland Ave. Conley, GA 30288, UPC, 8 26766 19089 ?",84/13oz units,Firm received positive test results for L. monocytogenes in a finished product. All products manufactured with the same components are being recalled.,20220912,20221006,,20221012,GHGA 254 SELL BY: 09/18/22,
Terminated,Portales,NM,United States,Class I,Food,63257,"Sunland, Incorporated",42593 US Highway 70,N/A,88130-9043,Voluntary: Firm initiated,Press Release,National distribution under various brand names including all 50 U.S. States with some international distribution Hong Kong.,F-0340-2013,"Heinen's Organic Peanut Butter Creamy 16 oz, UPC 2060140046; made for and distributed by Heinen's Inc, 4540 Richmond Road, Warrensville Heights, Ohio 44128.  Labeling is green, yellow, and white with white, red, green and black print writing.","1,368 x 12 x 16 oz","Sunland, Inc. is conducting a voluntary limited recall of its Almond, Peanut, and Cashew Butter products and Tahini and Roasted Blanched Peanut Products, manufactured between May 1, 2010 and September 24, 2012, because these products may be contaminated with Salmonella.",20120924,20121023,20141001,20121031,"Best-If-Used-By Dates between May 1, 2011 and September 24, 2013.",
Terminated,Tucker,GA,United States,Class II,Food,73946,CSM Bakery Products NA,1912 Montreal Rd,N/A,30084-5201,Voluntary: Firm initiated,Letter,"AR, CA, CO, DE, FL, GA, IL, MN, NJ, NC, OH, OR, PA, SC, TN, TX,VA, WI, Santa Domingo, & Guam",F-0506-2017,"BM Westco Sup-R-Roll Donut Mix, 50#","3,124,735 pounds total",Undeclared allergen; Peanut Protein,20160421,20161123,20170825,20161130,"Batch 1000162202, 1000157048, 1000153947, 1000149825, 1000144301, 1000134442",
Terminated,Kent,WA,United States,Class II,Food,91798,Lemonland Food Corp,19039 62nd Ave S,N/A,98032,Voluntary: Firm initiated,E-Mail,Distributed in Washington,F-0675-2023,"Seasoned Dried Pollack distributed in un-labeled plastic containers 6oz., 8 oz., and 12 oz.  Containers were then labeled at H-mart, G-mart, or M2M retail store.",6oz. containers = 3.8 lb; 8oz containers = 3.53 lb.; 12oz containers = 14.48lbs,"Seasoned Dried Pollack was recalled due to undeclared Fish (Pollack), Wheat, Soybean.",20230223,20230324,20230329,20230405,"Feb. 16, 2023 to Feb. 23, 2023.",
Terminated,City Of Industry,CA,United States,Class II,Food,70344,Health One Pharmaceuticals Inc,13260 Temple Ave,N/A,91746-1511,Voluntary: Firm initiated,Letter,"Nationwide in US: CA, TN, WA, ID,     and worldwide:  Hong Kong, Vietnam, China, Singapore",F-1715-2015,"Femanol, 60 capsules, 500mg",1996 units,Health One Pharmaceuticals is recalling dietary supplements due to significant violations of the cGMP regulations for dietary supplements.,20150204,20150330,20150331,20150408,9759,
Terminated,Santa Fe,NM,United States,Class I,Food,63318,"C.G. Higgins Confections, LLC",847 Ninita St,N/A,87505-3066,Voluntary: Firm initiated,E-Mail,"Retailers and end users located in NM, USA.",F-0140-2013,"Peanut Butter Fudge 3 oz bag, manufactured from 6-28-12 thru 9-20-12",132 lbs,"Peanut Butter used to product Peanut Butter Fudge was recalled by Sunland, Inc.; therefore, this product has the potential to be contaminated with Salmonella.",20120928,20121018,20130111,20121024,No manufacturing code.,
Terminated,Battle Creek,MI,United States,Class II,Food,74407,Kellogg Company,425 Porter St,N/A,49014-6800,Voluntary: Firm initiated,Press Release,"Domestic: AL; AR; AZ; CA; CO; CT; FL; GA; HI; IA ; ID; IL; IN; KS; KY; LA; MA; MD; ME; MI; MN; MO; MS; MT; NC; ND; NE; NH; NJ; NM; NV; NY; OH; OK; OR; PA; PR, SC; SD; TN; TX; UT; VA; WA; WI; WV    Foreign: Bermuda, Singapore, Malaysia    VA/DOD: See below",F-1729-2016,"Keebler Cookie Dough Minis, 150 ct., 2.5 oz.",17 cases,Kellogg Company initiated a voluntary recall of multiple snack food items because of the potential for undeclared allergen peanut due to a supplier's recall of flour.,20160613,20160719,20170213,20160727,"CASE UPC: 170002873, RETAIL UPC: 3010010902, CASE & Consumer Unit BIUB DATES: Jan 02 17",
Terminated,Chicago,IL,United States,Class II,Food,89053,KRAFT HEINZ FOODS COMPANY,200 E Randolph St,,60601-6436,Voluntary: Firm initiated,Letter,"Nationwide, Puerto Rico, Guam, American Samoa, Aruba, Saipan, Bermuda, Jamaica, Guyana, South Korea, Canada",F-0327-2022,Kool-Aid cherry drink mix powder   19 oz. UPC 043000953532   19 oz. UPC 043000034163   63 oz. UPC 043000082201,"289,221 cases (total)",potential for glass and metal in product,20211111,20211217,20240906,20211222,Best When Used By dates between:  19 oz. 8/8/2023-8/9/2023  63 oz. 10/2/2023,
Terminated,Austin,TX,United States,Class I,Food,68050,"Whole Foods Market Brand 365, Llc",601 N Lamar Blvd Ste 300,,78703-5424,Voluntary: Firm initiated,"Two or more of the following: Email, Fax, Letter, Press Release, Telephone, Visit","Texas, Oklahoma, Arkansas, and Louisiana",F-0001-2015,"Mini Butter Croissant 6 Pack  Ingredients: Wheat Flour (unbleached enriched wheat flour, malted barley flour, niacin, Iron, thiamin mononitrate, riboflavin, ascorbic acid, folic acid), Butter, Water, Sugar, Non Fat Dry Milk, Yeast, Salt, Dough Conditioner (dextrose, wheat flour, soybean oil, ascorbic acid, natural enzymes).  CONTAINS:  MILK, WHEAT, SOY.      NET WT 9.0 oz (0.56 lb)      COUNT/PACKAGES 1 SELL-BY DATE 04/22/2014 TOTAL PRICE $4.99      Dist. by Whole Foods Market 8190 Park Lane, Dallas, TX 75231",251 units,Undeclared egg allergen,20140418,20141006,20150202,20141015,UPC 2 28719 00499 1  and  PLU #8719,
Terminated,E Stroudsburg,PA,United States,Class II,Food,90144,DYMSKI PIEROGI LLC,2583 Milford Rd,N/A,18301-9719,Voluntary: Firm initiated,"Two or more of the following: Email, Fax, Letter, Press Release, Telephone, Visit","Distributed to retail stores, restaurants, and distribution centers in NJ, MA, and PA.",F-1091-2022,Potato and Cheese Pierogi  Grandma s Cuisine Potato-Cheese Pierogi  UPC: 7 1375737813 0 & 8 67355 0030 3lb/3 dozen & 14oz (397g)/1dozen Bernat s Potato & Cheese 16oz (450g) Golden Eagle Potato and Cheese Pierogis UPC: 0 94922 10425 0	16oz Zuzanna s Potato-Cheese Pierogi 16 oz.,"39,084 units",Undeclared milk and wheat,20220506,20220527,20221025,20220608,all lots,
Terminated,Denton,TX,United States,Class III,Food,72822,"C. H. Guenther & Son, Inc.dba Morrison Milling",319 E Prairie St,N/A,76201-6109,Voluntary: Firm initiated,Letter,Nationwide throughout the US,F-0823-2016,HEB Lemon Seasonal Fish Fry Mix NET WT. 16 OZ (1 LB) CONT. NET 454g and HEB Lemon Seasonal Fish Fry Mix NET WT. 10 OZ  CONT. NET 284g  packed in paper box,"29,350 cases",May contain small metal fragments from wire mesh sifter.,20151207,20160411,20160802,20160420,All lots,
Terminated,Port Townsend,WA,United States,Class I,Food,70354,Elevated Ice Cream Company,631 Water St,N/A,98368-5726,Voluntary: Firm initiated,"Two or more of the following: Email, Fax, Letter, Press Release, Telephone, Visit","All product was distributed in the local Port Townsend, Washington area.",F-1261-2015,Mango Italian Ice Product can be packaged in 2.5 gallon or 1.5 gallon plastic tubs or cardboard quart container.  Firm is unable to determine how batches were packaged.,45 batches,Elevated brand ice cream products are being recalled due to the potential to be contaminated with Listeria monocytogenes.  These products contain ice cream mix produced and recalled by Snoqualmie Gourmet Ice Cream,20141223,20150220,20150223,20150304,Some containers may have a production date hand written on a white label. Some quart containers are stamped on the bottom with the julian date.,
Terminated,Rockville,MD,United States,Class I,Food,80528,Whole Foods Market Group Inc.,4948 Boiling Brook Pkwy,N/A,20852-2306,Voluntary: Firm initiated,E-Mail,"These were made in house at Whole Foods Market locations, in the Mid Atlantic Region. No foreign accounts",F-1736-2018,"CUPCAKE BERRY CHANTILLY MEDIUM, 4.5 Ounce",132 Units,"Whole Foods Market, Inc. has initiated a recall of various bakery products  that was made in there Mid-Atlantic stores and sold between May 25th and July 13th which failed to declare soy flour (soy) as an ingredient.",20180713,20180803,20210903,20180815,22488900000,
Terminated,Tipp City,OH,United States,Class I,Food,51894,Trophy Nut Co Inc,320 N 2nd St,N/A,45371,Voluntary: Firm initiated,"Two or more of the following: Email, Fax, Letter, Press Release, Telephone, Visit","Distributed nationwide, including the states of: CA, IL, IN, MD, MI, MN, NC, ND, NJ, NM, NY, OH, OK, PA, SC, TN, TX, VA, VT, and VI.",F-1519-2013,Trophy Nut Brand 1.5 oz. Red Pistachio Tube and Nut Barrel Brand 1.25 oz. Red Pistachio Tube.,N/A,"The product is being recalled because it was manufactured using pistachios recalled by Setton Pistachios of Terra Bella, CA because it has the potential to be contaminated with Salmonella.",20090407,20130610,20130610,20130619,Trophy Nut Brand 1.5 oz. Red Pistachio Tube UPC 74249-50779 Code Date 08/16/2009 thru 10/27/2009 and Nut Barrel Brand 1.25 oz. Red Pistachio Tube UPC 74249-27779 Code Date 8/16/2009 thru 10/6/2009.,
Terminated,Altavista,VA,United States,Class II,Food,73499,Abbott Nutrition,1518 Main St,N/A,24517-1132,Voluntary: Firm initiated,Telephone,"Lot 57642RA00,  Beginning Date of distribution in US  10/12/15  End Date of distribution in US- 12/4/15 .      AN distributed this lot to151 Distributors, 32 Medical Facilities and 25 Other types of consignees (2 of these were internal sales reps).    No foreign accounts.      There are 12 US government consignees.",F-1041-2016,"The product is labeled as follows: PediaSure Grow & Gain Vanilla, Unit size : 8 oz. , Container description : Metal Can, Total package size : 24 cans per case .","15,609 cases (374,616 units)","Abbott Nutrition is recalling PediaSure Grow & Gain Vanilla is product because the product may have a different color, smell, taste or texture  inconsistent with other lots of PediaSure Grow & Gain Vanilla.     Abbott Nutrition  also recognized a complaint trend for physical stability and sensory on this batch on 1/25/16 and an investigation revealed a possibility that a small portion of cans may",20160310,20160406,20161101,20160413,"List Number 55897  , Lot 57642RA00",
Terminated,Melbourne,FL,United States,Class II,Food,89230,"Joy's International Foods, Incorporated",2600 Aurora Rd Ste Q,N/A,32935-2884,Voluntary: Firm initiated,Telephone,Domestic distribution only.,F-0364-2022,"Joy's Gourmet Blast Off! Bloody Mary Mix, Net Wt. 24 Oz",12 cases/12 bottles ea.,Undeclared Fish and Soy,20211213,20220106,20220316,20220112,08182023,
Terminated,Mundelein,IL,United States,Class II,Food,64079,"Boba Direct, Inc.",807 E Orchard St,N/A,60060-3019,Voluntary: Firm initiated,"Two or more of the following: Email, Fax, Letter, Press Release, Telephone, Visit","US: IL, MO, OH, FL, and TN",F-2807-2015,"Foil bags containing 2.2 lbs. each of pineapple flavored powder and sold under the Boba Direct, Inc. brand.",N/A,Bubble tea powders contain undeclared allergens.,20130109,20150707,20170814,20150715,Product code: PinePwdr-BD; All lots,
Terminated,Anchorage,AK,United States,Class II,Food,77356,Alaska Pasta Company,636 E 15th Ave Unit C,N/A,99501,Voluntary: Firm initiated,Visit,distributed in AK only.,F-2351-2017,"Ravioli  Orso. Product is made refrigerated.    Product is packaged in plastic containers. The plastic containers are marked on the side of the container with the customer name (middle top), date of production (bottom left), and weight of product in lbs (bottom right). Some containers have Alaska Pasta written on them.     Product is not packaged for retail and weights vary depending on orders.",120.69 lbs.,"Undeclared soy lecithin. The firm used Canola oil cooking spray, which contains soy lecithin, in the manufacture of product but soy or soy lecithin is not declared on finished product label.",20170522,20170607,20171019,20170614,No lot codes.  The date of production is marked on the side of the plastic container.,
Terminated,Tukwila,WA,United States,Class II,Food,89789,Continental Mills (Corporate Office),18100 Andover Park W,N/A,98188-4703,Voluntary: Firm initiated,Letter,nationwide,F-0988-2022,"Item # 721-1000, Krusteaz Belgian Waffle Mix.  Product is shelf stable and packaged in a box. net wt. 28 oz., UPC 0 41449 00186 9.",450 cases,foreign materials,20220310,20220408,20230515,20220420,Lot code KX2064 and KX2065; Best by 3/4/24 and 3/5/24,
Terminated,Hauppauge,NY,United States,Class II,Food,68597,Country Life,180 Motor Pkwy,,11788-5107,Voluntary: Firm initiated,Letter,Nationwide and Kenya,F-2196-2014,"Country Life TARGET MINS CALCIUM MAGNESIUM With Vitamin D3 Complex, WILD BLUEBERRY FLAVOR, LIQUID Dietary Supplement, 16 FL. OZ. (1 PINT) (472 mL), Product No. 2523, Bar Code 015794025238, and 32 FL. OZ. (1 QT) (944 mL), Product No. 2522, Bar code 015794025221 --- Manufactured for Country Life, LLC 180 Vanderbilt Motor Parkway, Hauppauge, NY 11788","Lot 1112H6-G16: 2,902 bottles; Lot 1112H6-G32: 4,932 bottles",The affected lots do not meet quality standards due to insoluble particulates.,20140619,20140721,20170503,20140730,"Code 2523: Lot 1112H6-G16 (16 fl. oz), Code 2522: Lot 1112H6-G32 (32 fl. oz.)",
Terminated,Chicago,IL,United States,Class I,Food,92423,"Newly Weds Foods, Inc.",8550 W Bryn Mawr Ave,Suite 100,60631-3222,Voluntary: Firm initiated,Letter,"ALABAMA, ARKANSAS, CALIFORNIA, COLORADO, FLORIDA, GEORGIA, ILLINOIS, INDIANA, IOWA, KANSAS, KENTUCKY, LOUISIANA, MICHIGAN, MINNESOTA, MISSISSIPPI, MISSOURI, MONTANA, NEBRASKA, NEW JERSEY, NEW YORK, NORTH CAROLINA, OHIO, OKLAHOMA, OREGON, PENNSYLVANIA, TENNESSEE, TEXAS ,WISCONSIN.  CANADA.",F-1197-2023,S04380	BEEF RUB                    X1	50.00	BAG,"6,465,115.78 pounds Total",Products may contain Salmonella,20230526,20230705,20240723,20230712,YE674634 YE674635,
Terminated,Grand Rapids,MI,United States,Class I,Food,92119,Meijer Inc,2929 Walker Ave Nw,N/A,49544-6402,Voluntary: Firm initiated,E-Mail,"Meijer stores in Michigan, Indiana, Illinois, Ohio, Kentucky, and Wisconsin",F-0832-2023,Fresh From Meijer Chicken Cobb Salad 8.8 Oz UPC - 719283679321,4532,Listeria monocytogenes,20230405,20230509,20230512,20230517,Sell by 3/19/2023 to 3/28/2023,
Terminated,Brighton,MI,United States,Class II,Food,78405,"GKI Foods, LLC",7926 Lochlin Dr,N/A,48116-8329,Voluntary: Firm initiated,Press Release,"Domestic: MI, IN, IL, FL, TX, CA., NV, OR, NH, NY, NJ, VA, WI, KY, DE, PA, CT, PR, OH, RI, IA,",F-0316-2018,"Dark Chocolate Almond Bark 10 oz.,10 lbs.","1,517 cases","GKI Foods of Brighton, Michigan is voluntarily recalling multiple dark chocolate products because they may contain an undeclared milk allergen.",20171027,20171117,20180709,20171129,All products manufactured between 01/14/16 to 10/24/17; Lots: Lot# 01916B  Lot# 04216  Lot# 08916  Lot# 10216  Lot# 13216B  Lot# 16016B  Lot# 19316B  Lot# 19416B  Lot# 22316  Lot# 26016  Lot# 26316  Lot# 30516  Lot# 30616  Lot# 30616  Lot# 27516B  Lot# 31416  Lot# 32016  Lot# 35416B  Lot# 35516  Lot# 10817B  Lot# 11617  Lot# 11617  Lot# 12917  Lot# 15917  Lot# 17117  Lot# 19317  Lot# 19417  Lot# 21917B  Lot# 23417  Lot# 27617B  Lot# 27917    Lot# 04216  Lot# 08216B  Lot# 08216B  Lot# 10216  Lot# 10216B  Lot# 13216B  Lot# 13816  Lot# 20916  Lot# 20916  Lot# 22316  Lot# 22316  Lot# 25616B  Lot# 25816  Lot# 25816B  Lot# 25916  Lot# 25916B  Lot# 26016  Lot# 27516B  Lot# 30616  Lot# 33516  Lot# 34916  Lot# 35016  Lot# 01817  Lot# 02317  Lot# 04617  Lot# 19417  Lot# 19417  Lot# 19517  Lot# 19817  Lot# 19917  Lot# 20117  Lot# 20517    Lot# 08216B  Lot# 08916    Lot# 00616B  Lot# 01916B  Lot# 06016  Lot# 08216B  Lot# 10216B  Lot# 10216B  Lot# 13216B  Lot# 13816  Lot# 13816  Lot# 16016B  Lot# 18016  Lot# 18116  Lot# 20016  Lot# 20716B  Lot# 20916  Lot# 23516  Lot# 23916  Lot# 27516B  Lot# 32016  Lot# 33516  Lot# 33516  Lot# 34916  Lot# 35016  Lot# 35516  Lot# 35516B  Lot# 05517  Lot# 05917B  Lot# 06217  Lot# 06517  Lot# 06517  Lot# 09417  Lot# 09417  Lot# 10817B  Lot# 12917  Lot# 15917  Lot# 18617  Lot# 19317  Lot# 20517  Lot# 21217B  Lot# 21917B  Lot# 23417  Lot# 24817  Lot# 25117  Lot# 26517B    Lot# 04216  Lot# 05616  Lot# 06016  Lot# 19416B  Lot# 19516  Lot# 20016  Lot# 22316B  Lot# 23316  Lot# 23516  Lot# 26416B  Lot# 27516B  Lot# 34916  Lot# 35016  Lot# 01317  Lot# 01817  Lot# 02317  Lot# 05517  Lot# 09417  Lot# 17117  Lot# 18617  Lot# 26517B  Lot# 27917  Lot# 29217    Lot# 26316  Lot# 24817  Lot# 25017,
Terminated,North Chesterfield,VA,United States,Class I,Food,81226,"Ukrop's Homestyle Foods, LLC",600 Southlake Blvd Ste A,,23236-3956,Voluntary: Firm initiated,E-Mail,"Product was shipped to 5 different states:  Virginia, West Virginia, Kentucky, Ohio, Tennessee.    Retailer List  The Kroger Co.  VA, WV, TN, KY, OH  Harris Teeter  VA only  Publix  VA only  Hudson News  VA only  Ukrops Catering  VA only",F-0609-2019,"Ukrop's Cuban Style Sub,  NET WT 8.3 OZ (235g),   UPC 72251525152",2600 Packages,The products may have come into contact with equipment used to process the country ham the supplier recalled for Listeria monocytogenes.,20181004,20181113,20200626,20181121,125152,
Terminated,Boise,ID,United States,Class II,Food,85219,Winco Foods Llc,650 N Armstrong Pl,N/A,83704-0825,Voluntary: Firm initiated,Press Release,"Product was distributed in Arizona, California, Idaho, Montana, Nevada, Oklahoma, Oregon, Washington, Texas, and Utah.",F-0857-2020,"WinCo Foods frozen Berry Medley (Strawberries, Blackberries, Raspberries and Blueberries), item# 107412, packaged in polyethylene bags. Product is distributed by WinCo Foods, LLC, Boise, ID 83704.    Net weight 16 oz (1 lb or 454 g).  UPC 70552 30522.  Net weight  32 oz (2 lb or 907 g). UPC 70552 30512.    The label is read in parts: ""***WinCo FOODS*** Berry Medley***strawberries, blackberries, raspberries $ blueberries***KEEP FROZEN***"".","21,264 bags of Berry Medley.",The product was found to be adulterated with Norovirus.,20200313,20200325,20200520,20200401,Best By Code DEC/9/21.  Lot 4344905    Lot code breakdown as follows:    4 = IQF FACILITY  344 = JULIAN DATE (DECEMBER 10)  9 = YEAR 2019   05 = LINE # 5,
Terminated,Milwaukee,WI,United States,Class I,Food,62707,"Garden-Fresh Foods, Inc.",726 S 12th St.,N/A,53204-1211,Voluntary: Firm initiated,Letter,AZ  CA  FL  IA  IL  IN  MA  MI  MN  MO  OH  PA  TX  WI,F-2240-2012,"Dairy Fresh Special  Recipe Mustard Potato Salad, 16 oz.., 0 70163 98105 8",N/A,"Recalled salads, slaw, salsa, bean and dips contained onions that were recalled by Gills Onions due to potential Listeria monocytogenes contamination.",20120727,20120907,20121115,20120919,"98105, 8/22/2012",
Terminated,Oak Brook,IL,United States,Class II,Food,95578,Treehouse Foods,2021 Spring Rd Ste 600,,60523-1860,Voluntary: Firm initiated,Letter,Nationwide in USA and Canada,F-0206-2025,GOOD & GATHER	12/9oz GRDL WFL MINI HSTYLE ORG-GDGTR	UPC	085239343029 H-E-B	12/9oz GRDL WFL MINI HSTYLE ORG-HEBUT	UPC	041220708413 365 ORGANIC	12/9oz GRDL WFL MINI HSTYLE ORG - 365OR	UPC	099482436995 WEGMANS	12/9oz GRDL WFL MINI HSTYLE ORG - WEGMN	UPC	077890481448,"9,907,389 cases (total)",potential to be contaminated with Listeria monocytogenes,20241017,20241127,20250811,20241204,All Batch Codes starting with 2C and within shelf-life. Best By Dates: OCT 01 2024 to OCT 11 2025,
Terminated,Bedford Heights,OH,United States,Class I,Food,83170,Brand Castle LLC,5111 Richmond Rd,N/A,44146-1353,Voluntary: Firm initiated,"Two or more of the following: Email, Fax, Letter, Press Release, Telephone, Visit","Distributed in Ohio, Alabama, New York, South Carolina, Minnesota, Missouri, Utah, Iowa, Kansas, Nebraska.",F-1583-2019,"Chocolate Mint Chip Cookie Mix, 27.1 oz glass jar, 6/case",168 cases,Firm's supplier notified them of potential E.coli contamination in flour they received.,20190617,20190722,20191204,20190731,"Lot# LM101518, Exp 10/15/19",
Terminated,Sparks,NV,United States,Class I,Food,88432,Able Groupe Inc,1486 Kleppe Ln,N/A,89431-6428,Voluntary: Firm initiated,"Two or more of the following: Email, Fax, Letter, Press Release, Telephone, Visit",All sales are direct from firm website - littlebundle.com,F-0921-2021,Lebenswert Anfangsmilch Stage 1 Organic Infant Milk Formula,"76,000 units total","The required pre-market notifications for these new  infant formulas have not been submitted to the FDA. Some products contain less than 1 milligram of iron per 100 Calories and may not provide adequate iron for some infants, particularly infants born prematurely or with a low birth weight, had low iron levels at birth, or are at risk for becoming iron deficient due to illness. All products are not labeled as required by 21 CFR 107 .10 and 107.20 and do not bear mandatory labeling statements in English.",20210808,20210901,20210908,20210825,All codes,
Terminated,Brooklyn,NY,United States,Class II,Food,71288,Fine Land Corp,376 Vernon Ave,,11206-6702,Voluntary: Firm initiated,"Two or more of the following: Email, Fax, Letter, Press Release, Telephone, Visit",FL & NY via retail stores,F-2768-2015,"Fruit Juice Candy Bonbons de Jus de Fruits, Net Wt 8 oz (227g), UPC Code 6 923648 832113, Manufacturer. Jin Shun FA Food Co., Ltd. 147 community shops Southwest District Luoshan Street Jinjiang of Fujian, Sole Agent of U.S.A.: Fine Land Corp. 376 Vernon Ave, Brooklyn, NY 11206, Sole Agent of Canada: PT Trading Enterprises Ltd. 928 Kingsway, Vancouver, B.C. V5V 3C4.  Product of P.R.C.",27 cartons,The Florida Dept of Agriculture sample tested positive for lead at concentration of 0.226 ppm (ug/g).,20150511,20150624,20170328,20150701,MERRYY2011/10,
Terminated,Chicago,IL,United States,Class I,Food,92423,"Newly Weds Foods, Inc.",8550 W Bryn Mawr Ave,Suite 100,60631-3222,Voluntary: Firm initiated,Letter,"ALABAMA, ARKANSAS, CALIFORNIA, COLORADO, FLORIDA, GEORGIA, ILLINOIS, INDIANA, IOWA, KANSAS, KENTUCKY, LOUISIANA, MICHIGAN, MINNESOTA, MISSISSIPPI, MISSOURI, MONTANA, NEBRASKA, NEW JERSEY, NEW YORK, NORTH CAROLINA, OHIO, OKLAHOMA, OREGON, PENNSYLVANIA, TENNESSEE, TEXAS ,WISCONSIN.  CANADA.",F-1177-2023,G96378	LOTTA ZING SAUCE MIX    X2	15.00	CASE,"6,465,115.78 pounds Total",Products may contain Salmonella,20230526,20230705,20240723,20230712,MS249538,
Terminated,Grand Rapids,MI,United States,Class II,Food,63159,Spartan Central Kitchen,463 44th St SE,N/A,49548-4327,Voluntary: Firm initiated,E-Mail,MI and OH only.,F-0232-2013,#333 Caribbean Fruit Salad	5 pounds,203,"During an FDA inspection, microbiological swabs were collected and the results found that 21 sub samples in zones 1, 2 & 3 are positive for Listeria Monocytogenes (L.M.), Listeria innocua (L.I.) or Listeria seeligeri (L.S.).  The firm is voluntarily recalling all products manufactured from August 20th to September 10th 2012 due to the possible contamination.  All lots with sell by dates on or befo",20120910,20121018,20130219,20121024,All products with the sell by date on or before October 2nd.,
Terminated,Sunrise,FL,United States,Class II,Food,81215,NUTRANEXT BUSINESS LLC,1301 Swgrs Corp Pkwy,,33323-2813,Voluntary: Firm initiated,E-Mail,US and Foreign Consignees only. No government consignees.,F-0415-2019,Parasite Cleansing Kit Peppermint,839 pkgs,"Routine quality testing identified elevated levels of lead above applicable 2232 levels, which may pose potential health risks to a portion of the population.",20181001,20181108,20190702,20181114,Batch #  SC717  SC678  SC656  SC656  SC634  SC6260  SC573  SC553  SC542  SC535  SC529  SC513  SC504,
Terminated,Brooklyn,NY,United States,Class I,Food,88032,Banner Smoked Fish Inc.,2715 W 15th St,N/A,11224-2705,Voluntary: Firm initiated,"Two or more of the following: Email, Fax, Letter, Press Release, Telephone, Visit","NY, NJ, IL, PA, CA, FL, NE, AZ, MA, MD, VA, NV, OR, WI, NC, SC, and GA area.",F-0714-2021,"Banner Smoked Fish Inc. brand Sliced Gravlax (Salmon (fish), Salt, Sugar, Dill, Pepper, Sodium Nitrite)",N/A,Product may be contaminated with Listeria monocytogenes.,20210601,20210624,20211116,20210630,All lots; all package sizes; all product within expiry,
Terminated,Beloit,WI,United States,Class II,Food,83498,"Kerry, Inc",3400 Millington Rd,N/A,53511-9554,Voluntary: Firm initiated,"Two or more of the following: Email, Fax, Letter, Press Release, Telephone, Visit","Distributed to manufacturers and food service distributors in the following US states: AL, AR, CA FL, GA, MO, OH, OK, TX, and WI.",F-1998-2019,"Breader, Item Number 30753150.49, Net Wt. 50 lb, Distributed by Kerry Ingredients & Flavours, Beloit, WI","4,500 bags",Product contains foreign material (nylon string),20190729,20190813,20200206,20190821,"0617987101, 0620987105, 0624987102, 0624987103, 715987105, 718987105, and 0722987135",
Terminated,Milwaukee,WI,United States,Class I,Food,66819,"Garden-Fresh Foods, Inc.",726 S 12th St.,N/A,53204-1211,Voluntary: Firm initiated,Press Release,"IL, IN, MI, MN, MO, OH, PA, WI.",F-1039-2014,"Garden-Fresh,	Seafood Salad Rouille,	1/5 lb.,		0 11596 55187 6,	12/6/2013;","919,616.31 total pounds, for all products","Garden-Fresh Foods is recalling various cut vegetables,  ready-to-eat salads, slaw, spread and dip products sold under various brands and code dates manufactured prior to November 06, 2013  because they may be contaminated with Listeria monocytogenes.",20131107,20131218,20151029,20131225,"0 11596 55187 6, 12/6/2013;  ;",
Terminated,Hacienda Heights,CA,United States,Class III,Food,65733,Healthmaxx Global Inc.,16231 Elza Dr.,N/A,91745,Voluntary: Firm initiated,Letter,"CA, MD, and NY",F-1938-2013,"MAX Brand RESVERATROL, 120 Count Capsules.    Product labeling reads in part:""MAX RESVERATROL***Dietary Supplement 120 CAPSULES***Manufactured in FDA Approved Facility for:HealthMax Products Inc. Altadena, CA 91001***0 65176 30325 6"".","2,659 bottles","In response to a FDA inspection, the firm initiated this voluntary recall of various dietary supplements due to the following problems of mislabeling: 1) product named on the label is not actual product contained; 2)ingredients listed are not actual ingredients contained.",20130610,20130924,20141114,20131002,Lot # A0830  UPC 0 65176 30325 6,
Terminated,Buffalo,NY,United States,Class I,Food,76657,"Landies Candies, Inc.","2495 Main Street, Suite 350",N/A,14214-2154,Voluntary: Firm initiated,"Two or more of the following: Email, Fax, Letter, Press Release, Telephone, Visit",New York region through Wegman's Stores,F-1985-2017,"Wegmans Milk Chocolate Sucker, NET WT 3 OZ.  The product is shipped within a carton labeled with an orange label as  WEGMANS SWISS RECIPE Milk Chocolate Big Ear Bunny Sucker (3 oz 36 count case).  The individual product contains a lavender label and read Wegmans Milk Chocolate Sucker,  comes in a 3-oz., clear plastic flow wrap 6  long by 2  wide.",72 units,Contains Undeclared Peanuts,20170306,20170418,20180709,20170426,Lot #35016  Best by 9-15-2017,
Terminated,Beaverton,OR,United States,Class I,Food,66563,"Reser's Fine Foods, Inc.",15570 SW Jenkins Road,N/A,97006,Voluntary: Firm initiated,"Two or more of the following: Email, Fax, Letter, Press Release, Telephone, Visit","Distribution was made to AL, AR, AZ, CA, CO, CT, DE, FL, GA, HI, IA, IL, IN, KS, KY, LA, MA, MD, ME, MI, MO, MS, NC, NE, NH, NJ, NM, NV, NY, OH, OK, OR, PA, SC, SD, TN, TX, VA, WI, WV AND WY.   Distribution was also made to Canada.",F-1229-2014,"Stonemill Tabouli Salad, Formula VE.105 packaged in  2/5-lb (UPC 071117114966) carton cases.  Reser's Fine Foods, Inc., Beaverton, OR.",N/A,The recalled products are potentially contaminated with Listeria monocytogenes.,20131022,20131224,20170124,20140101,Use by dates 10/16/13 - 11/15/13.,
Terminated,Saint Cloud,MN,United States,Class I,Food,83950,"Coborn's, Inc",1921 Coborn Blvd,,56301,Voluntary: Firm initiated,E-Mail,"MN, ND, SD, WI",F-0095-2020,"Chicken Salad Croissant Sandwich, UPC 2 07275-XXXXX.  Keep Refrigerated.",quantity of finished product not tracked,Chicken Salad sandwiches have the potential to be contaminated with Listeria monocytogenes.,20191001,20191030,20191204,20191030,"Use by Dates on or before 0ct 3, 2019",
Terminated,Pleasanton,CA,United States,Class II,Food,73040,"Albertsons Companies, Inc.",5918 Stoneridge Mall Rd,N/A,94588-3229,Voluntary: Firm initiated,E-Mail,"CA, HI, NV",F-0554-2016,"Pantry Essentials Hot Dog Buns;  8 buns; NET WT 12 oz 340 g  UPC 0 21130 27084 2;  Distributed for: Lucerne Foods Inc.  Pleasanton, CA 94566    Contains: Wheat  May Contain eggs, milk.",1393 x 12 oz. packages,Cloth material that is part of the production equipment may be in the product.,20160110,20160205,20160209,20160217,Sell by 1/25/16,
Terminated,Albert Lea,MN,United States,Class II,Food,79633,"Mrs Gerry's Kitchen, Inc",2110 Yh Hanson Ave,,56007-3406,Voluntary: Firm initiated,E-Mail,"IA, IL, KS, MI, MN, MO, MT, ND, NE, SD, UT, WI",F-1025-2018,"Mrs. Gerry's Deviled Egg Potato Salad, Packaged into the following size containers:    1.  Net Wt. 3 lb. (1.36 kg) UPC 17839-09003,     2.  Net Wt. 5 lb. (2.26 kg), UPC 17839-09005.    3.  Net Wt. 12 lb. (5.45 kg), UPC 17839-09012  Keep Refrigerated.  Manufactured by Mrs. Gerry's, Albert Lea, MN  56007","11,286 lbs.",Firm is recalling various Egg Salads and Potato Salads because they may contain undeclared traces of imitation crab meat,20180325,20180416,20190621,20180425,Use by:  4/23/18,
Ongoing,Sacramento,CA,United States,Class II,Food,94390,Sacramento Cookie Factory,3428 Auburn Blvd,N/A,95821-1904,Voluntary: Firm initiated,"Two or more of the following: Email, Fax, Letter, Press Release, Telephone, Visit","U.S. Distribution to the following states: CA, AK, IA, NY, TX, FL, WA, NJ, WA, VA, GA, TN, AZ, AL, NC. For foreign or government distribution.",F-1218-2024,California Wine Wafer - Mocha Chocolate and Original Wine Wafer - Mocha Chocolate [Two sizes: retail package of 8 wafers (7 oz) and retail gift package of 2 wafers (2 oz)],"Retail package of 8 wafers: 1,169 units; Retail Gift of 2 wafers: 355 units",Undeclared allergen (milk),20240417,20240506,,20240515,All best by dates up to 4/2/2025 (shelf life is 1 year from manufacture date). Firm does not apply lot codes.,
Terminated,Beloit,WI,United States,Class II,Food,68307,Kerry Foods,3400 Millington RD,"Beloit, WI 53511 USA",53511-9554,Voluntary: Firm initiated,"Two or more of the following: Email, Fax, Letter, Press Release, Telephone, Visit","IL, WI, KY, PA, AR, KS.    CANADA",F-0577-2015,"Kerry 52-0189-02 All Purpose Beef & Chicken Meatball Seasoning, Net WT 43.42 lbs (19.69 Kg) , B18517.01.",8727.42 lb.,"Kerry Ingredients is recalling two products, Italian Pork and Beef Meatball Seasoning, and Beef and Chicken Meatball Seasoning, because they were processed on the same equipment as Breakfast Sausage Seasoning which tested positive for Salmonella.  Kerry determined that the source of the Salmonella was an ingredient used in the Breakfast Sausage Seasoning.",20140512,20141126,20170726,20141203,lot 0505460104,
Terminated,Dover,NJ,United States,Class III,Food,67476,"International Foodsource, LLC",52 Richboynton Rd,N/A,07801-2650,Voluntary: Firm initiated,"Two or more of the following: Email, Fax, Letter, Press Release, Telephone, Visit",Nationwide,F-1634-2014,"Valued Naturals Natural Coconut Net wt. 8oz (216.80g) Imported by Philippines   International Foodsource LLC 52 Richboynton Rd, Dover, NJ 07801    Packaged in 8 oz bag 12 per case.","20,569 lbs.",NYSDAM Laboratory Analysis Reports has determined that Valued Naturals Natural Coconut contains 28.1 ppm sulfites.,20131217,20140312,20141031,20140319,"UPC  7-90429-22603-6  Retail Lots -  62289, 62752, 63046, 63374, 63541, 63614, 63800    UPC 7-90429-22603-6  12x6x6 (5# boxes) - 63059",
Terminated,New York,NY,United States,Class II,Food,94392,FEEL GOOD FOODS INC,30 Vandam St Fl 3,,10013-1253,Voluntary: Firm initiated,Other,nationwide,F-1427-2024,Cream Cheese Stuffed Plain Mini Bagels,"Plain Mini Bagels 4,550 cases",Contains undeclared gluten,20240410,20240627,20240701,20240703,Best By Dates ranging from 5/29/24 to 9/17/25 UPC:89903900283,
Terminated,Contoocook,NH,United States,Class II,Food,65325,Contoocook Creamery,945 Penacook Rd,N/A,03229-3030,Voluntary: Firm initiated,"Two or more of the following: Email, Fax, Letter, Press Release, Telephone, Visit",NH only.  No foreign distribution.,F-1859-2013,Butter (salted).  8oz round clear plastic tub and 5 gallon pail.  UPC Code 7 93573 09802 3.,quantity unknown,Elevated coliform and standard plate count.,20130517,20130905,20160414,20130911,N/A,
Terminated,Dallas,TX,United States,Class I,Food,72041,"Hardies Fruit & Vegetable Co., LP",1005 North Cockrell Hill Rd,N/A,75211,Voluntary: Firm initiated,Telephone,"Dallas, TX",F-3244-2015,"FRESH ORIGINS Microgreens Celery NET WT 4 OZ San Marcos, CA 92069 packed in clear plastic clam shell.",1 box,Tested positive for Salmonella,20150825,20150922,20160411,20150930,1899,
Terminated,Minneapolis,MN,United States,Class II,Food,79663,Target Corporation,33 S 6th St,N/A,55402-3601,Voluntary: Firm initiated,Telephone,HI,F-1218-2018,Ben & Jerry's Non Diary Coconut 7 layer 16 fl oz    UPC: 768406744668    Target item number: 288-7-2060,2652 retail units total,Shipping container from CA to HI was not held at proper temperature which could cause food items to be contaminated with spoilage organisms or pathogens,20180327,20180503,20180503,20180509,"All product purchased at  Target store T2780, Honolulu, HI from March 23 through March 27, 2018.",
Terminated,Baltimore,MD,United States,Class I,Food,91653,"FRESH IDEATION FOOD GROUP, LLC dba Fresh Creative Cuisine",2800 Wegworth Ln,N/A,21230-3300,Voluntary: Firm initiated,Press Release,"The recalled product was distributed to the following states: MD, PA, DE, NY, DC, NJ, NC, CT, SC, VA, MA .",F-0237-2024,"Quick & Fresh, Tuna Salad Croissant, Net . Wt. 8 Oz. Single Serving, Keep refrigerated",6,"On 02/03/2023, FRESH IDEATION FOOD GROUP, LLC dba Fresh Creative Cuisine of Baltimore, MD is  initiating a recall of  various products sold from January 24, 2023 through January 30, 2023 because the products have the potential to be contaminated with Listeria monocytogenes .",20230203,20231017,20231017,20230322,UPC Code : 813141021694,
Terminated,Coconut Creek,FL,United States,Class II,Food,81988,"Nutrafuels, Inc.",6601 Lyons Rd Ste L6 And L7,,33073-3639,Voluntary: Firm initiated,"Two or more of the following: Email, Fax, Letter, Press Release, Telephone, Visit",US Domestic Consignees only.,F-1046-2019,"CTFO Pain Relief Oral Spray with pure CBD Hemp Oil isolate Dietary Supplement, 1oz/30ml.",840 units,"Recalling firm's consignee conducted third party micro testing showing microbial contamination in specific lots of the following products: CTFO Sleep Support Oral Spray (Aspergillus), CTFO Pain Relief Oral Spray (total aerobic bacteria), and CTFO Weight Loss Oral Spray (Enterobacteriaceae).",20190111,20190220,20190916,20190227,Lot 8180141  Exp: 7/20,
Terminated,Saint Cloud,MN,United States,Class II,Food,64617,Pan -O- Gold Baking Co,444 E Saint Germain St,N/A,56304-0749,Voluntary: Firm initiated,"Two or more of the following: Email, Fax, Letter, Press Release, Telephone, Visit","IL, IN, IA, MN, MT, NE, ND, SD, WI.",F-1239-2013,"Rye bread with the following brands:    Village Hearth , Rye Cottage Bread, NET WT 24 OZ ( 1 LB 8OZ) (680g) , East Coast Caraway Rye, NET WT 20 OZ (1 LB 4 OZ (567g) , PAN-O-GOLD VILLAGE HEARTH BAKER ST, ST. CLOUD, MN 56302.    	Cub Foods, Deli Rye, NET WT 16 OZ (1 LB) 454 g, Distributed by SUPERVALU INC., Eden prairie, MN 55344.    	Essential Everyday, Deli Rye Bread, NET WT 16 OZ (1 LB) 454 g Distributed by Supervalu Inc., Eden Prairie, MN 55344,                          Flvorite, Deli Rye, NET WT 16 OZ (1 lb) 454 g, Distributed by SUPERVALU INC., Eden prairie, MN 55344.    	Family Choice, Northern Rye Bread, NET WT 16OZ (1 LB) (454G), Seeded Bye Bread, NET WT 20 OZ (1 LB 4 OZ) (567g),  Unseeded Rye Bread, NET WT 20 OZ (1 LB 4 OZ) (567g), PAN-O-GOLD VILLAGE HEARTH BAKER ST, ST. CLOUD, MN 56302.    	Piggly Wiggly, Rye, Seeded Caraway Rye, NET WT 20 OZ (1LB 4 OZ) 568g., distributed by Piggly Wiggly LLC, Keene, NH 03431.    	Food  Club, Rye, NET WT 16 OZ (1 LB) 454g., Distributed by Topco Associates LLC, 7711 Gross Point Road, Skokie, ILL 60077.    	Shurfresh, Rye, Seeded Rye, Unseeded Rye, NET WT 16 OZ (1LB) 454g & 20 OZ (1LB 4 OZ) 567g., Distributed by Topco Associates LLC, 7711 Gross Point Road, Skokie, ILL 60077.",8274 loaves,A recall has been initiated by Pan-O-Gold Baking Co. after they were notified by Dakota Specialty Milling of a potential foreign material (stainless steel wire from disintegrated sifter screen) risk to the rye flour Pan O Gold uses as an ingredient in all of their rye breads.,20130206,20130319,20130404,20130327,"Feb 12 P1..., Feb 12 P3..., Feb 13 P1..., Feb 13 P3..., Feb 14 P1...,   Feb 14 P3..., Feb 15 P1..., Feb 15 P3...,Feb 16 P1..., Feb 16 P3...,Feb 17 P1...,   Feb 17 P3..., Feb 18 P1..., Feb 18 P3..., Feb 19 P1...,Feb 19 P3...",
Terminated,Union City,CA,United States,Class III,Food,76705,Lian Hwa Foods (USA) Inc.,1500 Atlantic St,N/A,94587-2006,Voluntary: Firm initiated,Letter,CA only,F-1900-2017,"Good Plenty Brand Supreme Abalone Noodles, 21.2 oz. box.  Each box contains Retort pouch of Noodles and Abalone.  These two pouches are packed together in the box; 10 boxes per case.",200 boxes,"During an FDA foreign inspection, it was discovered that Wheat was not properly declared on the product labeling. Wheat is an ingredient in the noodles contained in the product. Wheat is listed in the Contains statement.",20170214,20170407,20170501,20170419,"Noodle Pack: serial numbers :1-238, expiration date:23/Dec./2017  Abalone Pack: serial numbers : 1-217, expiration date:23/Dec./2017",
Terminated,Carnegie,PA,United States,Class II,Food,71095,Reaction Nutrition LLC,230 E Main St,N/A,15106-2700,Voluntary: Firm initiated,Letter,nationwide to retailers and consumers,F-2397-2015,"RN BlueChip: Glutamine, L-Glutamine Powder, 400 grams, Distributed by Reaction Nutrition, Carnegie, PA",366,Work out support nutritional supplements manufactured on shared equipment may contain unknown amounts of whey protein and soy.,20150415,20150605,20181121,20150617,"lot PB0042115, UPC 0019962168536",
Terminated,Dearborn,MI,United States,Class II,Food,97156,C SWEET PASTRY LLC,6235 Schaefer Rd,N/A,48126-2210,Voluntary: Firm initiated,Telephone,MI,H-0255-2025,"C Sweet Sweet Kaak 12 oz.,  UPC 721782348912",20 units,Undeclared wheat,20250625,20250710,20250812,20250716,Sell by 7/15/2025,
Terminated,Elmwood Park,NJ,United States,Class II,Food,64605,Ozone Confection & Bakers Supply Co.,55 Bank St,,07407-1146,Voluntary: Firm initiated,Telephone,"Florida, New Jersey, Pennsylvania, Massachusets and New Hampshire and Maryland.",F-1343-2013,"Assorted Non-Pareil Seeds; Ozone Confectioners, Elmwood Park, New Jersey 07407.  Non-Pareil Seeds, 10 LBS. Net",481 boxes (net wt 10 Lbs.),"Undeclared FD&C Colors Yellow #5, Yellow #6, Red #3, Red #40, Blue #1 and Blue #2.",20130307,20130424,20130701,20130501,distributed between 8/2012 and 3/1/2013.,
Terminated,Tampa,FL,United States,Class II,Food,70611,Cott Beverages Inc.,4506 Acline Dr. E,N/A,33605-5909,Voluntary: Firm initiated,"Two or more of the following: Email, Fax, Letter, Press Release, Telephone, Visit","US, Canada and Panama.",F-2176-2015,Inked Mango Energy Drink,"10,022 CS (24/CS)",May contain a trace amount of Tree Nuts (walnut) which is not listed in the ingredient list,20150224,20150506,20180823,20150513,"UPC(473 ml): 0-61500-12211-1,   UPC(12 x 473 ml): 0-61500-12212-8;   ALL LOT CODE DATES",
Terminated,Brooklyn,NY,United States,Class III,Food,94889,Tiffany Food Corp.,2042 Pitkin Ave,,11207-3430,Voluntary: Firm initiated,Letter,"NY, TX, AZ, NJ, TN",F-1492-2024,"Sweet Preserved Dried Plums; Farmer's Grange; Series Food; 88g; Plastic synthetic (flexible) package; INGREDIENTS: Plum, Salt, Sugar, ADDITIVES: Clove, Cinnamon, Liquorice, Citric acid, Red #40.; Product contains sulfite; PRODUCT OF CHINA (T.F.C).",22 cartons,Product contains undeclared cyclamates.,20240418,20240723,20250314,20240731,Expiration: 11-06-2024,
Terminated,Grand Rapids,MI,United States,Class II,Food,79163,"Meijer Distribution, Inc",2929 Walker Ave NW,N/A,49544-6402,Voluntary: Firm initiated,"Two or more of the following: Email, Fax, Letter, Press Release, Telephone, Visit","Domestic: Meijer stores in Michigan, Ohio, Indiana, Illinois, Kentucky and Wisconsin    No Foreign or VA/DOD",F-0875-2018,Meijer Greek Yogurt 0% Blueberry 5.3 oz.    The products are packaged in a plastic cup with a foil seal and a label listing the above-mentioned UPCs.,10080,The firm is announcing a voluntary recall of select Meijer branded Greek and Low-fat yogurt as a precautionary measure due to the potential risk of small particles of glass.,20180205,20180301,20180626,20180307,Date code for all products: 3/8/2018    7-60236-12431-3        Meijer Greek Yogurt 0% Blueberry 5.3 oz.,
Terminated,Milwaukee,WI,United States,Class I,Food,66819,"Garden-Fresh Foods, Inc.",726 S 12th St.,N/A,53204-1211,Voluntary: Firm initiated,Press Release,"IL, IN, MI, MN, MO, OH, PA, WI.",F-1020-2014,"Garden-Fresh,	Red Cabbage Shredded,	1/5 lb.,		0 11596 50590,  	Manufactured on 10/28/2013 - 11/6/2013;  Garden-Fresh,	Red Cabbage Shredded	4/5 lb.,		0 11596 50592 3,	10/28/2013 - 11/6/2013;","919,616.31 total pounds, for all products","Garden-Fresh Foods is recalling various cut vegetables,  ready-to-eat salads, slaw, spread and dip products sold under various brands and code dates manufactured prior to November 06, 2013  because they may be contaminated with Listeria monocytogenes.",20131107,20131218,20151029,20131225,0 11596 50590   10/28/2013 - 11/6/2013;    0 11596 50592 3 10/28/2013 - 11/6/2013    ;,
Terminated,Wayzata,MN,United States,Class II,Food,92013,"Cargill, Inc         Corporate Headquarters",15407 McGinty Rd W,,55391-2365,Voluntary: Firm initiated,E-Mail,"Nationwide United States, Canada, Chile, Costa Rica, Guatemala, Mexico, and United Kingdom",F-0792-2023,"PROSANTE TVGPTN 12BF7 MNCD 50LB BG/36P, paper bag","39,600 lbs",Products with a gluten free claim may contain gluten levels above 20 ppm.,20230330,20230501,20230608,20230510,100001377-36022CHXEA,
Terminated,Salinas,CA,United States,Class I,Food,78326,"Mann Packing Company, Inc.",1250 Hansen St,N/A,93901-4552,Voluntary: Firm initiated,"Two or more of the following: Email, Fax, Letter, Press Release, Telephone, Visit",US and Canada,F-0168-2018,"Mann's Family Favorites Broccoli Cauliflower Florets, 16 oz bags - UPC  716519012174- US    12 oz bags - UPC 716519013034 - US and Canada    Also sold under brand names of:  US  Archer Farms - 12 oz. bag:  UPC - 085239341148    HEB - 12 oz. bag  UPC - 4122097503    Signature Farms -   12 oz. bags  UPC - 021130983407  28 oz. bags  UPC -021130984497     Walmart - 12 oz. bag  UPC 681131328852-",12434 units,CFIA sampled one salad product which resulted in a positive result for Listeria monocytogenes.,20171019,20171114,20171205,20171115,Best if Used by - 16 oz.  10/14/2017  10/16/2017;    12 oz. bags; US  10/14/2017  10/15/2017  10/16/2017.    Archer Farms:  10/14/2017  10/15/2017    HEB:  10/14/2017  10/15/2017  10/16/2017    Signature Farms  12 oz. bags  10/14/2017  10/15/2017  10/16/2017   28 oz. bags  10/14/2017  10/15/2017  10/16/2017    Walmart 12 oz. bag  10/14/2017  10/15/2017  10/16/2017,
Terminated,Sabana Grande,PR,United States,Class II,Food,74684,"Productos La Finca, Inc.",Zona Industrial Machuchal,Ave. Quilinchini #61,00637,Voluntary: Firm initiated,Letter,Puerto Rico only.,F-2059-2016,"Product label reads in part: ""MR.SPECIAL PANCAKES***PANCAKES & WAFFLE MIX***Peso Neto/Net Weight 11 gr""",163 boxes of 12 (16 oz) canister each,Undeclared allergen: Soy lecithin,20160712,20160902,20170703,20160914,Lots: 15280 and 16118,
Ongoing,Brooklyn,NY,United States,Class II,Food,98134,D. Coluccio & Sons Inc.,1214 Through 1218 60th St,,11219-4929,Voluntary: Firm initiated,E-Mail,"NY, NJ, GA, CA",H-0366-2026,Sapori Amaretti Almonds 175 g Cookies,800 units,Contains elevated levels of hydrocyanic acid,20251214,20260106,,20260114,Lot L355122 1 - Best Before Date: 02.05.2026 LotL355246 1 - Best Before Date: 03.09.2026,
Terminated,Saint Petersburg,FL,United States,Class I,Food,81156,Working Cow Homemade Inc.,4711 34th St N Unit F,,33714-3060,Voluntary: Firm initiated,"Two or more of the following: Email, Fax, Letter, Press Release, Telephone, Visit",US Consignees only. No foreign nor government consignees.,F-0492-2019,"Coffee House Crunch Ice Cream, 3 gallons",806 tubs,Products may be contaminated with  Listeria monocytogenes.,20180928,20181113,20190426,20181121,"""8/29/2017 - 10/11/2018""",
Terminated,Chattanooga,TN,United States,Class II,Food,74305,"Grain Craft, Inc.",201 W Main St Ste 203,N/A,37408-1137,Voluntary: Firm initiated,"Two or more of the following: Email, Fax, Letter, Press Release, Telephone, Visit","FL, GA, LA, MI, MO, NC, NJ, TN and TX.",F-1602-2016,"Donut Flour, Net Wgt. 50 lbs. (22.68 kgs.), Mfg. By: Grain Craft, Birmingham, AL 35214.","279,514 CWTS",Possible Peanut Protein contamination.,20160524,20160706,20170119,20160713,"SKU: 1014050, Lot codes: 79-21-030216, 101-21-032816, 79-21-030216, 101-21-032816, 765-21-032116, 69-21-032316, 70-21-032516, 58-21-032516, 50-21-040216, 229-21-030910, 401-21-031616, 581-21-031816, 760-21-032416, 850-21-032916, 62-21-032916, 221-21-041116, 244-21-041316, 412-21-041916, 21-031616-01, 21-031616-01, 21-031716-01, 21-032416-01, 21-032416-01, 21-032516-01, 21-032516-01, 21-032816-01, 21-032916-01, 21-032916-01, 21-033016-01, 21-033016-01, 21-033116-01, 21-040516-01, 21-040616-01, 21-040716-01, 21-040816-01, 21-041216-01, 21-041316-01, 21-041516-01, 21-031416-01, 21-031516-01, 21-031516-01, 21-031716-01, 21-031716-01, 21-032116-01, 21-032116-01, 21-032316-01, 21-032316-01, 21-032416-01, 21-032816-01, 21-033016-01, 21-040616-01, 21-040816-01, 21-040816-01, 21-041116-01, 21-041116-01, 21-041316-01, 21-031616-01, 21-032116-01, 21-032416-01, 21-040616-01, 21-041116-01, 21-041516-01, 21-042516-01, 21-041616-01, 21-042216, 21-042616-01, 21-031616-01, 21-031716-01, 21-031616-01, 21-031816-01, 21-031716-01, 21-031916-01, 21-032116-01, 21-032216-01, 21-031816-01, 21-031816-01, 21-032116-01, 21-032516-01, 21-032216-01, 21-032316-01, 21-032616-01, 21-032816-01, 21-032916-01, 21-032516-01, 21-032516-01, 21-032816-01, 21-033016-01, 21-033016-01, 21-033116-01, 21-040216-01, 21-040216-02, 21-040416-01, 21-040516-01, 21-040116, 21-040616-01, 21-040516-01, 21-040716-01, 21-040616-01, 21-040716-01, 21-040816-01, 21-041116, 21-041216-01, 21-041416-01, 21-041516, 21-041816-01, 21-042016-01, 21-042116, 21-042216-01, 21-042516-01, 21-042616-01, 21-042616-01, 21-042716, 21-042816-01, and 21-042916-01 and 21-042916-01.",
Terminated,Fresno,CA,United States,Class I,Food,90667,"Lyons Magnus, Inc",3158 E Hamilton Ave,,93702-4163,Voluntary: Firm initiated,Telephone,Nationwide,F-1671-2022,"kate farms Peptide  1.5 Cal/mL, Plain, Sole-Source Nutrition Formula.  325 mL (11 fl oz) UPC  8 51823-00646 1.  12 count case UPC 00851823006379.  Shake Well.  A ready-to-use oral and tube feeding formula with enzymatically hydrolyzed organic pea protein.  Made for Kate Farms, Inc., 101 Innovation Place, Santa Barbara, CA  93708","53,818,025 total units",Findings and potential for Cronobacter sakazakii and Clostridium botulinum.,20220722,20220830,20240725,20220907,EXPANDED 8-10-2022        Lot Code 9031 / Best By Date 11/05/2022,
Terminated,Oak Brook,IL,United States,Class I,Food,74041,Treehouse Foods,2021 Spring Rd Ste 600,N/A,60523-1860,Voluntary: Firm initiated,Telephone,"US: AL, AZ, AR, CA, CO, CT, FL, IL, IN, IA, KS,KY, LA, ME, MD, MA, MI, MN,  MS,  MO, NE, NV, NM, NY, NC,ND, OH, OK, OR, PA,SC, TN, TX, UT, VA, WA, WI, WY.    OUS: HONDURAS, NICARAGUA, CHILE.",F-2433-2016,"UPC 041498205379,	Southern Grove Tuscan Trail Mix, Best By/Date Code: 4/28/2017 .","92,865 cases for all products",TreeHouse Foods is recalling products that may be impacted by sunflower seeds  contaminated with Listeria monocytogenes.,20160503,20160930,20170815,20161012,Best By/Date Code: 4/28/2017,
Terminated,Portland,OR,United States,Class II,Food,84979,"Lanvin French Bakery, LLC",8211 Ne Brazee St,N/A,97220-5320,Voluntary: Firm initiated,"Two or more of the following: Email, Fax, Letter, Press Release, Telephone, Visit",Distributed to Oregon and Washington.,F-0738-2020,"Deep-fried Donut (Banh Tieu) 3.2-ounce package in clear plastic bag, no UPC, no brand.    Product is labeled in part, ""BANH TIEU***Ingredients: bread flour, sugar, baking powder, salt, sesame seed, water, shortening oil.***Lanvin French Bakery***"".",49 bags,Undeclared wheat and soybean oil.,20200212,20200221,20200605,20200304,"02 15  02 15 means that the product is expired on February 15, 2020.",
Terminated,New York,NY,United States,Class II,Food,75407,"Roland Foods, LLC.",71 W 23rd St,,10010-4102,Voluntary: Firm initiated,Press Release,"Nationwide, Canada, and Nether Antilles",F-0369-2017,"Roland¿ Preserved Lemons, NET WT. 12.35 OZ., and Roland¿ PRESERVED LEMONS - BELDI, NET WT. 13 OZ., Item UPC 4122461002 and Case UPC 10041224610023 -- PACKED EXCLUSIVELY FOR ROLAND FOODS LLC, NEW YORK, NY 10010 --- The product is packed in a glass jar.",905 cases (12 jars per case),The product contains undeclared sulfites based on sampling and analysis by New York State Department of Agriculture and Markets and private laboratory testing.,20161011,20161028,20180618,20161109,"Lot # 20, Production Codes DA:169Z  P:0618 (ink jet printed on the jar lid); Lot # 21, Production Code P:Q0303 (ink jet printed on the jar lid);  Item # 61002 (on case label)",
Terminated,West Des Moines,IA,United States,Class I,Food,73431,Hy-Vee Stores Inc,5820 Westown Pkwy,N/A,50266-8223,Voluntary: Firm initiated,Press Release,"Product was distributed to IA, IL, MO, KS, NE, SD, MN, and WI.  There was no foreign/government/military distribution.",F-1572-2016,"Whole wheels and cuts of Maytag blue cheese re-packaged in foil or clear plastic wrap with scale labels in various weights.  Product was labeled as Maytag Blue Raw Milk, Maytag Blue, or Maytag Iowa Blue Cheese with PLU numbers beginning with 854089001.",1552 lbs.,Product may be contaminated with Listeria monocytogenes.,20160303,20160826,20160826,20160907,"Use by dates:  Jan. 20, 2016 through May 3, 2016.",
Terminated,Westfield,MA,United States,Class II,Food,83178,"C & S Wholesale Grocers, Inc.",53 Summit Lock Road,53 Medieros Way,01085-9777,Voluntary: Firm initiated,Telephone,"Two Target Stores 1. 98 Veterans Memorial Highway in Commack, New York 2. 160 North Research Place in Central Islip, New York",F-1858-2019,SABRA ROASTED RED PEPPER HUMMUS SINGLES - 6PK  UPC: 4082234273,unknown,Products were not held at an appropriate temperature due to a mechanical malfunction during transportation.,20190617,20190724,20190731,20190731,"Exact codes are unknown. The product being recalled was sold on June 17, 2019 at Target Stores in Commack, NY and Central Islip, NY.",
Ongoing,Union City,CA,United States,Class II,Food,98151,BHARAT BAZAR,34301 Alvarado Niles Rd,N/A,94587-4455,Voluntary: Firm initiated,Telephone,U.S. distribution: CA Foreign distribution: N/A,H-0417-2026,"SOMA KITCHEN NATURAL ASAFOETIDA Net Wt. 4 oz (0.25 lb) Product of India Manufactured for and Imported by: Bharat Bazar, Fremont, CA 94539 Use by : JULY-2027 Lot : NATL/ASFTP/G/24 (BB/ASFTP/G/24) UPC : 4 973993 173586 Ingredients :- Natural Hing",180 packages (4-oz./package),Undeclared wheat.,20251205,20260123,,20260204,Use by : JULY-2027 Lot : NATL/ASFTP/G/24 (BB/ASFTP/G/24) UPC : 4 973993 173586,
Terminated,E Stroudsburg,PA,United States,Class II,Food,90144,DYMSKI PIEROGI LLC,2583 Milford Rd,N/A,18301-9719,Voluntary: Firm initiated,"Two or more of the following: Email, Fax, Letter, Press Release, Telephone, Visit","Distributed to retail stores, restaurants, and distribution centers in NJ, MA, and PA.",F-1098-2022,Cheese & Scallion Pierogi  Grandma s Cuisine Cheese & Scallion Pierogi UPC: 8 67355 00040 2	16oz (454g) / 1 dozen,138 units,Undeclared milk,20220506,20220527,20221025,20220608,all lots,
Terminated,Coon Rapids,MN,United States,Class I,Food,67806,Parkers Farm Inc,9250 Holly St NW,N/A,55433-5800,Voluntary: Firm initiated,E-Mail,Nationwide.  No distribution outside the US.,F-1836-2014,Bacon Cold Pack Cheese sold under the following sizes and brands:    1.   Parkers Farm or Parkers label in 8 ounce (14002) and 14 ounce (17002) cups with snap on lid; 5 lb. Cheeseball Base - Bacon (14441) and 10 lb. (61760) pail with snap on lid;     2.  Bucky Badger in 8 oz. (31611) and 14 oz. (41611) cups with snap on lid.,"369,840 total cases for all varieties","Various Peanut butters, cheese spreads, cold pack cheese, salsa, cheese balls/logs have the potential to be contaminated with Listeria monocytogenes.",20140321,20140416,20151021,20140423,Sell by Date before 3/20/2015,
Terminated,Hacienda Heights,CA,United States,Class III,Food,65733,Healthmaxx Global Inc.,16231 Elza Dr.,N/A,91745,Voluntary: Firm initiated,Letter,"CA, MD, and NY",F-1916-2013,"Dietary Supplements under the same formulation, Labeled and Packaged in the Following:    MAX Brand Proste-Support, 150 Count Tablets.  Product labeling reads in part:""Manufactured for: HealthMax Products Inc. Altadena, CA 91001***"".","7,074 bottles","In response to a FDA inspection, the firm initiated this voluntary recall of various dietary supplements due to the following problems of mislabeling: 1) product named on the label is not actual product contained; 2)ingredients listed are not actual ingredients contained.",20130610,20130924,20141114,20131002,Lot # D0915,
Terminated,Hayward,CA,United States,Class II,Food,77471,Lyrical Foods Inc,3180 Corporate Pl,,94545-3916,Voluntary: Firm initiated,Letter,"US Distribution only to distributors in OR, CA, GA, CT, IA, TX, OH, CO, WA, NH, IN, NY, SC, FL, WI",F-2581-2017,"Kite Hill Almond Yogurt, Peach,  NET WT.  5.3 oz (150G)    Case UPC: 8-56624-00415-9    Distributed by Lyrical Foods, Hayward, CA.",1878 cases (12 x 5.3 oz. containers per case),Lyrical Foods is voluntarily recalling four flavors of Kite Hill Almond Yogurt with best by dates 07/03/17 and 07/04/17 as some of these packages have spoiled before the best by date.,20170607,20170713,20170814,20170719,Best Before 07/03/2017.,
Terminated,Brockport,NY,United States,Class II,Food,87583,Bonduelle USA Inc.,180 State St,N/A,14420-2051,Voluntary: Firm initiated,E-Mail,FL,F-0438-2021,"El Sembrador Peas and Carrots, poly bags, 12/16 oz",104 cases,Product may contain a foreign object (blue plastic).,20210316,20210420,20220523,20210421,Daycode: K10635  UPC: 009933600210  Best By 03/23,
Terminated,Mundelein,IL,United States,Class II,Food,64079,"Boba Direct, Inc.",807 E Orchard St,N/A,60060-3019,Voluntary: Firm initiated,"Two or more of the following: Email, Fax, Letter, Press Release, Telephone, Visit","US: IL, MO, OH, FL, and TN",F-2794-2015,"Foil bags containing 2.2 lbs. each of blueberry flavored powder and sold under the Boba Direct, Inc. brand.",N/A,Bubble tea powders contain undeclared allergens.,20130109,20150707,20170814,20150715,Product code: BlueberryPwdr-BD; All lots,
Terminated,Elk Grove Village,IL,United States,Class I,Food,95924,Grecian Delight/Kronos,1201 Tonne Rd,,60007-4925,Voluntary: Firm initiated,Letter,AR CA CO FL GA ID IL IN KS KY LA MD MI MN MO MS NC NJ NV NY OH PA SC TN TX VA WI,F-0379-2025,"Nick The Greek Spicy Yogurt Pail, 42lbs pail, UPC 10075365177756, SKU SA000085",141 - 42 lb. pails,potential for salmonella,20241202,20250103,20250423,20250115,Lot 4305,
Terminated,Woodward,IA,United States,Class II,Food,88727,Picket Fence Creamery L.L.C.,14583 S Ave,N/A,50276-6043,Voluntary: Firm initiated,Visit,Distributed to grocery stores in Iowa.,F-0096-2022,"Picket Fence Creamery, Woodward, IA, Chocolate Cherry ice cream, in Quarts, Pints, and 1/2 Pints","8 quarts, 4 pints, 7 ¿ pints",Undeclared soy lecithin.,20210915,20211104,20211118,20211110,best if used by  date of 3/31/22 or before,
Terminated,Oak Brook,IL,United States,Class I,Food,74041,Treehouse Foods,2021 Spring Rd Ste 600,N/A,60523-1860,Voluntary: Firm initiated,Telephone,"US: AL, AZ, AR, CA, CO, CT, FL, IL, IN, IA, KS,KY, LA, ME, MD, MA, MI, MN,  MS,  MO, NE, NV, NM, NY, NC,ND, OH, OK, OR, PA,SC, TN, TX, UT, VA, WA, WI, WY.    OUS: HONDURAS, NICARAGUA, CHILE.",F-2439-2016,"UPC 071725711939,	Amport Foods Milk Chocolate Peanuts, Best By/Date Code: 1/7/2017 .","92,865 cases for all products",TreeHouse Foods is recalling products that may be impacted by sunflower seeds  contaminated with Listeria monocytogenes.,20160503,20160930,20170815,20161012,Best By/Date Code: 1/7/2017,
Terminated,Atlanta,GA,United States,Class II,Food,62131,"Coca-Cola Refreshments, USA Inc.",2500 Windy Ridge Pkwy SE,,30339-5677,Voluntary: Firm initiated,Visit,"MO, IA and IL.",F-1733-2012,"Coca Cola Zero, 20 fl. oz., The Coca Cola Company.",1000 cases (24 bottles per case).,The product may exhibit off odor and off taste due to low levels of ammonium salts that may exist in these beverages.,20120601,20120706,20121011,20120718,"UPC 49000 04086, Optimum Taste Code; AUG062 SLA 12:52-13:44",
Terminated,Sioux City,IA,United States,Class I,Food,76154,"Palmer and Company, dba Palmer Candy Co",2600 N US Highway 75,N/A,51105-2444,Voluntary: Firm initiated,"Two or more of the following: Email, Fax, Letter, Press Release, Telephone, Visit","Product distributed to grocery stores and grocery store distribution centers in AL, AR, AZ, CA, FL, GA, IA, IL, IN, KS, KY, LA, ME, MI, MN, MO, MS, NC, NE, NM, NV, NY, OH, OK, PA, SC, SD, TN, TX, UT, VA, WA, WI, and WY",F-1504-2017,"Palmer's Candies Swirled Pretzels NET WT 5 OZ (141 g) packaged in foil bags, UPC Code 77232-13990",321/24/5 OZ/bags/cases,Product contains an ingredient that was recalled by a supplier because it may be contaminated with Salmonella,20170109,20170217,20190507,20170301,"Exp 8/30/2017, 9/7/2017",
Terminated,Stamford,CT,United States,Class II,Food,72821,Nestle Waters North America,900 Long Ridge Rd,Building 2,06902-1128,Voluntary: Firm initiated,Letter,Nationwide,F-0502-2016,"Sweet Leaf Organic Raspberry Iced Tea, 16 oz glass bottle  UPC: 6-51538-06703-6","13,175 cases (12/case)",Product contains glass particles,20151209,20160112,20160607,20160120,"Best By Dates:  6/30/16,  8/31/16, 10/31/16",
Terminated,Fresno,CA,United States,Class I,Food,90667,"Lyons Magnus, Inc",3158 E Hamilton Ave,,93702-4163,Voluntary: Firm initiated,Telephone,Nationwide,F-1634-2022,"Sysco Imperial Med Plus 2.0 butter Pecan Nutritional Drink.  High Calorie, High Protein.   Mildly Thick Nectar Consistency.    32 FL OZ (1 QT)  946mL  UPC 0 74865-92732 1.  Reorder # 0108936.  12 count case UPC 10074865927328.      Refrigerate prior to serving.  Shake well.   Refrigerate after opening and use within 3 days.    Distributed by  Sysco Corporation, Houston, Texas  77077.","53,818,025 total units",Findings and potential for Cronobacter sakazakii and Clostridium botulinum.,20220722,20220830,20240725,20220907,Lot Code 0012 / Best By Date 1/5/2023;     Lot Code 1412 / Best By Date 2/15/2023;           Lot Code 9512 / Best By Date 3/5/2023;     Lot Code 9902 / Best By Date 1/4/2023.        EXPANED 8-10-2022  Lot Code 0231 / Best By Date 08/12/2022.     Lot Code 0231 / Best By Date 08/13/2022.     Lot Code 0702 / Best By Date 12/06/2022.     Lot Code 1702 / Best By Date 12/07/2022.     Lot Code 6702 / Best By Date 12/12/2022.     Lot Code 7102 / Best By Date 10/14/2022.     Lot Code 8302 / Best By Date 11/04/2022.     Lot Code 8431 / Best By Date 09/10/2022.     Lot Code 9131 / Best By Date 08/12/2022.,
Terminated,Phoenix,AZ,United States,Class I,Food,71070,Inventure Foods,5415 E High St Ste 350,,85054-5484,Voluntary: Firm initiated,"Two or more of the following: Email, Fax, Letter, Press Release, Telephone, Visit","AL, AR, AZ, CA, FL, GA, IL, IN, KS, KY, LA, MD, MA, MI, MN, MS, MO, MT, NE, NJ, NY, NC, OH, OK, PA, SC, TN, TX, VT, VA, WI and WV.",F-3016-2015,"Steamables California Blend, Net Wt. 10 Oz., Dist. By Fresh Frozen Foods, Inc., Jefferson, GA 30549, UPC 0-86069-11275-5,  Fresh Frozen California Blend, Net Wt. 16 Oz. (1 Lb.), Dist. By Fresh Frozen Foods, Inc., Jefferson, GA 30549, UPC 86069-20013-1, Fresh Frozen Grade A California Blend, Net. Wt. 32 Oz. (2 Lb.), Dist. By Fresh Frozen Foods, Jefferson, GA 30549, UPC 0-86069-20011-7, Fresh Frozen Grade A California Blend, Net Wt. 80 Oz. (5 Lb.) 2268g, Dist. By Fresh Frozen Foods, Jefferson, GA 30549, UPC 86069-50011-8, Fresh Frozen Grade A Premium California Blend, Net Wt. 32 Oz. (2 Lb.) 907g, Dist. By Fresh Frozen Foods, Inc., Jefferson, GA 30549, UPC 86069-20014-8, The Inn Grade A Fancy California Blend, Net Wt. 32 Oz. (2 LB) (907g), Packed For Inn Foods Inc., 310 Walker St., Watsonville, CA 95076, UPC 86289-20420-9",,Listeria contamination due to various GMP violations. possible.,20150423,20150817,20170301,20150826,"UPC 0-86069-11275-5 FF Item Number S814, UPC 0-86069-20013-1 FF Item Number 81499, UPC 0-86069-20011-7 FF Item Number 814, UPC 0-86069-50011-8 FF Item Number 815, UPC 0-86069-20014-8 FF Item Number 813, UPC 86289-20420-9",
Terminated,Dallas,TX,United States,Class II,Food,91234,Hippos and Hashbrowns,10813 Castolon Dr,,75228-2515,Voluntary: Firm initiated,Letter,Texas,F-0257-2023,Take & Bake Sourdough Biscuits UPC 44216-26512 packaged in metal tin with clear plastic nonflexible lid,114 units,Label does not include the common name for the allergens milk and wheat,20221121,20230112,20240430,20230118,all best by dates until a best by date later than 05/16/2023.,
Terminated,Louisville,KY,United States,Class II,Food,68486,"Koogee-Queen Anne, LLC",2221 Frankfort Ave,,40206-2407,Voluntary: Firm initiated,"Two or more of the following: Email, Fax, Letter, Press Release, Telephone, Visit",Distributed in the states of Indiana and Kentucky,F-2152-2014,"Mocha Almond Fudge Ice Cream, Manufactured by: Koogee-Queen Anne, LLC, d/b/a The Comfy Cow 2221 Frankfort Ave, Louisville, KY 40206.",1 - 3gal unit; 1 - 5.2qt unit,"During an FDA inspection the firm was notified that their bulk product lacked labels. Due to the lack of ingredient statement, the firm failed to declare direct allergens for the products. The products also lacked the declaration that they are packaged in a facility that processes peanuts, tree nuts, wheat, milk and eggs.",20140410,20140709,20140902,20140716,Codes on the products distributed to Comfy Cow retail locations are not tracked.,
Terminated,Bronx,NY,United States,Class II,Food,85882,Sundial Herbal Products,3609 Boston Rd,N/A,10466-5810,FDA Mandated,Letter,NY,F-1479-2020,"""SUNDIAL***Traditional Herbal Products***TRADITIONAL ORGANIC HERBS***WHITE JOINTA***1 oz.***USES: NERVES, COLD, ASTHMA, BRONCHITIS, MUCOUS FEVER MENSTRUAL PROBLEMS***""; packaged in clear plastic zip-top bags",Unknown,Recall required by Order of Permanent Injunction. The products are misbranded and deemed unapproved drugs based on labeling claims.,20200630,20200915,20221026,20200909,"Product manufactured, processed, packed, held, and/or distributed during the time period beginning 1/1/2014 through 5/27/2020.",
Terminated,Beaverton,OR,United States,Class I,Food,95937,"Reser's Fine Foods, Inc.",15570 SW Jenkins Rd,,97006-6003,Voluntary: Firm initiated,"Two or more of the following: Email, Fax, Letter, Press Release, Telephone, Visit","Distributed in AZ, CA, CO, FL, GA, IL, IN, KS, LA, MD, MN, MO, NC, NY, OH, OK, TX, UT and WY.",F-0362-2025,"Beef & Lamb Gyro Sandwich Express Meal Kit. Net wt. 31.8oz. UPC 0 13454 38313 1.   Each kit contains 6 Pitas, Gyro Meat, Tzatziki Sauce 3oz. cups, Fire Feta Sauce, Feta Cheese Crumbles.  Packaged in clear plastic clamshell. Distributed by Fresh Creative Foods, Vista CA.",5271 cases,Salmonella. Beef & Lamb Gyro Sandwich Express Meal Kit contains implicated cucumber in the tzatziki sauce 3oz. cup.,20241206,20241231,20250226,20250108,Kit has use by dates:   12/24/2024  12/25/2024 12/28/2024  1/2/2025  1/6/2025,
Terminated,Elizabeth,NJ,United States,Class II,Food,75248,Wakefern Food Corp.,505 Division St,N/A,07201-2038,Voluntary: Firm initiated,Letter,"CT, DE, MD, PA, NY, & NJ",F-0777-2017,Gourmet Chocolate Dipped Cookies  Net Wt. 46 oz UPC 269969414994,unknown,Cookies may contain metal pieces.,20160805,20161219,20201118,20161228,Gourmet Chocolate Dipped Cookies  Net Wt. 46 oz UPC 269969414994  08/30/16,
Terminated,Kent,WA,United States,Class II,Food,95379,Lemonland Food Corp,19039 62nd Ave S,,98032,Voluntary: Firm initiated,"Two or more of the following: Email, Fax, Letter, Press Release, Telephone, Visit",Distributed in WA,F-0049-2025,"Item FLD1040A, Wild Leeks, distributed in plastic clamshell containers. Net wt. 0.315lb.  The H-Mart label declares: Wild Leeks, Sugar, Soy Sauce.",Total 3.15lb.,Soy Sauce is declare but Wheat and Fish (Anchovy) are not declared.,20240911,20241016,20241126,20241023,Exp dates: 9/10/24 and 9/11/24,
Terminated,Portsmouth,NH,United States,Class II,Food,77489,High Liner Foods Inc.,1 Highliner Ave,N/A,03801-4146,Voluntary: Firm initiated,"Two or more of the following: Email, Fax, Letter, Press Release, Telephone, Visit",Nationwide,F-2769-2017,HFS 10/6lb Breaded Crispy Style Cod Fish Portions  Item Number: 10003220,"693,408 cases (total for all products)",Product may contain undeclared milk.,20170609,20170815,20171214,20170823,Lot Number: 0047040211; 0047040110,
Terminated,Snohomish,WA,United States,Class I,Food,70075,Snoqualmie Gourmet Ice Cream,21106 86th Ave SE,,98296-7904,Voluntary: Firm initiated,"Two or more of the following: Email, Fax, Letter, Press Release, Telephone, Visit",distributed nationwide,F-1560-2015,"Hazelnut Gelato, sold under Snoqualmie Ice Cream brand.  Product is sold in 1.5 gallon plastic tubs, in addition to other unknown size/containers. No UPC.",21 / unknown container sizes; 3/ 1.5 gallon tubs,Hazelnut Gelato is being recalled due to the potential to be contaminated with Listeria monocytogenes.,20141221,20150701,20160223,20150708,"Production dates from January 1, 2014 through December 15, 2014.",
Terminated,Rochester,NY,United States,Class II,Food,68832,"Wegmans Food Markets, Inc.",1500 Brooks Ave,N/A,14624,Voluntary: Firm initiated,"Two or more of the following: Email, Fax, Letter, Press Release, Telephone, Visit","New York, Pennsylvania, Maryland, Virginia, New Jersey, Massachusetts",F-0723-2015,"Lg. Fruit Crostata, 21 oz., UPC 20829300000;   Sm. Fruit Crostata, 7 oz., UPC 20829900000;   Lg. Nectarine Crostata, 21 oz., UPC 20823100000;   Sm. Nectarine Crostata, 6 oz.,  UPC 20832600000",N/A,"Wegmans Food Markets, Inc. voluntarily recalled fresh individually sold, bagged and sliced fresh plums, nectarines and peaches, peach salsa and several in-store baked desserts that may contain fresh peaches, nectarines, and/or plums.  The fruit may be contaminated with Listeria monocytogenes.",20140720,20141215,20141216,20141224,"Lg. Fruit Crostata, 21 oz.: UPC 20829300000 and no other coding; Sm. Fruit Crostata, 7 oz.: UPC 20829900000 and no other coding; Lg. Nectarine Crostata, 21 oz.: UPC 20823100000 and no other coding; Sm. Nectarine Crostata, 6 oz.: UPC 20832600000 and no other coding.",
Terminated,Tonawanda,NY,United States,Class II,Food,78399,"First Source, LLC",100 Pirson Pkwy,N/A,14150-6727,Voluntary: Firm initiated,"Two or more of the following: Email, Fax, Letter, Press Release, Telephone, Visit","AR, AZ, CA, CO, FL, GA, IL, KY, LA, MA, MD, ME, MN, NC, NJ, NM, NV, NY, TX, UT, VA, VT, and WV  Foreign: Canada",F-0482-2018,"Wegmans Dark Chocolate Strawberries 13.5oz (383g) tub, UPC: 0 77890 38187 8",775 cases,Chocolate products contain undeclared milk,20171030,20171213,20180816,20171220,All date codes,
Terminated,Blaine,WA,United States,Class II,Food,86206,"Natures Path Foods USA, Inc.",2220 Natures Path Way,N/A,98230-9158,Voluntary: Firm initiated,"Two or more of the following: Email, Fax, Letter, Press Release, Telephone, Visit","CO, IN, NC, NH, TX, and WI.",F-1254-2020,"Gluten-Free Organic Mesa Sunrise Cereal USA, Nature's Path brand.  Shop Order # 127895. Product is Ready to eat breakfast cereal and shelf stable.  Packaged in poly film bag.  Each bag has a net Wt. 26.4 oz., each case has 6 bags.  Case UPC: 0 58449 77901 8.    The label is read in parts: ""***Gluten-Free***MESA SUNRISE REAL Crunchy Cereal *** CORN, FLAX, BUCKWHEAT, QUINOA & AMARANTH *** INGREDIENTS: Corn meal and/or yellow corn flour, cane sugar, flax seeds, buckwheat flour, quinoa, amaranth, sea salt, tocopherols (vitamin E) ***Produced in a facility that uses tree nuts, peanuts, and soy***"".","384 cases (or 2,304 bags total)",Undeclared Wheat and/or Barley.,20200807,20200820,20201207,20200826,"Best Before 2020 Nov 12.  Lot No 201112.  Shop Order 127895.  Julian Pack Date 138.  Pallet ID s: 127895-106, 127895-107, 127895-108, and 127895-109.",
Completed,Beaverton,OR,United States,Class I,Food,97713,"Reser's Fine Foods, Inc.",15570 SW Jenkins Rd,,97006-6003,Voluntary: Firm initiated,"Two or more of the following: Email, Fax, Letter, Press Release, Telephone, Visit","Item #404736 was distributed in AZ, CA, CO, UT, and WA. Item #404637 was distributed in AZ, CA, CO, and TX. Item #404284 was distributed in AZ, CA, CO, FL, GA, IN, MD, MO, OR, PA, TX, UT, and WA.",H-0090-2026,"Fresh Creative Foods (FCF) item #404637 Basil Pesto Bowtie Pasta Kit Item V, UPC#13454 38053. Perishable/Refrigerated product. Net wt. 10.5625lbs. This kit contains 2/3lbs. sealed bags of affected Bowtie Pasta, and it is not sold directly to consumers.","Item #404637 = 3,252 cases",Salad Kits are recalled due to potential contamination with Listeria monocytogenes.,20250926,20251017,,20251029,Use by Dates:  9/13/2025 9/16/2025 9/18/2025 9/19/2025 9/20/2025 9/21/2025 9/23/2025 9/24/2025 9/25/2025 9/26/2025 9/27/2025 9/28/2025 9/29/2025 9/30/2025 10/1/2025 10/2/2025 10/3/2025 10/4/2025,
Terminated,Warren,MI,United States,Class I,Food,65392,"Lipari Foods, Inc.",26661 Bunert Rd,N/A,48089-3650,Voluntary: Firm initiated,"Two or more of the following: Email, Fax, Letter, Press Release, Telephone, Visit","Ohio, Michigan, West Virginia, Kentucky, Tennessee, Pennsylvania, Wisconsin, Illinois, and Indiana.",F-1662-2013,"Item Number: 192874  Item Description: BAG CLR SUNFLOWER MEAT W/SLT  Case Pack: 12  Package Size: 7 OZ Clear Plastic Bag (Pic-A-Nut Label on Front, Nutritional Label on Back)  UPC Number: 070207000424",127 cases,"Contamination with Listeria monocytogenes, an organism which can cause serious and sometimes fatal infections in young children, frail or elderly people, and others with weakened immune systems. Although healthy individuals may suffer only short-term symptoms such as high fever, severe headache, stiffness, nausea, abdominal pain and diarrhea, Listeria infection can cause miscarriages and stillbirt",20130604,20130711,20131017,20130717,Lot Number: 15201304  Best By Date: 4/15/2014,
Terminated,Forsyth,MO,United States,Class II,Food,66658,National Enzyme Co,10203 State Highway 76,N/A,65653-5445,Voluntary: Firm initiated,"Two or more of the following: Email, Fax, Letter, Press Release, Telephone, Visit","Domestic distribution of the product is nationwide with direct accounts in 27 states in all geographical regions. Foreign distribution consists of direct accounts in the following countries: Canada, China, Malaysia, Norway, Slovakia, South Korea, Sweden, Taiwan, and the United Kingdom.",F-0789-2014,"Bulk B807 True Botanica Digestive, packaged in varying quantities within poly bags within corrugated boxes (for domestic distribution) or fiber drums (for international distribution) (SKU 83377);",25.9 kg of powder,Firm is recalling dietary supplements containing a raw material which may contain >0.3 ppb chloramphenicol,20131030,20131213,20150303,20131225,Lot #: 83377001,
Terminated,Tillamook,OR,United States,Class II,Food,81601,TILLAMOOK COUNTY CREAMERY ASSOC,4185 Highway 101 N,N/A,97141-7770,Voluntary: Firm initiated,E-Mail,"distributed in AZ, CA, CO, GA, ID, MN, NV, OR, TX, UT, and WA.",F-0693-2019,"Chocolaty Chip Cookie Dough ice cream (item #67016), packaged in 1.75 qt. container. UPC 0 72830 07016 4.    The label is read in parts: ""***Tillamook ***ICE CREAM *** CHOCOLATY CHIP COOKIE DOUGH *** CONTAINS: MILK, WHEAT, SOY, TREE NUTS (COCONUT), EGG.  IT IS MADE WITH EQUIPMENT THAT ALSO MAKES PRODUCTS CONTAINING PEANUTS.***""","5,362 cases (6/1.75 qt. containers per case)","Chocolaty Chip Cookie Dough ice cream (item #67016), packaged in 1.75 qt. containers, is recalled because product contains trace amounts of undeclared color additives Amaranth and Yellow No. 6 in the chocolate freckles and chocolate fudge pieces ingredients.",20181116,20181206,20190417,20181212,-BEST IF USED BY AUG 18 2019  -BEST IF USED BY SEP 25 2019  06-26 8268 HH:MM  -BEST IF USED BY OCT 08 2019  06-26 8281 HH:MM  -BEST IF USED BY OCT 24 2019  06-26 8297 HH:MM,
Terminated,Oxford Station,Nova Scotia,Canada,Class II,Food,77483,Oxford Frozen Foods Plant 1,4881 Main St,N/A,N/A,Voluntary: Firm initiated,Letter,"RI, ME, NY, CT, PA, VA, NJ, MA, NC, WI, NH",F-2444-2017,"1/2"" Thick Cut Beer Battered Onion Rings: ALE HOUSE BEER BATTERED STEAK CUT ONION RINGS NET WT. 10 lb (4.45 kg) - 33074","36,983 cases (total for all products)",Product may contain undeclared milk.,20170607,20170706,20191028,20170712,Jan 11/17 to Jun 6/17 YYMMDD 170111 to 170606,
Terminated,Boston,MA,United States,Class I,Food,62758,Fresh Ideas Inc.,18 Bunker Hill Industrial Park,N/A,02129-1621,Voluntary: Firm initiated,E-Mail,"MA, ME, RI, NH, CT, VTM, NY AND Nj",F-2069-2012,"Small Soup Vegetable Mix:-(Item #CC4)  Spanish Onions {1/4"" dice), Carrots, Celery  Medium Soup Mix Vegetables (Item #CC5)  Spanish Onions (1/2"" dice), Carrots. Celery  5 lb poly bags  Packed by: Fresh Ideas Co., 18 Bunker Hill Industrial Park, Boston, MA 02129  Item # 00254",35 cases,Products contain recalled Gill's Onions due to Listeria monocytogenes,20120726,20120827,20130307,20120905,"Use By: 7/19/12,  7/20/12, 7/21/12, 7/22/12, 7/24/12, 7/25/12",
Terminated,Sioux City,IA,United States,Class I,Food,76154,"Palmer and Company, dba Palmer Candy Co",2600 N US Highway 75,N/A,51105-2444,Voluntary: Firm initiated,"Two or more of the following: Email, Fax, Letter, Press Release, Telephone, Visit","Product distributed to grocery stores and grocery store distribution centers in AL, AR, AZ, CA, FL, GA, IA, IL, IN, KS, KY, LA, ME, MI, MN, MO, MS, NC, NE, NM, NV, NY, OH, OK, PA, SC, SD, TN, TX, UT, VA, WA, WI, and WY",F-1502-2017,"Palmer's Candies Peppermint Bark A) NET WT 9 OZ (255 g) packaged in plastic clamshell containers, UPC Code 77232-17270; B) NET WT 10 OZ (283 g) packaged in paper bags, UPC 77232-23091; C) NET WT 8 OZ (226 g) packaged in paper boxes UPC 77232-12146; C) NET WT 9 OZ (255 g) packaged in plastic clamshell containers UPC 77232-16309; D) NET WT 9 OZ (255 g) packaged in paper boxes UPC 77232-16042; E) 10 lbs. Net Weight (4.54 kg) packaged in cardboard boxes UPC 77232-10770","A) 3,675/16/9 OZ/clamshells/cases, B) 1,141/18/10 OZ/bags/cases, C) 7,538/24/8 OZ/boxes/cases D) 1/12/9 OZ/boxes/cases E) 1,021 cases",Product contains an ingredient that was recalled by a supplier because it may be contaminated with Salmonella,20170109,20170217,20190507,20170301,"Exp 7/12/2017, 7/13/2017, 7/14/2017, 7/17/2017, 7/18/2017, 7/19/2017, 7/20/2017, 7/21/2017, 7/24/2017, 7/27/2017, 7/28/2017, 8/1/2017, 8/2/2017, 8/3/2017, 8/4/2017, 8/7/2017, 8/9/2017, 8/10/2017, 8/18/2017, 8/19/2017, 8/21/2017, 8/29/2017",
Terminated,Grand Rapids,MI,United States,Class II,Food,63159,Spartan Central Kitchen,463 44th St SE,N/A,49548-4327,Voluntary: Firm initiated,E-Mail,MI and OH only.,F-0278-2013,#024 Diced Pepper & Onions	9 ounces,494,"During an FDA inspection, microbiological swabs were collected and the results found that 21 sub samples in zones 1, 2 & 3 are positive for Listeria Monocytogenes (L.M.), Listeria innocua (L.I.) or Listeria seeligeri (L.S.). The firm is voluntarily recalling all products manufactured from August 20th to September 10th 2012 due to the possible contamination. All lots with sell by dates on or before",20120910,20121018,20130219,20121024,All with sell by dates on or before 15-Sep with UPC 0-11213-90412,
Terminated,Gardena,CA,United States,Class I,Food,74243,"Let's Do Lunch, Inc.",310 W Alondra Blvd,,90248-2423,Voluntary: Firm initiated,Letter,U.S. distribution nationwide.     No foreign distribution.,F-1894-2016,Cafe Favorites  Oven Roasted Turkey Breast & Cheese Deli Flatz-IW  Code #C22348/22348,,Potential Listeria monocytogenes contamination.,20160523,20160805,20170531,20160817,Lot #040115-050616,
Terminated,Chicago,IL,United States,Class II,Food,77194,Newly Weds Foods Inc,2501 N Keeler Ave,N/A,60639-2131,Voluntary: Firm initiated,Letter,"Nationwide, Mexico, Canada",F-3175-2017,"B2ADU3,  BATTER MX X1*,  NET WT 50 LBS, Manufactured By: Newly Weds Foods, Inc., Chicago, IL 60639","2,600 lbs",Product may contain undeclared milk.,20170503,20170817,20190805,20170726,Product #B2ADU3; Lot #WN040217D,
Terminated,Santa Fe Springs,CA,United States,Class II,Food,82925,"Wismettac Asian Foods, INC",13409 Orden Dr,N/A,90670-6336,Voluntary: Firm initiated,Letter,"AZ, CA, CO, NV, TX, UT and one customer in Mexico",F-1451-2019,"CHOCOLATE ALMOND CHOCOLATE MEIJI, 3.1 oz.  Item number 64344    UPC 074410643447 - only on those bars with English labeling.    Distributed by Wismettac Asian Foods, Inc.",142 cases  (10 individual items in inner carton) x 8 / master case,"Some chocolate products imported from Japan do not have the English label for Nutrition facts, ingredients or allergens, which include milk, soy, egg, tree nuts.",20190516,20190612,20190705,20190619,Bars with Japanese Bar code of JAN(4902777004532),
Terminated,Maple Ridge,N/A,Canada,Class II,Food,88438,Naturo Aid Pharmaceutical Inc.,20285 Stewart Cres Unit 302,N/A,N/A,Voluntary: Firm initiated,E-Mail,"Distributed in Arizona, California, Florida, Kansas, Minnesota, Montana, New Jersey, Oregon, Pennsylvania, and Washington.",F-0978-2021,"Vita Aid SynerClear (Unflavoured), VA-925.  The product is a powder, packaged in a plastic bottle and a white cap, with a net weight of 650g.",302 units,Undeclared Milk.  Products may be contaminated with milk residue.,20210525,20210913,20210921,20210922,Lot 136077P1 (expiry date 12/2023); Lot 144876P1A (expiry date 03/2023).,
Terminated,Olympia,WA,United States,Class II,Food,86112,San Francisco Street Bakery Inc.,1320 San Francisco Ave Ne,N/A,98506-4138,Voluntary: Firm initiated,Telephone,distributed in WA only.,F-1325-2020,"Poppy Seed Bagel, San Francisco Street Bakery brand, keep at ambient temperature.  Packaged in flex poly bags for bulk or various quantities specific to customer order. No UPC.    The bagel bulk product label read: POPPY SEED BAGEL: Bread Flour (Unbleached Wheat Flour, Vitamin C, Niacin, Reduced Iron, Thiamine Mononitrate, Riboflavin, Folic Acid), Poppy Seed, Water, Salt Yeast, Brown Sugar.",14 bagels,"The firm used pan release spray, which contains soy lecithin, on equipment and finished products labels do not declare soy lecithin.",20200723,20200826,20200827,20200819,"Production dates July 6-7, 2020.  No code or expiration date noted on the packages.  Firm color codes tie closures representing the days of the week.",
Terminated,Sisters,OR,United States,Class III,Food,82954,LAIRD SUPERFOOD INC,295 W Lundgren Mill Dr,N/A,97759,Voluntary: Firm initiated,Letter,distributed nationwide and in Canada.,F-1456-2019,"Performance Mushrooms product is dried mushroom blend of 4 different mushroom mycelial biomass powders cultured on certified organic oats, brand Laird Superfood, uses as Beverage Booster and Functional Fuel Supplement.    Product is packaged in 3.17 oz (90 gram) stand up with zipper, heat-sealed pouches. There are 6 pouches per case or 24 pouches cases.","estimated 24,862 pouches",The product  is incorrectly labeled with 14 mg of Iron and 78% DV when the actual amount is 14 mcg of Iron and 0% DV.,20190524,20190612,20191023,20190619,"Lot numbers: 2401192904.  B000975-3.5-0711.  B000975-3.5-0712.  B001010-3.5-0208.   B001010-3.5-0211.   B001010-3.5-0212.   B000979-2L-0927.  B000979-2L-0928 .    Best By dates are 10/2020, 12/2020, and 06/2021.",
Terminated,Lakewood,CO,United States,Class II,Food,78120,"Vitamin Cottage Natural Food Markets, Inc.",12612 W Alameda Pkwy,N/A,80228-2824,Voluntary: Firm initiated,E-Mail,"45 retail locations in Washington, Oregon, Idaho, Montana, Wyoming, Utah, Colorado, Arizona, New Mexico, Texas, Missouri .  No foreign/VA/Govt/Military consignees.",F-3608-2017,"Natural Grocers Organic Deglet Noor Dates, Target weight is 0.60 - 0.70 lb random weight package, Zip lock plastic bag.",898 bags,Recalling Natural Grocers brand Organic Deglet Dates because it may contain undeclared coconut,20170912,20170929,20180209,20171011,Lot code 198-17 packed on date is on the front label beneath the Net Weight.,
Terminated,Dayton,NJ,United States,Class I,Food,72268,UNITED TRADING CENTER INC,3 Chris Ct Ste J,N/A,08810-1648,Voluntary: Firm initiated,Telephone,"NY, PA",F-0285-2016,"Basma 3 Chris Court Dayton, New Jersey 08810  Tel.:7323559600 Fax: 7323559644  16 oz package    This golden raisin product is labeled in a foreign language.",5cases of 1 lb  pk;,Product contains undeclared sulfites.,20150915,20151223,20160428,20151230,no code on bag,
Terminated,Oreland,PA,United States,Class II,Food,75607,Crescent Vending Co. Inc.,1446 Ulmer Ave,N/A,19075-1712,Voluntary: Firm initiated,Press Release,Distributed in the state of Pennslyvania.,F-0795-2017,"Turkey, Bacon and Swiss on Macaroni Salad wrapped in clear film, 8 oz.   Undeclared allergens - Wheat, Soy (oil, flour), Milk, Egg",7 sandwiches,"Crescent vending sandwiches failed to declare allergen ingredients: wheat, soy (oil) and milk.",20161104,20161219,20170818,20161228,No codes associated with this product.,
Terminated,Albuquerque,NM,United States,Class II,Food,92936,"Vitality Works, Inc",8500 Bluewater Rd NW,N/A,87121-1958,Voluntary: Firm initiated,"Two or more of the following: Email, Fax, Letter, Press Release, Telephone, Visit","55 Retail customers, representing 284 individual stores.  All customers are located within the United States. There is no foreign distribution. There is no distribution to US Government agencies or departments. Distribution is by small parcel shipper (UPS, FedEx).  Distribution Chain Notification Date: August 24, 2023",F-1552-2023,"100 vegetarian  Fenugreek Capsules 90 count, 600mg, packaged in 150cc Amber Glass Packer  with White Polypropylene Cap.","1,025 bottles (total)",Foreign material: pieces of a pen (writing utensil).,20230822,20230922,20231113,20231004,Lot 2023-06871  (Lot numbers are generated by our ERP system and use the 4-digit year followed by a 5-digit sequential number.) Expires: 07/2028 Bottom Code: FENUGRK PCAP 202306871 EXP 07/28,
Terminated,Woburn,MA,United States,Class III,Food,75196,"Safecor Health, LLC",317 New Boston St,N/A,01801-6231,Voluntary: Firm initiated,Letter,Nationwide,F-0606-2017,"Safecor Vitamin B-1 (THIAMINE) 100 mg tablets  NDC: 48433-0108-01  Distributed by: SAFECOR HEALTH, 317 NEW BOSTON STREET, WOBURN, MA",1431 boxes,Box labeled Thiamine Hydrochloride instead of Thiamine Mononitrate,20160912,20161206,20170801,20161214,"Safecor Health Lot # A15012, A15021, 16A004, 16A015 and 16A035",
Terminated,Saint Louis,MO,United States,Class I,Food,73445,Schnucks Markets Corporate Office,11420 Lackland Rd,,63146-3559,Voluntary: Firm initiated,Other,"Product was distributed to MO, IL, and IA.  There was no military/foreign/government distribution.",F-1586-2016,"Maytag Blue cheese cut and wrapped in clear plastic wrap at store level, sold in various sizes (approximately 3-4 oz pieces), labeled with company issued Maytag Blue cheese label and Schnuck Markets scale label, UPC 0021806200000.",15.3 lbs.,Product may be contaminated with Listeria monocytogenes.,20160229,20160902,20170127,20160914,Product was sold from 2/4/2016 throught 2/29/2016,
Terminated,Roseburg,OR,United States,Class II,Food,73097,Umpqua Dairy Products Co,333 Southeast Sykes Ave,,97470-3414,Voluntary: Firm initiated,"Two or more of the following: Email, Fax, Letter, Press Release, Telephone, Visit","distributed in AK, ID, CA, MT, OR, and WA.",F-0612-2016,"Pint Umpqua Dairy 4% Cottage Cheese, item no. 04308, Net wt. 16 oz. UPC 0 71203 00248 1    24 oz. Umpqua Dairy 4% Cottage Cheese, item no. 04286, UPC 0 71203 00255 9.    3 lbs.  Umpqua Dairy 4% Cottage Cheese, item no. 03980, UPC 0 71203 00280 1.",2656/16 oz. units; 2001/24 oz. units; and 957/3 lbs. units.,Umpqua Dairy 4% Cottage Cheese was made from milk which was tested presumptive positive for beta lactam antibiotics. The firm did not conduct any confirmation test.,20160114,20160217,20161013,20160224,Sell by 1/13/16,
Terminated,Massillon,OH,United States,Class I,Food,80191,"Shearers Foods, Llc",100 Lincoln Way E,N/A,44646-6634,Voluntary: Firm initiated,"Two or more of the following: Email, Fax, Letter, Press Release, Telephone, Visit","Products were distributed in Michigan only to their distributor. However, products were eventually distributed to OH, MI, IN, IL, KY and WI.",F-1541-2018,Meijer DILL PICKLE FLAVORED CLASSIC CRUNCH POTATO CHIPS***UPC 719283594365***LOT CODE***,2273 Cases with 11 bags (9.5 oz) per case,Milk allergen was not declared on the labeling of the product.,20180529,20180608,20190214,20180620,UPC: 719283594365    Lot Code 04110831 Sell By 07/16/18  Lot Code 04210831 Sell By 07/16/18  Lot Code 04311632 Sell By 07/16/18  Lot Code 04111732 Sell By 07/16/18  Lot Code 04312430 Sell By 07/23/18  Lot Code 04213135 Sell By 07/30/18  Lot Code 04114434 Sell By 08/13/18,
Terminated,Union,NJ,United States,Class I,Food,97631,CHETAK NEW YORK LLC,1090 Springfield Rd,N/A,07083-8119,Voluntary: Firm initiated,"Two or more of the following: Email, Fax, Letter, Press Release, Telephone, Visit",United States,H-0272-2026,Deep-brand Indian Kitchen Quick Cubes Ready For Cooking Green Chili of India Net Wt. 10 oz. (283 g) KEEP FROZEN,3509532 bags,Product tested positive Salmonella .,20250905,20251211,20260212,20251217,"Lot: 25020, 25021",
Terminated,Cincinnati,OH,United States,Class II,Food,77041,"Moondance Heavenly Desserts, LLC",2405 Robertson Ave,,45212-3410,Voluntary: Firm initiated,Telephone,"Product was shipped to the following states: CA, FL, GA, IN, MI, NJ, OH, RI & PA.",F-2219-2017,Moondance desserts gluten free Chocolate Chip Cookie Bar 12 oz (340g)  UPC 36211 68096 9,188 cases,undeclared milk,20170417,20170516,20170809,20170524,All lots,
Terminated,Baltimore,MD,United States,Class I,Food,91653,"FRESH IDEATION FOOD GROUP, LLC dba Fresh Creative Cuisine",2800 Wegworth Ln,N/A,21230-3300,Voluntary: Firm initiated,Press Release,"The recalled product was distributed to the following states: MD, PA, DE, NY, DC, NJ, NC, CT, SC, VA, MA .",F-0566-2023,"Fresh Creative Cuisine, Smoked Turkey & Swiss Croissant, Net . Wt. 7 Oz. Single Serving, Keep refrigerated",69  units,"On 02/03/2023, FRESH IDEATION FOOD GROUP, LLC dba Fresh Creative Cuisine of Baltimore, MD is  initiating a recall of  various products sold from January 24, 2023 through January 30, 2023 because the products have the potential to be contaminated with Listeria monocytogenes .",20230203,20231017,20231017,20230322,UPC Code : 813141020093,
Terminated,Chicago,IL,United States,Class I,Food,92423,"Newly Weds Foods, Inc.",8550 W Bryn Mawr Ave,Suite 100,60631-3222,Voluntary: Firm initiated,Letter,"ALABAMA, ARKANSAS, CALIFORNIA, COLORADO, FLORIDA, GEORGIA, ILLINOIS, INDIANA, IOWA, KANSAS, KENTUCKY, LOUISIANA, MICHIGAN, MINNESOTA, MISSISSIPPI, MISSOURI, MONTANA, NEBRASKA, NEW JERSEY, NEW YORK, NORTH CAROLINA, OHIO, OKLAHOMA, OREGON, PENNSYLVANIA, TENNESSEE, TEXAS ,WISCONSIN.  CANADA.",F-1049-2023,A89471	BATTER MIX   X1	50.00	BAG,"6,465,115.78 pounds Total",Products may contain Salmonella,20230526,20230705,20240723,20230712,SE102022A SE102122A SE102922A SE110322A,
Terminated,Baltimore,MD,United States,Class I,Food,91653,"FRESH IDEATION FOOD GROUP, LLC dba Fresh Creative Cuisine",2800 Wegworth Ln,N/A,21230-3300,Voluntary: Firm initiated,Press Release,"The recalled product was distributed to the following states: MD, PA, DE, NY, DC, NJ, NC, CT, SC, VA, MA .",F-0113-2024,"Orchard Bistro, Garden salad with Dressing Net Wt. 8.2 Oz. Single Serving, Keep refrigerated",72,"On 02/03/2023, FRESH IDEATION FOOD GROUP, LLC dba Fresh Creative Cuisine of Baltimore, MD is  initiating a recall of  various products sold from January 24, 2023 through January 30, 2023 because the products have the potential to be contaminated with Listeria monocytogenes .",20230203,20231017,20231017,20230322,UPC Code : 813141022639,
Terminated,Chicago,IL,United States,Class II,Food,88262,"5000 Years Foods, Inc.",3465 N Kimball Ave,N/A,60618-5516,Voluntary: Firm initiated,Telephone,The recalled product was distributed in ILLINOIS where the product was further distributed and it reached customers through distributors to retail stores potentially nationwide.,F-0853-2021,"5000 Years Foods NO MSG SLICED CABBAGE KIMCHI in 5GAL plastic tubs, and 128 oz, 64 oz, 32 oz, & 16 oz glass jars","approximately 54,000 lbs total",potential to be contaminated with Listeria monocytogenes,20210706,20210810,20220201,20210818,09052021 through 09252021,
Terminated,City Of Industry,CA,United States,Class II,Food,70344,Health One Pharmaceuticals Inc,13260 Temple Ave,N/A,91746-1511,Voluntary: Firm initiated,Letter,"Nationwide in US: CA, TN, WA, ID,     and worldwide:  Hong Kong, Vietnam, China, Singapore",F-1702-2015,"Bone Rebuilder, 120 tablets",1366 units,Health One Pharmaceuticals is recalling dietary supplements due to significant violations of the cGMP regulations for dietary supplements.,20150204,20150330,20150331,20150408,2367,
Terminated,Petaluma,CA,United States,Class II,Food,62710,"Tomales Bay Foods, Inc.",105 H Street,N/A,94952-5125,Voluntary: Firm initiated,"Two or more of the following: Email, Fax, Letter, Press Release, Telephone, Visit","Part One:  CA, VA, VT, WI, OR, UT and Italy, Spain, Switzerland, France, Holland, Greece.  Part Two:  Dates of Distribution: 6/2512 - 7/27/12  Pattern: CA, NC, FL",F-1985-2012,"Tomales Bay Foods brand Artisan Cheese in PARTIAL WHEELS of Cheese,   from cheese makers in US (VA, VT, Ca, WI, OR, WA and UT) and Ireland, Italy, Switzerland, France, Holland and Greece.  Varieties include Appalachian, Coolea, Cabot clothbound Cheddar, Big Rock Blue, Goat Gouda, Holey Cow, Big Woods Blue, Fiore Sardo,, Valdeon, Pecorino Romano, Sottocenere, Capriago, Capricious, Cave Aged Gruyere, Cave Aged Marisa, Fenacho, Pondhopper, Comte, L'Amuse Signature Gouda, Dante Waxed Rind, Dry Jack Special Reserve, Mezzo Secco,  Extra Mature Bandage Cheddar,  San Joaquin Gold, Flagship Reserve Truckle, Fontina Vallet Pietro, Grana Padano, Parmigiano Reggiano Organic,  Taleggio Organic,  Comte Reserve Ete, Loma Alta,  Mt. Viko Barrel Aged Feta,  Pepato, San Andreas Bellwether Farms, Reading, Tarentaise, Seahive, St. George, Toma and Wagon Wheel.  Cheese is cut per order and wrapped in cheese paper and marked with a magic marker indicating the type of cheese, poundage and pack date as well as a Tomales Bay Foods label. There are no code numbers or expiration dates marked on the product.","562.74 pounds original recall, 101.1 pounds of Pondhopper and  31.41 pounds of Big Woods Blue",Firm received a positive environmental for Listeria Monocytogenes from their internal testing samples.,20120728,20121204,20121206,20121212,"All product cut and wrapped on July 24 and 25, 2012.",
Terminated,Tucson,AZ,United States,Class I,Food,65291,"Blessing Seafood, Inc.",1045 S Highland Ave,N/A,85719-6728,Voluntary: Firm initiated,E-Mail,"The 16-20 EZ Peel Shrimp was distributed by Perishable Distributors of Iowa (PDI) and sold from February 12 to May 23, 2013 at the seafood display counters in the retail markets seafood section of Hy-Vee stores located in eight states: Iowa, Nebraska, Kansas, Illinois, Missouri, South Dakota, Minnesota, and Wisconsin, and at Cedar Valley Fish Market in Waterloo, Iowa.",F-1528-2013,"Blessing Brand Wild White EZ Peel Shrimp, 16/20 CT.    4 x 5 lbs cartons. The product is bagged in 5 lbs clear plastic bags, the only label iss on the master carton.  The product is sold in a seafood retail case.    Product labeled as:""WILD WHITE EZ PEEL SHRIMP 16/20 CT WILD CAUGHT PRODUCT OF USA CHEM FREE INGREDIENTS: Shrimp, Salt***PACKED BY: BLESSINGS, INC.***.","36,920 lbs","Blessing Seafood, Inc. is voluntarily recalling one lot of Blessing Inc. Wild White EZ Peel Shrimp due to undeclared sulfites.",20130524,20130613,20130730,20130619,"Lot # 13047-1, 13048-1, and 13048-3",
Terminated,Cincinnati,OH,United States,Class I,Food,83083,The Kroger Co,1014 Vine St,N/A,45202-1141,Voluntary: Firm initiated,Other,"Product was sent to nine distributors in the states of Indiana, Oregon, Washington, Arizona, Colorado, California and Utah.  (The distribution center in Indiana further distributed the product to eight Kroger distribution centers.)  Product was then distributed to 2301 retail locations in the states of Alabama, Alaska, Arizona, Arkansas, California, Colorado, Georgia, Idaho, Illinois, Indiana, Kansas, Kentucky, Louisiana, Michigan, Mississippi, Missouri, Montana, Nebraska, Nevada, New Mexico, Ohio, Oregon, South Carolina, Tennessee, Texas, Utah, Virginia, Washington, West Virginia, and Wyoming",F-2075-2019,"PRIVATE SELECTION FROZEN TRIPLE BERRY MEDLEY, 16 oz","192 cases (1,920-pounds)",Possible Hepatitis A contamination.,20190607,20190820,20190920,20190828,BEST BY: 06-19-20; UPC: 0001111087808,
Terminated,Jessup,MD,United States,Class II,Food,93386,The Coastal Companies DBA Hearn Kirkwood,7591 Montevideo Rd,,20794-9323,Voluntary: Firm initiated,"Two or more of the following: Email, Fax, Letter, Press Release, Telephone, Visit","Distributed to consignees in Alabama, Connecticut, Washington, D.C., Delaware, Florida, Georgia, Kentucky, Maryland, Michigan, North Carolina, Ohio, Pennsylvania, Tennessee, Virginia, and West Virginia.",F-0475-2024,Le Croissant Turkey & Cheddar Net Wt. 5.5oz (156g) UPC:766375261629 Packaged in clamshell container. Sold as single unit and 6-unit pack under Food Unlimited brand,238 clamshells,Undeclared milk and soy,20231103,20231129,20240925,20231206,Use By Date of 10/27/2023 through 11/8/2023,
Terminated,Kent,WA,United States,Class II,Food,91798,Lemonland Food Corp,19039 62nd Ave S,N/A,98032,Voluntary: Firm initiated,E-Mail,Distributed in Washington,F-0665-2023,"Stir-Fried Kimchi distributed in un-labeled plastic containers 12oz.  Containers were then labeled at H-mart, G-mart, or M2M retail store.",12oz. containers = 39.17 lb.,"Stir-Fried Kimchi was recalled due to undeclared Fish (Anchovy), Shrimp, Wheat, and Sesame Oil.",20230223,20230324,20230329,20230405,"Feb. 16, 2023 to Feb. 23, 2023.",
Terminated,South San Francisco,CA,United States,Class I,Food,65474,See's Candies Inc.,210 El Camino Real,,94080-5968,Voluntary: Firm initiated,Press Release,240 stores and  10 See's licensees nationwide and 6 international retail stores.,F-1576-2013,"See's Dark  Raisins:    Ingredients: Raisins, Sugar,chocolate, cocoa butter, butter (milk), vanilla, soy lecithin,  Dextrin, Confectionery glaze.  May contain traces of eggs, tree nuts and peanuts.    Sold in Net Wt. 8 oz (227 g) clear plastic packages or purchased by customer at counter in See's Stores.  UPC 7 37666 08305 3    Manufactured by: See's Candy Shops Incorporated  So. San Francisco, CA 04080","4,700 lb.",Potential for nuts and/or nut and egg residue may be present in some of the dark and milk chocolate covered raisins.,20130614,20130627,20130814,20130703,All lots.,
Terminated,Minneapolis,MN,United States,Class I,Food,95087,"Metro Produce Distributors, Inc.",2700 E 28th St,,55406-2990,Voluntary: Firm initiated,E-Mail,MN,F-1732-2024,"Lunds & Byerlys Fresh Guacamole Dip, Net Wt 14 oz (396g).  UPC 0 72431-66072 6.  Keep Refrigerated.",572 units,Guacamole products may be contaminated with Listeria monocytogenes.,20240731,20240813,20241126,20240821,Use By:  02-AUG-24,
Terminated,Warren,MI,United States,Class I,Food,65392,"Lipari Foods, Inc.",26661 Bunert Rd,N/A,48089-3650,Voluntary: Firm initiated,"Two or more of the following: Email, Fax, Letter, Press Release, Telephone, Visit","Ohio, Michigan, West Virginia, Kentucky, Tennessee, Pennsylvania, Wisconsin, Illinois, and Indiana.",F-1695-2013,"Item Number: 366568  Item Description: TUB LG MIX DIET DELIGHT  Case Pack: 12  Package Size: 14 OZ 2-Piece Clear Plastic Tub (No Label on Top, Nutritional Label on Bottom)  UPC Number: 094776081769",203 cases,"Contamination with Listeria monocytogenes, an organism which can cause serious and sometimes fatal infections in young children, frail or elderly people, and others with weakened immune systems. Although healthy individuals may suffer only short-term symptoms such as high fever, severe headache, stiffness, nausea, abdominal pain and diarrhea, Listeria infection can cause miscarriages and stillbirt",20130604,20130711,20131017,20130717,"Lot Numbers: 09201304, 20201305  Best By Dates: 4/9/2014, 05/20/2014",
Completed,East Arlington,VT,United States,Class I,Food,93452,WILCOX ICE CREAM,116 Sweet St,N/A,05252-9789,Voluntary: Firm initiated,"Two or more of the following: Email, Fax, Letter, Press Release, Telephone, Visit","VT, NH, MA, and NY.",F-0514-2024,Wilcox SUPER PREMIUM Salted Caramel Brownie; 1.5 QT (UPC 04372601520) and Pint (UPC 04372601620),19.31 Tons Total,Products may be contaminated with Listeria monocytogenes.,20231115,20231208,,20231220,All Sizes with Best By/Sell By dates of 9/13/24 to 11/14/24:,
Terminated,Spokane Valley,WA,United States,Class I,Food,70150,Numbskull LLC,9608 E Montgomery Ave Ste 5,N/A,99206-4162,Voluntary: Firm initiated,"Two or more of the following: Email, Fax, Letter, Press Release, Telephone, Visit",Washington and Idaho ice cream scoop shops and restaurants.,F-1124-2015,"Orange Ginger ice cream; Bulk product is labeled with flavor name and date code, which is affixed to the plastic container (1, 1.5 and 3 gallon).",Approx 38.75 gallons,The recalling firm was notified that raw materials used in producing the ice cream products have the potential to be contaminated with Listeria monocytogenes,20141223,20150211,20150223,20150218,"All codes manufactured from January 1, 2014 - December 15, 2014. (""MMDD"" and ""XXXX""-Snoqualmie Gourmet Ice Cream Code)",
Terminated,Massillon,OH,United States,Class I,Food,75140,"Shearers Foods, Llc",100 Lincoln Way E,N/A,44646-6673,Voluntary: Firm initiated,"Two or more of the following: Email, Fax, Letter, Press Release, Telephone, Visit",The product was distributed to the following states: MI.,F-0617-2017,"Meijer brand No Salt Added Original Kettle Cooked Potato Chips, 8.5oz bag.  15 bags per case.",280 cases (4200 bags),Undeclared allergens: milk (whey) and soy.,20160908,20161207,20170822,20161214,"Lot #: OCT 31 2016, Expiration Date: 10/31/16",
Terminated,Brenham,TX,United States,Class I,Food,70738,"Blue Bell Creameries, L.P.",1101 S Blue Bell Rd,,77833-4413,Voluntary: Firm initiated,"Two or more of the following: Email, Fax, Letter, Press Release, Telephone, Visit","FL, GA, SC, NC, VA, OH, KY, TN, AL, MS, IN, IL, MT, AR, LA, TX, Ok, KS, NM, CO, WY, AZ, NV and Bermuda, Belize, Saudia Arabia, Yemen, Oman, UAE, Qatar, Egypt, Jordan, Kuwait, Dominican Republic, Panama, Turks and Caicos, Haiti, Trinadad and Tobago, Puerto Rico, Chile, Peru, China, Mexico, Philippines, Tortola, St. Thomas and St. Croix, Anguilla, St, Kitts and Nevis, Montserrat, and Dominica",F-2614-2015,Blue Bell Ice Cream Chocolate Chip Cookie Dough 3 Gallon,"56,762 units",Five patients who were treated in a single hospital in Kansas were infected with one of four rare strains of Listeria monocytogenes.,20150313,20150619,20161103,20150701,all lot codes within expiry,
Terminated,Baltimore,MD,United States,Class I,Food,91653,"FRESH IDEATION FOOD GROUP, LLC dba Fresh Creative Cuisine",2800 Wegworth Ln,N/A,21230-3300,Voluntary: Firm initiated,Press Release,"The recalled product was distributed to the following states: MD, PA, DE, NY, DC, NJ, NC, CT, SC, VA, MA .",F-0027-2024,"Quick & Fresh, Albacore Tuna Finger Sandwiches, Net . Wt. 6.5 Oz. Single Serving, Mylar Wrap, Keep refrigerated",39,"On 02/03/2023, FRESH IDEATION FOOD GROUP, LLC dba Fresh Creative Cuisine of Baltimore, MD is  initiating a recall of  various products sold from January 24, 2023 through January 30, 2023 because the products have the potential to be contaminated with Listeria monocytogenes .",20230203,20231017,20231017,20230322,UPC Code : 813141025777,
Terminated,Aurora,IL,United States,Class II,Food,66734,"Simply D'Lish, LLC",291 Aspen Lane,N/A,60504,Voluntary: Firm initiated,Telephone,"US: IL, WI",F-0697-2014,"Key Lime Sugar Cookie, 3-oz (85g), individually wrapped in plastic and labeled in part: Manufactured for Simply D'lish, LLC.; Aurora, IL 60504; www.simplydlish.biz","21 cases (2,520 cookies)","On the back label of the individual cookie, the milk allergen was not declared in the allergen statement, however, butter was listed as an ingredient.",20131029,20131203,20160411,20131211,"Lot Code: 13217, 13220, 13235",
Terminated,Milwaukee,WI,United States,Class I,Food,66819,"Garden-Fresh Foods, Inc.",726 S 12th St.,N/A,53204-1211,Voluntary: Firm initiated,Press Release,"IL, IN, MI, MN, MO, OH, PA, WI.",F-1067-2014,"Garden-Fresh,	Sweet & Sour Cucumber,	2/5 lb.,		 0 11596 52014 8,	11/15/2013 - 11/30/2013;","919,616.31 total pounds, for all products","Garden-Fresh Foods is recalling various cut vegetables,  ready-to-eat salads, slaw, spread and dip products sold under various brands and code dates manufactured prior to November 06, 2013  because they may be contaminated with Listeria monocytogenes.",20131107,20131218,20151029,20131225,"0 11596 52014 8, 11/15/2013 - 11/30/2013;",
Terminated,Berkeley,CA,United States,Class II,Food,94875,STARTER BAKERY,901 Gilman St,,94710-1466,Voluntary: Firm initiated,"Two or more of the following: Email, Fax, Letter, Press Release, Telephone, Visit",Distribution in CA only. No foreign distribution.,F-1488-2024,Starter Bakery Multigrain Sourdough Bread with UPC 8 50025 60902 9,590 pieces,"Allergen (sesame seeds) declared in the ingredient statement but missing from the ""Contains"" statement",20240621,20240717,20240926,20240724,"Best by date codes: 062124, 062224, 062324, 062424, 062524, 062624, 062724",
Terminated,Chambersburg,PA,United States,Class II,Food,78713,"Ventura Foods, LLC",1501 Orchard Dr,N/A,17201-4812,Voluntary: Firm initiated,"Two or more of the following: Email, Fax, Letter, Press Release, Telephone, Visit",Nationwide,F-0593-2018,"Sysco Imperial Glazed Hot Bacon Dressing; Net Contents 1 GAL; Distributed by Sysco Corporation, Houston, Texas  77077; Code: B12917","24, 4  1 gal/cs.",A plastic foreign object was inadvertently introduced into the product stream. The firm is recalling product as not all plastic has been accounted.,20171207,20180119,20180628,20180124,Code: B12917 ;  lot date 11/29/2017,
Terminated,Chesterfield,MO,United States,Class I,Food,77665,"Dierbergs Markets, Inc Corporate Office",16690 Swingley Ridge Rd,N/A,63017-0758,Voluntary: Firm initiated,Press Release,Product was distributed to the firm's retail grocery stores in eastern Missouri and western Missouri.,F-2951-2017,"Dierbergs Kitchen, Santa Fe Grilled Chicken Wrap, NET WT. 11 oz, UPC 0 231789 804996",101 shelf packages,Undeclared milk in wraps.,20170628,20170727,20170809,20170802,7/2/17 and earlier.,
Terminated,Seattle,WA,United States,Class II,Food,79497,Schwartz Brothers Restaurants dba Schwartz Brothers Bakery,619 S Nevada St,,98108-1713,Voluntary: Firm initiated,"Two or more of the following: Email, Fax, Letter, Press Release, Telephone, Visit",distributed in WA,F-0984-2018,"Gourmet Cream Cheese Cinnamon Rolls, packaged in a 16 oz. plastic clam shell container and sold under the Schwartz Brothers Bakery brand. The product UPC is 7 17887 65082 1.    The product is read in parts: ""***GOURMET CREAM CHEESE CINNAMON ROLLS***NET WT. 16 OZ***Produced By Schwartz Brothers Bakery Seattle, WA 98108***Contains Milk, Wheat, Soy.  May Contain Egg, Peanuts, Tree Nuts***"".",106 units,Gourmet Cream Cheese Cinnamon Roll is recalled due to undeclared egg.,20180311,20180330,20180412,20180404,sell by date 03/15/18.,
Terminated,Fond Du Lac,WI,United States,Class I,Food,94540,GRANDE CHEESE COMPANY,250 Camelot Dr,N/A,54935-8029,Voluntary: Firm initiated,E-Mail,"AR, CA, CO, GA, ID, IL, IN, KS, KY, LA, MA, MI, MN, MO, NC, NJ, NY, OH, PA, SD, TN, TX, UT, WI.   Outside the US to Canada, Ecuador, and Japan.",F-1363-2024,"Grande Bravo 300 Functional Whey Protein  SKU 32102.  34% Protein.   Grade A.  Pasteurized.  Net Wt 50 lbs.  Ingredients: Whey Protein Concentrate  Contains Milk.   Grande Custom Ingredients Group, 250 Camelot Drive, Fond du Lac, WI","1,726,910 lbs total",Possible Salmonella contamination.,20240501,20240613,20250626,20240619,"Batch Numbers:   ANS828-1, ANS828-2, ANS828-3, ANV506-1, ANV506-2, ANV506-3, ANX882-1, ANX882-2, ANX882-3, ANZ662-1, ANZ662-2, ANZ662-3, AOA584-1, AOA584-2, AOA584-3, AOC487-1, AOC487-2, AOC487-3, AOE028-1, AOE028-2, AOE028-3, AOE030-1, AOE030-2, AOE030-3,",
Terminated,Bloomington,IN,United States,Class II,Food,64772,"SIB, Inc.",573 W Simpson Chapel Rd,,47404-9426,Voluntary: Firm initiated,Telephone,retail grocery stores in Indiana and  1 retail store in Illinois,F-1321-2013,"Bakehouse Granola, 12 oz, 340 g   Scholar's Inn Bakehouse Granola 16 oz, 454 g All Natural, Baked locally",,"Bake House Granola, does not list the source of the unsalted butter ingredient as milk, an allergen.  People who have an allergy or severe sensitivity to milk, run the risk of serious or life-threatening allergic reaction if they consume these products.",20130325,20130422,20140707,20130501,"12 oz bags: UPC 0063565507524, Best by 5/14/13-7/1/13 Lots 213A, 213B, 214A, 214B, 216A, 216B, 217A, 217B, 220B, 221A, 221B, 224B, 226A, 226B, 227A, 227B, 228A, 228B, 307A, 307B, 308A, 313A, 313B, 314A, 314B, 316A, 316B, 320A, 320B, 321A, 321B, 323A, and 323BC    16oz bags: UPC: 635655005249  Best by: 3/9/13 -5/9/13 Lots 1209A, 1209B,  1209AB, 1209BB, 1210A, 1210B, 1210AB, 1210 BB, 108A, 108B, 113A, 113 B, 116A, 116B, 117A, 117B,118A, 118B, 123A, 123B, 124A, 124B, 130A, 203A, 203B, 131A, 131B, 206A, 206B, 207A, 207B, 209A, 209B, and 209C",
Terminated,Grand Prairie,TX,United States,Class I,Food,86538,Country Fresh Inc.,920 Avenue R Ste 100,N/A,75050-1528,Voluntary: Firm initiated,"Two or more of the following: Email, Fax, Letter, Press Release, Telephone, Visit","AR, IL, IN, KS, KY, LA, MO, OK, and TX.",F-0082-2021,Seasonal Trio  32oz UPC 681131180696 packaged in clear plastic container,36983 cases (total),Potential to be contaminated with Listeria monocytogenes,20201001,20201105,20201216,20201021,Best Before 10/02-11/2020;   Lot# URE0103  Lot# URE0103  Lot# URS0103,
Terminated,Nof Ha-Galil,,Israel,Class I,Food,90105,ELITE CONFECTIONERY LTD,Nazareth-Ilit,"5, Gilbo'A",N/A,Voluntary: Firm initiated,"Two or more of the following: Email, Fax, Letter, Press Release, Telephone, Visit",Distributed in the US nationwide,F-1179-2022,ELITE WHITE CHOCOLATE BAR	UPC:815871011471 & 815871012799. Net Wt. 3.53 oz (100g). Red packaging.,unknown,Potential contamination with Salmonella,20220428,20220604,20221103,20220615,All lots,
Terminated,Brooklyn,NY,United States,Class I,Food,92966,ICE CREAM HOUSE,2 Church Ave,N/A,11218-3096,Voluntary: Firm initiated,Telephone,"OH, NJ, NY",F-1678-2023,Mini Sorbet Pops; parve; 7 PACK / SINGLE; UPC: 0-91404-15305-8,N/A,Products may be contaminated with Listeria monocytogenes.,20230822,20230928,20240614,20231004,No codes.,
Terminated,Malden,MA,United States,Class II,Food,90802,"Piantedosi Baking Co., Inc.",240 Commercial St,N/A,02148-6780,Voluntary: Firm initiated,E-Mail,"MA, ME, NH, NY, VT, RI, CT, NJ, VA, FL, NC, SC, IL, MS, CO",F-1722-2022,Brioche-Style Slider Roll 24-pack (033474512021),"18,119 frozen product trays (total)",Products may be contaminated with Cronobacter sakazakii and/or Clostridium botulinum,20220817,20220908,20221229,20220914,Lot Codes: 22081; 22088; 22095; 22102; 22109 Expiration: 3/22/2023; 3/29/2023; 4/5/2023; 4/12/2023; 4/19/2023,
Terminated,Chicago,IL,United States,Class II,Food,77194,Newly Weds Foods Inc,2501 N Keeler Ave,N/A,60639-2131,Voluntary: Firm initiated,Letter,"Nationwide, Mexico, Canada",F-3241-2017,"B52432, BREADER X3@, NET WT 50 LBS, Manufactured By: Newly Weds Foods, Inc., Chicago, IL 60639","27,500 lbs",Product may contain undeclared milk.,20170503,20170817,20190805,20170726,Product #B52432; Lot #WN013017D;  WN013117D;  WN031817D,
Terminated,Gonzales,TX,United States,Class I,Food,70117,Adams Extract & Spice LLC,3217 Johnston Rd,N/A,78629-8008,Voluntary: Firm initiated,Press Release,"AL, AR, CA, CO, FL, ID, IL, IN, , KS, KY, LA, MI, MO, MS, NC, NE, NJ, NM, OH, OK, TX, UT, WA",F-1308-2015,Adams Pantry Basics Multi-Season Seasoned Salt Net Wt. 30 oz (851 g) UPC: 041313024888;  50# Multi Seasoning Item Code: 06095 Item UPCA: 041313060954; 25# Multi Seasoning Item Code: 06096 Item UPCA: 041313060961,Unknown,Product may contain undeclared peanut protein.,20141226,20150223,20161005,20150304,"Best Buy Dates:28-Aug-16, 30-Sep-16, 02-Oct-16, 17-Oct-16, 05-Nov-16, 05-Dec-16; Lot# (25# only) P9A625001, P9A5YN001; Lot # (50# only) P9A7WZ001, P9A7XO001",
Terminated,Portsmouth,NH,United States,Class II,Food,77489,High Liner Foods Inc.,1 Highliner Ave,N/A,03801-4146,Voluntary: Firm initiated,"Two or more of the following: Email, Fax, Letter, Press Release, Telephone, Visit",Nationwide,F-2733-2017,"HFS 1/10.35 lb Whole Grain Oven Ready Potato Breaded Pollock Wedges 3.6 oz,, Item Number: 53374","693,408 cases (total for all products",Product may contain undeclared milk.,20170609,20170815,20171214,20170823,Lot Number: 0027051210; 0027072110; 0027023210; 0027072210; 0027023110; 0027051110,
Terminated,Houston,TX,United States,Class I,Food,83343,Pita Pal Foods LP,3100 Canal St,N/A,77003-1602,Voluntary: Firm initiated,"Two or more of the following: Email, Fax, Letter, Press Release, Telephone, Visit",Nationwide throughout the US,F-2192-2019,PitaPal Mezza Sundried Tomato Hummus  11 oz. UPC 851351007336 packaged in Plastic tub with clear lid with green rim.,24 cases,Product has potential to be contaminated with Listeria monocytogenes,20190715,20190916,20200413,20190925,Use By: 07/25/19 thru 9/18/19,
Terminated,Norcross,GA,United States,Class I,Food,89000,NutraCap Labs LLC,6080 Mcdonough Dr Ste A/B/C/D/F/G,N/A,30093,Voluntary: Firm initiated,Press Release,"Product was shipped to the following states: AL, AR, AZ, CA, CO, CT, FL, GA, ID, IL, IN, KY, LA, MD, MN, NC, NJ, NV, NY, OH, OR, SC, TN, TX, VA & WA.",F-0419-2022,BlakeFit Everyday All-in-one Lime Watermelon 44oz Jar UPC CODE X002J9E9KD 323359000058,"80,169 various bottles and jars",During an FDA investigation the firm was notified that the product contains undeclared milk.,20211109,20220111,20240521,20220119,LOT #2009073 EXP DATE 09/2022 LOT #2105233 EXP DATE 05/2023,
Terminated,Passaic,NJ,United States,Class I,Food,90624,MKS Enterprise LLC,59 Paulison Ave Apt 13,N/A,07055-4820,Voluntary: Firm initiated,Press Release,"Distributed to consumers in IL, ND, IN, NC, CA, MD, and VA.",F-1515-2022,Dose Vital VIP Products Vital Honey With Caviar and Tongkat Ali Powder; 12 sachets-15g,7 units,Undeclared Tadalafil,20220718,20220802,20230615,20220810,All lots,
Terminated,Chesterfield,MO,United States,Class I,Food,84569,"Dierbergs Markets, Inc Corporate Office",16690 Swingley Ridge Rd,,63017-0758,Voluntary: Firm initiated,Press Release,Distributed to consumers at Dierbergs Market retail grocery stores.,F-0585-2020,"Dierbergs Kitchen Remoulade packaged in 12 OZ containers, UPC 2393330149 and 24616200000",31.5 lbs,The firm received a recall notice for hardboiled eggs that were potentially contaminated with Listeria monocytogenes. The eggs were subsequently used to manufacture various salad and deli products.,20191224,20200131,20200211,20200122,Use by 1/5/20 and earlier,
Terminated,South Bend,IN,United States,Class III,Food,64945,"Paleteria Y Neveria La Rosita, LLC",2909 W Western Ave,,46619-3140,Voluntary: Firm initiated,"Two or more of the following: Email, Fax, Letter, Press Release, Telephone, Visit","Domestic: MI, IN retail stores",F-1360-2013,"Pina Colada Dessert Bar  , 4 oz. Undeclared FD&C Red # 40 in clear flexible plastic, ingredients: water, sugar, partially hydrogenated palm kernel oil, nonfat milk solids, cream of coconut, whey powder,",,"Product labeling is incorrect, FD&C colors are undeclared.",20130406,20130426,20130829,20130508,firm does not code product,
Terminated,Dayton,OH,United States,Class I,Food,76929,Killer Brownie Distributing LLC,6255 Far Hills Ave,,45459-1937,Voluntary: Firm initiated,"Two or more of the following: Email, Fax, Letter, Press Release, Telephone, Visit","Product was shipped to the following states: MN, NY, OH, PA & WI.",F-2175-2017,"ORIGINAL KB KILLER BROWNIE¿ 3x35 CT NET WT 36 LBS (16.33 kg) CONTAINS: Milk, Nuts: Pecans, Soy, Wheat UPC 10858061005031. Item #48-2016",50 cs/3x35 CT slabs,The firm was notified by a customer that they received product that was mislabeled due to undeclared peanuts.,20170401,20170503,20180524,20170510,BEST BY 2/20/2018 & 2/21/2018,
Terminated,Fresno,CA,United States,Class I,Food,90667,"Lyons Magnus, Inc",3158 E Hamilton Ave,,93702-4163,Voluntary: Firm initiated,Telephone,Nationwide,F-1603-2022,"Aloha Organic Protein Drink, Chocolate Sea Salt, Plant-based protein.  Net 11 FL OZ (330 mL) Tetra Pak container UPC 8 42096-11235 5.  Sold in 4 count package wrap with UPC  842095122354.  Shake Well.  Best Chilled.     Manufactured for:  Aloha, Littleton, CO  80127","53,818,025 total units",Findings and potential for Cronobacter sakazakii and Clostridium botulinum.,20220722,20220830,20240725,20220907,Lot Code 8312 / Best By Date 07/12/2023  Lot Code 9312 / Best By Date 07/13/2023.      EXPANDED 8-10-2022  Lot Code 0702 / Best By Date 05/05/2023.     Lot Code 1702 / Best By Date 05/06/2023.     Lot Code 3221 / Best By Date 10/05/2022.     Lot Code 4221 / Best By Date 10/06/2022.     Lot Code 5431 / Best By Date 02/04/2023.     Lot Code 6431 / Best By Date 02/05/2023.     Lot Code 6821 / Best By Date 12/07/2022.,
Terminated,Gardena,CA,United States,Class II,Food,68717,GM Manufacturing Inc.,1500 W 135th St,,90249-2230,Voluntary: Firm initiated,Letter,CA,F-2267-2014,"Noni Supplement, Capsules","200,100 units",GM Manufacturing is recalling dietary supplements due to significant violations of the cGMP regulations for dietary supplements.,20140703,20140731,20140916,20140806,9/23/13 > 9/30/13,
Terminated,Minneapolis,MN,United States,Class II,Food,79025,"General Mills, Inc",1 General Mills Blvd,,55426-1347,Voluntary: Firm initiated,E-Mail,"CA, OR, WA",F-0797-2018,"Larabar Chocolate Chip Cookie Dough, 5 - 1.6 oz (45g) bars Net Wt 8.0 oz(226g), UPC 21908-48817.  Case UPC 000-21908-41675-5",147 cases,"Larabar Chocolate Chip Cookie Dough, 5 count, are being recalled because they may contain individually wrapped and labeled Coconut Cream Pie Bars.",20180125,20180212,20200121,20180221,Best if Used By 01MAY2018,
Terminated,Far Rockaway,NY,United States,Class I,Food,74823,SM Fish Corp.,5001 Rockaway Beach Blvd,,11691-1138,Voluntary: Firm initiated,Press Release,New York and New Jersey,F-1984-2016,"OSSIE'S PICKLED LOX & CREAM, NET WT. 8 OZ., UPC 739885104113; -- Far Rockaway, NY 11691 --- The product is packed in a plastic deli tub.",Total of 336 containers for all products,The product has the potential to be contaminated with Listeria monocytogenes based on the presence of the bacteria in the plant.,20160729,20160825,20160825,20160831,Best By date codes of 7/21/16 through 08/20/16 (located on the bottom of the plastic tub),
Terminated,Wallkill,NY,United States,Class I,Food,84461,CATSMO LLC,25 Myers Rd,N/A,12589-3516,Voluntary: Firm initiated,"Two or more of the following: Email, Fax, Letter, Press Release, Telephone, Visit","NY, CT, NJ, MN, NC, FL, VA, MA, IL, PA, and Washington D.C.",F-0581-2020,Daniel Boulud brand Baja flavored (8oz) smoked salmon products manufactured on 11/19/19 by Catsmo Acquisition LLC packaged in vacuum pouches.,"Approximately 3,800lbs Total",Product may be contaminated with Listeria monocytogenes.,20191210,20200131,20200325,20200212,Lot Codes:  7424  Expiration date: 12/11/19,
Terminated,Rancho Cucamonga,CA,United States,Class I,Food,92381,Aquamar Inc,10888 7th St,,91730-5421,Voluntary: Firm initiated,E-Mail,"U.S. distribution to the following: AZ, CA, NV, TX, WA, GA, IL, MN, NC, CO, NJ, FL  Foreign distribution to the following: CA (British Columbia, Alberta)",F-0990-2023,"Miyako Select Shredded Crab Meat Keep Refrigerated #1485 Ingredients: Fish Protein (Pollock, Threadfin Bream and/or Flying Fish), Water, Potato Starch, Modified Food Starch, Contains less than 2% of the following: Sugar, Salt, Sorbitol, Carrageenan, Natural and Artificial Flavors (Hydrolyzed Soy Protein, Qab Extract), Carrageenan, Sodium Tripolyphosphate, Tetrasodium Pyrophosphate, Carmine, Natural and Artificial Color. Contains: Fish (Pollock, Threadfin Bream and/or Flying Fish), Soy, Crustacean Shellfish (Swimming Crab) Net Weight 12/2.5 Ib Distributed By: MUTUAL TRADING CO, El MONTCAE 91731 30 lbs. (12 packages/2.5 lb vacuum sealed in clear film, pasteurized)  Crab Flavored Seafood Shred Style 91403 AS10C Ingredients: Fish Protein (Pollock, Whiting and or Threadfin Bream), Water, Potato Starch, Modified Food Starch, Contains less than 2% of the following: Sugar, Sat, Sorbitol, Natural and Artificial Flavors (Hydrolyzed Soy Protein, Crab Extract), Carrageenan, Sodium Tripolyphosphate, Tetrasodium Pyrophosphate, Carmine, Natura and Artificial Color. Contains: Fish Pollock, Whiting and or Threadfin Bream), Soy, Crustacean Shellfish Swimming Crab) Net Weight 4/2.5 lb Keep Refrigerated Product of U.S.A. Aquamar, Rancho Cucamonga, CA 91730 30 lbs. (12 packages/2.5 lb vacuum sealed in clear film, pasteurized)  Crab Flavored Seafood Shred Style 92407 KS21 Ingredients: Fish Protein (Pollock, Threadfin Bream and or Flying Fish), Water Potato Starch, Modified Food Starch, Contains less than 2% of the following: Sugar, Salt, Sorbitol, Carrageenan.  Natural and Artificial Flavors (Hydrolyzed Soy Protein, Crab Extract), Carrageenan, Sodium Tripolyphosphate, Tetrasodium, Carmine, Natural and Artificial Color Contains: Fish (Pollock, Threadfin Bream and/or Flying Fish), Soy, Crustacean Shellfish (Swimming Crab). Net Weight 12/2.5 lb Keep Frozen Product of U.S.A. Aquamar, Rancho Cucamonga, CA 91730 30 lbs. (12 packages/2.5 lb vacuum sealed in clear film, pasteurized)  Crab Flavored Seafood  Shred Style  91408  KSA Ingredients: Fish Protein (Pollock, Threadfin Bream and or Flying Fish), Water Potato Starch, Modified Food Starch, Contains less than 2% of the following: Sugar, Salt, Sorbitol, Carrageenan.  Natural and Artificial Flavors (Hydrolyzed Soy Protein, Crab Extract), Carrageenan, Sodium Tripolyphosphate, Tetrasodium Pyrophosphate, Carmine, Natural and Artificial Color Contains: Fish (Pollock, Threadfin Bream and/or Flying Fish), Soy, Crustacean Shellfish (Swimming Crab). Net Weight 12/2.5 lb Keep Refrigerated Product of U.S.A. 30 lbs. (12 packages/2.5 lb vacuum sealed in clear film, pasteurized)","31,079 cases",Product found to contain undeclared wheat and eggs,20230519,20230620,20250107,20230628,"Item 1485 - Surimi Seafood Shred Miyako: Lot numbers (expiration dates): 02/13/23, 03/07/23, 03/14/23, 04/17/23, 05/08/23, 05/23/23, 06/06/23, 06/20/23, 07/10/23, 07/26/23  Item 91403   AS10C ICM Shred 4/2.5Lb KS10-0440-C: Lot numbers (expiration dates) 02/08/23, 11/01/22, 11/29/22, 12/12/22, 12/22/22.  Item 91408 KSA ICM Shred 12/2.5Lb KS22-1240-C: Lot numbers (expirations dates) 12/13/23, 02/21/23, 03/28/23, 04/19/23, 05/24/23, 06/26/23, 08/08/23  Item 92407 KS21 ICM Shred 12/2.5Lb KS23-1240-Z, Frozen Lot numbers (production dates julian code) 10223, 03923, 25723, 30522, 23022",
Terminated,Murray,UT,United States,Class II,Food,90607,"Clinical Innovations, LLC",747 W 4170 S,,84123-1364,Voluntary: Firm initiated,E-Mail,Nationwide - all 48 states plus Washington DC and Puerto Rico.  Australia and United Arab Emirates (Dubai).,F-1685-2022,"Sweetums 24% sucrose solution with preservative. Vials containing 1ml or 2ml of 24% sucrose in purified water.  Product is administered by drop using vials and tip allows controlled administration directly to tongue or buccal surface.  Product is only used in the hospital setting including the NICU.     -VPSU15032250, 1mL vial, bagged qty 250","10,922 boxes (250 vials/box) total","Firm received complaints of leaking, black liquid, and black particulates in the product vials.",20220719,20220901,20230320,20220907,VPSU15032250 21029a 03/31/2023 VPSU15032250 21031a 03/31/2023,
Terminated,Coventry,CT,United States,Class II,Food,94334,Charles Boggini Company Llc,733 Bread And Milk St,N/A,06238-1014,Voluntary: Firm initiated,E-Mail,"CT, PA, NY, NJ, AZ, MI, IL, NV, CA",F-1284-2024,Charles Boggini Pink Lemonde; 1 or 5 U.S. Gallons,28 gallons,Products contain undeclared FD&C Red No. 40,20240329,20240603,20240703,20240612,Lot/Unit Numnber: 1-017,
Terminated,Beloit,WI,United States,Class II,Food,62019,Kerry Foods,3400 Millington RD,"Beloit, WI 53511 USA",53511-9554,Voluntary: Firm initiated,E-Mail,"AZ, CA, MN, NV, NC, OR, IL, IN, MO, NE, OH, PA, TN, TX, WI.    CANADA, CHILE",F-1532-2012,"KERRY, MELOBLEND 737, CODE:QO-05358, CONTAINS MILK,  Item # I7126.465,  Net Wt 50 Lb (22.68Kg)",400 BG,Kerry has decided to voluntarily recall its lactic acid containing products because they are contaminated with  metal fragments.,20120601,20120618,20130131,20120627,0416205401,
Terminated,Milwaukee,WI,United States,Class I,Food,66819,"Garden-Fresh Foods, Inc.",726 S 12th St.,N/A,53204-1211,Voluntary: Firm initiated,Press Release,"IL, IN, MI, MN, MO, OH, PA, WI.",F-1099-2014,"Grandpa's	,Red Skin Potato Salad,	2/5 lb.,		0 11596 51080 4,	11/22/2013 - 12/10/2013;  Grandpa's,	Red Skin Potato Salad,	12/16 oz,.	0 11596 14061 2,	0 11596 24061 9,	11/25/2013 - 12/10/2013;","919,616.31 total pounds, for all products","Garden-Fresh Foods is recalling various cut vegetables,  ready-to-eat salads, slaw, spread and dip products sold under various brands and code dates manufactured prior to November 06, 2013  because they may be contaminated with Listeria monocytogenes.",20131107,20131218,20151029,20131225,"0 11596 51080 4, 11/22/2013 - 12/10/2013;  0 11596 14061 2, 0 11596 24061 9, 11/25/2013 - 12/10/2013;",
Terminated,Miami,FL,United States,Class II,Food,74054,Sunset Natural Products Inc.,7345 SW 45th St,N/A,33155-4509,FDA Mandated,Letter,"Products distributed to Florida, Nevada and the Dominican Republic",F-0978-2017,"Colon Therapy, bulk capsules","19,455,300","Pursuant to a consent decree that prohibits the company and its owners for marketing dietary supplements until they, among other things, recall and destroy the dietary supplements that have been manufactured or distributed since April 2, 2014, hire a cGMP expert and receive written permission from FDA to resume operations.",20151013,20161228,20170410,20170104,"As persuant to the Consent Decree, the firm agreed to ""recall and destroy, under FDA's supervision, in accordance with the procedures provided in paragraph 6, ALL dietary supplements that were manufactured, prepared, processed, packed, labeled, held and/or distributed between April 2, 2014 and the date of entry of this Decree.""  The Decree was entered on September 25, 2015.    Known lots and expiration dates: Lot # 020514 Exp. Date 05/17, Lot # 030514 Exp. Date 05/17, Lot # 040514 Exp. Date 05/17, Lot # 140514 Exp. Date 06/17, Lot # 150514 Exp. Date 06/17, Lot # 440514 Exp. Date 05/17, Lot # 500514 Exp. Date 05/17, Lot # 510514 Exp. Date 05/17, Lot # 520514 Exp. Date 05/17, Lot # 530514 Exp. Date 05/17, Lot # 540514 Exp. Date 06/17, Lot # 550514 Exp. Date 06/17,  Lot # 560514 Exp. Date 06/17, Lot # 570514 Exp. Date 06/17, Lot # 580514 Exp. Date 06/17, Lot # 590514 Exp. Date 06/17, Lot # 600514 Exp. Date 06/17, Lot # 600514 Exp. Date 06/17, Lot # 610514 Exp. Date 06/17, Lot # 620514 Exp. Date 07/17, Lot # 020714 Exp. Date 07/17, Lot # 240714 Exp. Date 07/17,Lot # 250714 Exp. Date 07/17, Lot # 260714 Exp. Date 07/17, Lot # 270714 Exp. Date 07/17, Lot # 280714 Exp. Date 07/17, Lot # 290714 Exp. Date 07/17, Lot # 300714 Exp. Date 07/17, Lot # 310714 Exp. Date 08/17, Lot # 320714 Exp. Date 08/17, Lot # 330714 Exp. Date 08/17, Lot # 340714 Exp. Date 08/17, Lot # 350714 Exp. Date 08/17, Lot # 380714 Exp. Date 09/17, Lot # 390714 Exp. Date 09/17, Lot # 400714 Exp. Date 09/17, Lot # 410714 Exp. Date 10/17, Lot # 280814 Exp. Date 10/17, Lot # 290814 Exp. Date 10/17, Lot # 300814 Exp. Date 10/17, Lot # 310814 Exp. Date 10/17, Lot # 320814 Exp. Date 10/17, Lot # 230914 Exp. Date 09/17, Lot # 270914 Exp. Date 10/17, Lot # 081014 Exp. Date 11/17, Lot # 091014 Exp. Date 11/17, Lot # 020615 Exp. Date 07/18, Lot # 040615 Exp. Date 07/18, Lot # 170615 Exp. Date 07/18, Lot # 180615 Exp. Date 08/18, Lot # 390615 Exp. Date 08/18, Lot # 480615 Exp. Date 08/18, Lot # 160715 Exp. Date 07/18",
Terminated,Alsip,IL,United States,Class II,Food,79550,GRIFFITH FOODS,12200 S Central Ave,,60803-3408,Voluntary: Firm initiated,"Two or more of the following: Email, Fax, Letter, Press Release, Telephone, Visit","Domestic: IL, TX, VA, WI, OK, MS    Foreign: Canada",F-0965-2018,Product Name 	Lot Number or ID     Premix Roasted Chicken 1258969	660025,1 unit,"Griffith Foods, Inc. has initiated a voluntary recall of multiple products following a supplier's recall of Autolyzed Yeast Powder due to the presence of Salmonella.",20180314,20180323,20180709,20180404,Product Name  Lot Number or ID     Premix Roasted Chicken 1258969 660025,
Terminated,Coppell,TX,United States,Class I,Food,97011,AND GO CONCEPTS DBA SALAD AND GO,8840 Cypress Waters Blvd Ste 200,N/A,75019-4594,Voluntary: Firm initiated,E-Mail,Arizona and Nevada,H-0264-2025,"FG20004 	Cucumber, Sliced packaged in poly bag, and cardboard case. 16 lbs per case",8 cases; 10 bags per case,Potential to be contaminated with Listeria monocytogenes,20250527,20250711,20250924,20250723,2514111  2514311,
Terminated,Bronx,NY,United States,Class I,Food,65497,Terrafina,1610 Bathgate Ave,N/A,10457-8224,Voluntary: Firm initiated,Telephone,"NY, NJ, FL",F-1792-2013,"1) terrafina Natural Roasted Unsalted Pistachios, Net wt. 10 oz (283g) UPC 847938103201, 2) terrafina Natural California Unsalted Pistachios, Net wt. 13 oz (368g) UPC 847938063208, 3) terrafina Natural California Unsalted Pistachios, Net wt. 18 oz (510g) UPC 847938032051, 4) terrafina Natural California Unsalted Pistachios, Net wt. 20 oz (567 g) UPC 847938073207, 5) terrafina Natural California Unsalted Pistachios, Net wt. 7 oz (198g) UPC 847938003204.",5250 pounds,Potential Salmonella contamination.,20130607,20130830,20170331,20130911,"Item numbers: 1) 9320 with Best before 7/1/2013 to 1/31/14,  2) S320 with Best before 7/1/2013 to 1/31/14, 3) M320 with Best before 7/1/2013 to 1/31/14,   4) L320 with Best before 7/1/2013 to 1/31/14, 5) R320 with Best before 7/1/2013 to 1/31/14",
Terminated,Woodbine,IA,United States,Class II,Food,71245,Natural Creations Inc,410 Walker St,N/A,51579-1241,Voluntary: Firm initiated,Telephone,"Distributed to 29 retailers nationwide.  No foreign, government/military/VA accounts.",F-2418-2015,"250cc White Plastic Container containing 120 capsules, labeled Natural Creations New Zealand Colostrum, Colostrum Supplement, MFG. FOR: Natural Creations, Woodbine, IA 51579, 712-647-1600",399 bottles,Natural Creations announces allergy alert and voluntary recall of New Zealand Colostrum dietary supplement due to unidentified allergen inclusion (milk).,20150508,20150609,20151203,20150617,"Lot numbers: 1112301 (exp. 1/15) and 3102914 (exp.  2/17), all products with all expiration dates.",
Terminated,Louisville,KY,United States,Class II,Food,68486,"Koogee-Queen Anne, LLC",2221 Frankfort Ave,,40206-2407,Voluntary: Firm initiated,"Two or more of the following: Email, Fax, Letter, Press Release, Telephone, Visit",Distributed in the states of Indiana and Kentucky,F-2106-2014,"Egg Noggin' Ice Cream. Manufactured by: Koogee-Queen Anne, LLC, d/b/a The Comfy Cow 2221 Frankfort Ave, Louisville, KY 40206.",7qt - 1 unit,"During an FDA inspection the firm was notified that their bulk product lacked labels. Due to the lack of ingredient statement, the firm failed to declare direct allergens for the products. The products also lacked the declaration that they are packaged in a facility that processes peanuts, tree nuts, wheat, milk and eggs.",20140410,20140709,20140902,20140716,1aEGG121113,
Terminated,Garden City,MI,United States,Class I,Food,87438,KAREEM MART INC,32816 Manor Park,N/A,48135-1545,Voluntary: Firm initiated,Telephone,"The products covered by this recall may have been distributed to a distributor and retail stores in the following states: Illinois, Montana, Michigan, New York, North Carolina, Ohio, Pennsylvania, and Virginia.",F-0341-2021,Tahina Sesame Paste packaged in 1lb and 2lb plastic jars and 10kg metal containers; UPC CODES 6215000382207,1800 of the 1lb units; 450 of the 2lb units; and 100 of the 10kg units,Product tested positive for Salmonella.,20210225,20210316,20210901,20210324,"Lot 1, DATE OF EXPIRATION 07-01-2022, numbers in firm systems are KH100P045, KH100P090, KH100M100",
Completed,Concord,NC,United States,Class II,Food,81491,Sysco Charlotte,4500 Corporate Dr NW,,28027-9603,Voluntary: Firm initiated,"Two or more of the following: Email, Fax, Letter, Press Release, Telephone, Visit","Product was shipped to GA, NC & SC.",F-0972-2019,Belgioioso CHEESE GORGONZOLA WHEEL HALF 8#,20cs/8 lb blocks,"The firm discovered that one of their coolers malfunctioned and the food was not held at an appropriate temperature.  Because the holding temperature could affect food safety, this food could be unsafe for consumption.",20181101,20190219,,20190227,SUPC #6545537,
Terminated,Ann Arbor,MI,United States,Class II,Food,63640,"Zingerman's Bakehouse, Inc.",3711 Plaza Dr Ste 5,N/A,48108-1680,Voluntary: Firm initiated,"Two or more of the following: Email, Fax, Letter, Press Release, Telephone, Visit",Michigan and Ohio,F-0749-2013,Zingerman's Bakehouse Hot Cocoa Cake Net wt. 3 LB; 1.25 LB,3lbs; 1.5lb (Total Quantity: 325),"Zingerman's BAKEHOUSE pastry labels were found  not identifying the source of butter and cream ingredients as milk; the source of flour as wheat, and lacking identity of soy allergen found in products.",20121102,20121204,20130201,20121212,none,
Terminated,Geneva,IL,United States,Class I,Food,75900,FONA Int'l,1900 Averill Rd,,60134-1601,Voluntary: Firm initiated,"Two or more of the following: Email, Fax, Letter, Press Release, Telephone, Visit","IL, WI, NJ, TX, Canada (Ontario)",F-1185-2017,"Vanilla Type Flavor, Nat & Art, NET WEIGHT: 22.68 KGS, FONA International, Inc., 1900 Averill road, Geneva, IL 60134","1,200 LBS",Possible contamination of product with Salmonella.,20161207,20170109,20190726,20170118,"Product Code: 926.0357u Lot: H232292, H250103, H216039, H273051, H230038, H313064",
Terminated,Mesa,AZ,United States,Class II,Food,63206,Lehi Valley Trading Co.,4955 E McKellips Rd,N/A,85215-2531,Voluntary: Firm initiated,Letter,"US States: AZ, NJ, NM, NJ, TX, LA, CA, WI, WA, VT, GA, and FL.  No international distribution.",F-0120-2013,"Licorice Sticks sold under the following brand names:  1) Orange Patch Country Store Licorice Sticks, New Wt, 12 oz.  Packaged in plastic bag; 2) Desert Delite Licorice Sticks, New Wt, 12 oz.  Packaged in plastic bag; 3) 17th Street Market Licorice Sticks, New Wt, 12 oz.  Packaged in plastic bag; 4)  Flagstaff Farmers Market Farm Fresh Licorice Sticks, New Wt, 16 oz.  Packaged in plastic bag; 5) Farmers Market Licorice Sticks, New Wt, 8 oz., Packaged in plastic bag; 6) AJ's Fine Foods Licorice Sticks, New Wt, 16 oz.  Packaged in plastic bag; 7) Schneph Farms Licorice Sticks, New Wt, 8 oz.  Packaged in plastic bag; 8)  Carlo's Produce Licorice Sticks, New Wt, 16 oz.  Packaged in plastic bag; 9) Emery's Berry Patch Licorice Sticks, New Wt, 16 oz.  Packaged in plastic bag; 10) Ben Becnel's Fruit Outlet Licorice Sticks, New Wt, 8 oz.  Packaged in plastic bag; 11) The Country Store Licorice Sticks, New Wt, 12 oz.  Packaged in plastic bag; 12) Woody's SmokehouseLicorice Sticks, New Wt, 8 oz  and 12 oz.  Packaged in plastic bag; 13) Hubbell Trading Post National Historic Site Licorice Sticks, 8 oz; 14) El Rancho Marketplace Licorice Sticks, New Wt, 16 oz.  Packaged in plastic bag; 15) Jacob Lake Inn Licorice Sticks, New Wt, 8 oz.  Packaged in plastic bag; 16) S&T Enterprises Licorice Sticks, New Wt, 1 lb, Packaged in plastic bag; 17) Arizona Snack Company Licorice Sticks, New Wt, 12 oz,  Packaged in plastic bag; 18) Upchurch Candy Licorice Sticks, New Wt, 1 lb,  Packaged in plastic bag; 19) Power Road Farmers Market Licorice Sticks, New Wt, 1 lb, Packaged in plastic bag; 20) Mountain Top Licorice Sticks, New Wt, 8 oz,  Packaged in plastic bag; 21) Linn's Licorice Sticks, New Wt, 12 oz,  Packaged in plastic bag; 22) Rosabella's Garden Bakery Licorice Sticks, New Wt, 4 oz,  Packaged in plastic bag; 23) DiiIorio Farms & Roadside Market Licorice Sticks, New Wt, 8 oz,  Packaged in plastic bag; 24) Foster's Product and Corn Maze Licorice Sticks, New Wt, 12 oz,  Packaged in plastic bag; 25) Carleton Farm ProduceLicorice Sticks, New Wt, 8 oz and 12 oz,  Packaged in plastic bag; 26) High Valley Orchard Licorice Sticks, New Wt, 16 oz,  Packaged in plastic bag; 27) Murray Farms Licorice Sticks, New Wt, 1 lb,  Packaged in plastic bag; 28) Venison World.Com Licorice Sticks, New Wt, 8 oz,  Packaged in plastic bag; 29) Panorama Orchards, Inc. Licorice Sticks, New Wt, 8 oz,  Packaged in plastic bag; 30) Jay Country Store Licorice Sticks, New Wt, 1 lb,  Packaged in plastic bag; 31) Klicker's Licorice Sticks, New Wt, 16 oz,  Packaged in plastic bag; 32) Rosie's Farm Market Licorice Sticks, New Wt, 8 oz,  Packaged in plastic bag; 33) Stowe Mercantile Licorice Sticks, New Wt, 16 oz, Packaged in plastic bag; 34) Venice Gourmet Licorice Sticks, New Wt, 16 oz, Packaged in plastic bag; 35) Ragged Point Licorice Sticks, New Wt, 4 oz,  Packaged in plastic bag; 36) Rawhide at Wild Horse Pass Licorice Sticks, New Wt, 8 oz, Packaged in plastic bag; 37) Petty's Meat Market Licorice Sticks, New Wt, 8 oz, Packaged in plastic bag; 38) Fly High with Pax Snax Licorice Sticks, New Wt, 12 oz,  Packaged in plastic bag; 39) Bulk Foods Licorice Sticks, New Wt, 12 oz, Packaged in plastic bag; 40) Guantanamo Bay Gourmet Licorice Sticks, New Wt, 12 oz, Packaged in plastic bag; 41) Newport Harbor Gourmet Licorice Sticks, New Wt, 12 oz, Packaged in plastic bag; 42) Omni Resort Amelia Island Plantation Licorice Sticks, New Wt, 8 oz, Packaged in plastic bag; 43) The Big Easy Licorice Sticks, New Wt, 12 oz, Packaged in plastic bag; 44) Baker's Bay Associates Licorice Sticks, New Wt, 1 lb, Packaged in plastic bag; 45) Arizona Beagle Rescue Licorice Sticks, New Wt, 8 oz, Packaged in plastic bag; 46) Thomas Family Farm Licorice Sticks, New Wt, 4 oz, Packaged in plastic bag;",Amounts distributed are listed in code information.,We were notified by American Licorice Co. through email that levels for lead above those allowed by the FDA were found during testing.  We have voluntarily recalled our entire product purchased from them for the required time range.,20120906,20121016,20130905,20121024,"1) Lot 0080245 and 0082378; 2) Lot 0080004; 3) Lot 0078721, 0085067, and 0081239; 4) 0079221, 0087572, 0084904, 0085398, 0086739, 0087046, 0084165, 0080870, 0080624, and 0082512; 5) Lot 0081294 and 0084453; 6) Lot 0086594, 0085743, 0083970, and 0078875; 7) Lot 0082198; 8) Lot 0085611; 9) Lot 0084498 and 0087230; 10) Lot 0079267l; 11) Lot 0086428, 0084609, 0083481; 0080971, and 0082505; 12) Lot 0087053, 0085253, 0082141,12 oz lots: 0082104, 0087463, 0085694, 0081038, 0084133; 13) Lot 0082299, 0082831, and 0086308; 14) Lot 0086200; 15) Lot 0083767; 16) Lot 0079247, 0079882, 0079656, 0080974, 0080424, 0080162, 0082436, 0081929, 0082184, 0081669, 0081406; 17) Lot 0081455, 0087359, and 0085778; 18) Lot 0084625; 19) Lot 0080277 and 0085536; 20) Lot 0081641; 21) Lot 0087089, 0085763, and 0083603; 22) Lot 0081624; 23) Lot 0084818; 24) Lot 0083720 and 0085577; 25) Lot 0084051, 0084446636, and 0082785; 26) Lot 0082692; 27) Lot 0083835; 28) Lot 0082977; 29) Lot 0087130; 30) Lot 0081515 and 0086922; 31) Lot 0085107; 32) Lot 0087178, 0084560, 0085493, and 0083401; 33) Lot 0085201 and 0086876; 34) Lot 0086301; 35) Lot 0084388 and 0080814; 36) Lot 0080394 and 0082341; 37) Lot 0086413; 38) Lot 0085563, 0082279, and 0081286; 39) Lot 0082916, 0080326, 0082012, 0079777, 0085413, 0087392, 0084263; 40) Lot 081277 and 0079762; 41) Lot 0081875; 42) Lot 0085390; 43) Lot 0082072; 44) Lot 0086147 and 0079417; 45) Lot 0082142; 46)  Lot 0087501     Amounts distributed: 1) 24/12oz bags; 2) 36/12oz bags; 3) 120/16oz bags; 5) 72/8oz bags; 6) 48/16oz bags; 7) 24/8oz bags; 8) 12/16oz bags; 9) 24/16oz bags; 10) 24/8oz bags; 11) 60/12oz bags; 12) 72/18oz bags, 60/12oz bags; 13) 72/8oz bags; 14) 12/16oz bags; 15) 24/8oz bags; 16) 132/1lb bags; 17) 36/12oz bags; 18) 12/1lb bags; 19) 24/1lb bags; 20) 24/8oz bags; 21) 36/12oz bags; 22) 24/4oz bags; 23) 24/8oz bags; 24) 24/12oz bags; 25) 24/12oz  and 72/8oz bags; 26) 12/16oz bags; 27) 24/1lb bags; 28) 24/8oz bags; 29) 24/8oz bags; 30) 24/1lb bags; 31) 12/16oz bags; 32) 96/8oz bags; 33) 24/16oz bags; 34) 12/16oz bags; 35) 48/4oz bags; 36) 48/8oz bags; 37) -; 38) 36/12oz bags; 39) 81/12oz bags; 40) 24/12oz bags; 41) 12/12oz bags; 42) 24/8oz bags; 43) 12/12oz bags; 44) 24/1lb bags;  45) -; 46: 24/4oz bags;",
Terminated,Hubbard,OH,United States,Class II,Food,93090,Katies Korner Inc.,2571 N Main St,N/A,44425-3245,Voluntary: Firm initiated,Telephone,OH,F-0294-2024,"3 Gallon, plastic container of mint chip flavored ice cream",35,"Undeclared wheat, soy and coconut",20230914,20231018,20231018,20231025,Manufacturing code: 230911033,
Terminated,Palmyra,WI,United States,Class III,Food,77944,"Rushing Waters Fisheries, LLC",N301 County Road H,N/A,53156,Voluntary: Firm initiated,E-Mail,IL,F-3487-2017,"Whole Foods Smoked Whitefish Fillet, packed in bulk boxes.  Labeling states: Smoked on: 08/09/17, Sell Through: 09/04/17.  Smoked fish portions are placed inside of a box lined with a plastic bag, which is hand-tied when the box is filled.  Weights of each box vary.",22.70lbs,Rushing Waters Fisheries is recalling 3 smoked fish products because they may have been underprocessed.,20170811,20170901,20170905,20170913,"Lot #1139, Smoked on: 08/09/17, Sell Through: 09/04/17",
Terminated,Playa Vista,CA,United States,Class II,Food,83799,SONORA MILLS FOODS INC DBA POPCH,5510 Lincoln Blvd,N/A,90094-2034,Voluntary: Firm initiated,Letter,"Il, CA, CP. OR, TX, WA, TX, NV, UT, AZ and Canada and Kuwait.",F-0027-2020,Popchips Sour Cream & Onion Potato Popped Chips;  5 oz. bag and 8 oz. bag    UPC: 0 82666 50070 4 - 5 oz.            0 82666 77700 7 - 8 oz.,"6,691 cases (total)",Some batches of PopChips may contain gluten levels that exceed the firms specification.,20190910,20191009,20200219,20191016,8 oz. -AUG 0720;  5 oz. AUG  0620 - Popchips and Safeway;   AUG 0720; AUG 2820 - Popchips only.,
Terminated,Ventura,CA,United States,Class I,Food,68938,BoKU International,6019 Olivas Park Dr Ste B,suite B,93003-7933,Voluntary: Firm initiated,E-Mail,Online sales direct to customers,F-2517-2014,"Boku Super Food 3.0, Product Sizes: 10 oz.",289 lbs,Boku is recalling Super Food because it may be contaminated with Salmonella.,20140730,20140922,20150806,20141001,Lot No. FM06070714A,
Terminated,Hart,MI,United States,Class II,Food,81548,"Hart Freeze pack, LLC",835 S Griswold St,N/A,49420-9756,Voluntary: Firm initiated,Letter,MI,F-0719-2019,"Pictsweet Farms Steam'ables Asparagus Spears  8oz. pouch, 10 per case  UPC 0 70560 97799 9   Frozen",2794 cases,Product was presumptive positive for Listeria monocytogenes.,20181109,20181212,20200528,20181205,Date codes: 2118XD and 2138XD   printed on pouch and outer cases  Best by dates: Jul 30 2020 and Aug 01 2020,
Terminated,Streamwood,IL,United States,Class I,Food,89269,Fresh Express Inc (Div of Chiquita Brands),1109 E Lake St,,60107-4332,Voluntary: Firm initiated,"Two or more of the following: Email, Fax, Letter, Press Release, Telephone, Visit","Products were distributed to 110 domestic distributors (in CT, IA, IL, IN, KY, MA, MD, ME, MI, MN, MO, ND, NH, NJ, NY, OH, PA, RI, VA, and WI) and 3 foreign distributors (Canada).",F-0571-2022,"""Organic Baby Arugula"" (salad product) packed in 5oz. and 16oz. packages","14,743 cases",potential to be contaminated with Listeria monocytogenes,20211218,20220122,20230517,20220202,Z324-Z350,
Terminated,Union,OR,United States,Class II,Food,73911,Union Bagel Shop,153 E Electric St,N/A,97883,Voluntary: Firm initiated,"Two or more of the following: Email, Fax, Letter, Press Release, Telephone, Visit","Products were only distributed to one retail store located in Grande, OR",F-0156-2017,"Package contains a business card for ""***BAGEL SHOP***""    ""***Sesame Seed:  Flour, Filtered Water, Organic Shortening, Olive Oil, Malt, Sugar, Sea Salt, Yeast, Organic Sesame Seeds.***""    2 bagels per package - plastic bag with twist tie.",N/A,Undeclared wheat,20160407,20161014,20161017,20161026,None,
Ongoing,Ferndale,WA,United States,Class I,Food,97880,"Twin Sisters Creamery, LLC",6202 Portal Way,,98248-9362,Voluntary: Firm initiated,E-Mail,Distributed in OR and WA,H-0193-2026,"Twin Sisters Creamery Whatcom Blue cheese, 2.5lb. round cheese wheel, made with raw milk and aged at minimum of 60 days. Ingredients: cultured raw cow's milk, salt, enzymes, penicillium roqueforti. Made in Ferndale, WA. www.twinsisterscreamery.com.",3438.20 lbs.,Raw milk Whatcom Blue cheese is recalled due to E. coli O103:H2.,20251024,20251119,,20251126,#450 Made on 5/27/2025 - Batch Code 250527B Sell by 2/21/2026 #452 Made on 6/10/2025 - Batch Code 250610B Sell by 3/7/2026 #454 Made on 6/18/2025 - Batch Code 250618B Sell by 3/15/2026 #455 Made on 6/24/2025 - Batch Code 250624B Sell by 3/21/2026 #456 Made on 7/01/2025 - Batch Code 250701B Sell by 3/28/2026 #459 Made on 7/22/2025 - Batch Code 250722B Sell by 4/18/2026   Letter B indicates product is Whatcom Blue.,
Terminated,Owings Mills,MD,United States,Class II,Food,94829,"Totally Cool, Inc.",38 Gwynns Mill Ct,N/A,21117-3512,Voluntary: Firm initiated,E-Mail,Distributed nationwide.,F-1608-2024,"Dolcezza Peanut Butter Stracciatella Gelato 16 fl oz/1 pint, UPC 857838006090. Packaged in paper containers, 8 containers per case.",2355 cases,Possible contamination with Listeria monocytogenes,20240613,20240801,20241008,20240807,All Best By Dates Between: 05/20/24 to 06/20/25 Plant Code: 24-65,
Terminated,Carlsbad,CA,United States,Class II,Food,68164,Prep Enterprises Llc,5130 Avenida Encinas,,92008-4372,Voluntary: Firm initiated,Letter,"The products were sold to wholesale distributors in the following states: Alabama, Arizona, California, Texas, Washington, Nevada, New York,  Illinois, Missouri, Kentucky, Florida, Oklahoma, Idaho, Colorado, Wisconsin, Massachusetts, and Ohio.    Wordwide to Canada.",F-1989-2014,"Arena Ethnobotanicals and Kratom Pro, sizes: 1oz, 4oz, and 8oz.","4,505 units","Prep Enterprises is recalling Captain Kratom, Arena Ethnobotanicals and Kratom Pro products because they may be contain Kratom (mitragyna speciosa).",20140501,20140602,20140716,20140611,,
Terminated,Arlington,VA,United States,Class II,Food,84172,Gerber Products Company dba Nestle Infant Nutrition,1812 N Moore St,N/A,22209-1815,Voluntary: Firm initiated,"Two or more of the following: Email, Fax, Letter, Press Release, Telephone, Visit",All consignees are in the US,F-0489-2020,"Nestle Toll House Oatmeal Raisin Cookie Bar (16.5oz), UPC 050000062195","1,322,591 cases (total all products)",Potential presence of food-grade rubber pieces.,20191030,20200109,20200618,20200115,"BATCH CODE(S): 9196, 9214, 9226, 9235, 9253    Batch Code date Breakdown: YDDD Y-Year (2019)  JJJ: Julian date (189)",
Completed,Parsippany,NJ,United States,Class II,Food,77197,"Pinnacle Foods, LLC",399 Jefferson Rd,N/A,07054-3707,Voluntary: Firm initiated,"Two or more of the following: Email, Fax, Letter, Press Release, Telephone, Visit",Nationwide,F-2305-2017,"AUNT JEMIMA(R) 14 BLUEBERRY WAFFLES, NET WT 17.18oz UPC 019600062202",153513 units,Potential for Listeria monocytogenes contamination,20170505,20170605,,20170614,ALL,
Terminated,Houston,TX,United States,Class I,Food,83343,Pita Pal Foods LP,3100 Canal St,N/A,77003-1602,Voluntary: Firm initiated,"Two or more of the following: Email, Fax, Letter, Press Release, Telephone, Visit",Nationwide throughout the US,F-2209-2019,PitaPal Edamame Dip with Pretzels 4.1 oz. UPC 851351007091 packaged in Clear tub with clear lid with green rim.,36 cases,Product has potential to be contaminated with Listeria monocytogenes,20190715,20190916,20200413,20190925,Use By: 07/25/19 thru 9/18/19,
Terminated,Minneapolis,MN,United States,Class I,Food,97709,WHOLESALE PRODUCE SUPPLY LLC DBA,752 Kasota Cir Se,,55414-2815,Voluntary: Firm initiated,E-Mail,"IA, IL, ND, NE, WI",H-0068-2026,"Cut Fresh Fruit Mix.  Contains:  Cantaloupe, Honeydew, Pineapple, and Red Grapes.  Keep Refrigerated. Packed under the following brands and sizes:    1.  Fruit Mix CHPG (MCT) 1/5 lb.   2.  Fruit Medley ""HC"" 24/8 oz.  Harvest Cuts  UPC 7 90629-08008 7.   3.  Fruit Mix CHPG (PAIL) 1/5 lb.  UPC 7 90629-11369.    Packed by WPS, Minneapolois, MN",307 total cases/pails recalled,Potential Listeria monocytogenes contamination.,20250926,20251015,20251219,20251022,"1.  Lot Number:  X0924992, Expiration 10/5/2025, and Lot Number:  X0924992, Expiration 10/5/2025.   2.  Lot Number:  X0925250, Expiration 10/4/2025.   3.  Lot Number:  X0924991, Expiration  10/5/2025.",
Terminated,Moody,AL,United States,Class I,Food,74866,J M Exotic Foods Inc,2435 US Highway 78,N/A,35004-2137,Voluntary: Firm initiated,Telephone,"GA, AL",F-1613-2017,"Ground Turmeric packaged as follows:  a) FOOD LOCKER(R) , 16 oz, PHENIX FOOD SERVICE, PHENIX CITY, AL  36867  b) Ground Turmeric, Net Wt. 4 oz.,",468 units,The firm received a notice from their supplier that a sample of ground turmeric was tested and found to have elevated levels of lead.,20160802,20170316,20170329,20170322,"a)  Lot number:  16110118  b)  Lot numbers:  16131185, 16165184",
Terminated,Lockport,NY,United States,Class II,Food,98115,CELEBRATION HERBALS US,210 Walnut St,,14094-3725,Voluntary: Firm initiated,E-Mail,"FL, IN, MA, MI, MS, NY, PR, WI",H-0328-2026,"Celebration Herbals Senna Leaf Herbal Tea 24 Teabags, net wt. 1.48oz. UPC 628240201829",1226 retail units,possible salmonella,20251125,20251219,20260317,20251224,Lot code: 251004 BB: 2028-Oct-29,
Terminated,Indianapolis,IN,United States,Class I,Food,63193,"Caito Foods Service, Inc.",3120 N Post Rd,N/A,46226-6514,Voluntary: Firm initiated,"Two or more of the following: Email, Fax, Letter, Press Release, Telephone, Visit","4 Distributors in WI, IN, IL, CA with further nationwide distribution to retail stores",F-0133-2013,"Garden Highway, Chef Essentials, Mango Salsa, Net Wt  7 oz, UPC 8.26766-42208.1, Ingredients: Mango, Lime Juice, Red Onion, Mint, Jalapeno Pepper, Packed in It's Own Juice",7 cases,"In cooperation with the FDA warning to not consume mangoes from Agricola Daniella, Mexico.  FreshLine of Indianapolis, Indiana, has initiated a voluntary recall of a limited quantity of expired products that contain fresh-cut mangoes due to the potential risk that the mangoes may contain Salmonella.",20120915,20121017,20130828,20121024,"Item  382987,  Best By 8/04/2012- 09/16/12",
Terminated,Milwaukee,WI,United States,Class I,Food,66677,"Garden-Fresh Foods, Inc.",726 S 12th St.,N/A,53204-1211,Voluntary: Firm initiated,"Two or more of the following: Email, Fax, Letter, Press Release, Telephone, Visit","CA, IL, IN, MA, MI,MN, MO, OH, PA, WI.",F-0542-2014,"Garden-Fresh Farm Stand Pasta Salad,Product Code  0 11 11596 52204 9, 1/5 lb","1,159,754.46 total pounds, for all varieties","Garden-Fresh Foods is recalling various ready-to-eat salads, slaw, and dip products sold under various brands and codes because they may be contaminated with Listeria monocytogenes.",20131030,20131202,20140313,20131211,0 11 11596 52204 9= 10/30/2013 - 11/20/2013    ; ;,
Terminated,Santa Ana,CA,United States,Class I,Food,94869,"Prophet Premium Blends, LLC",2413 S Broadway,N/A,92707-3251,Voluntary: Firm initiated,"Two or more of the following: Email, Fax, Letter, Press Release, Telephone, Visit","U.S. distribution to the following: AK, AL, AR, AZ, CA, CO, CT, DC, DE, FL, GA, HI, IA, ID, IL, IN, KS, KY, MA, MD, ME, MI, MN, MO, MS, MT, NC, ND, NE, NH, NJ, NM, NV, NY, OH, OK, OR, PA, PR, RI, SC, SD, TN, TX, UT, VA, VT, WA, WI, WV, WY  No foreign distribution.",F-1530-2024,Diamond Shruumz Chocolate Bars Dark Chocolate UPC 755003858829,"248,007 products",Toxic levels of muscimol,20240627,20240730,20250402,20240807,All lots or best buy dates and any products that do not have any lot codes or best buy dates.,
Terminated,Atlanta,GA,United States,Class II,Food,69801,Coca-Cola Company  (The),1 Coca Cola Plz Nw,N/A,30313-2420,Voluntary: Firm initiated,Visit,U.S. Nationwide,F-0711-2015,"Odwalla Chocolate Protein Shake, 15.2 fl. oz, and 32 fl. oz bottles, Distributed by: Odwalla, Inc., Dinuba, CA 93618.","30,390 units (32oz) and 158,880 units (15.2oz) total",There is the potential that some of the bottles could exhibit spoilage before end of shelf life.,20141023,20141212,20150113,20141224,"UPC: 014054 13505 2, Production Date: 09/19/14 and 09/20/14, Best By Date: DEC 18 14 and DEC 19 14 (15.2oz) and UPC: 0 14054 13504 5, Production Date: 09/13/214 and 09/14/14, Best By Date: DEC 12 14 and DEC 13 14 (32.0 oz)",
Completed,Rock Hill,SC,United States,Class II,Food,88833,Carolina Ingredients,1595 Cedar Line Dr,N/A,29730-7442,Voluntary: Firm initiated,Letter,All product was shipped to one customer in GA.,F-0164-2022,"Carolina Ingredients Smoked Peppered Bacon Seasoning Mfr. By: Carolina Ingredients, LLC Rock Hill, SC 29730",N/A,The firm was notified by their customer of possible lead  in their products. The firm sent samples of the product to a lab,20211007,20211115,,20211124,Fill in,
Terminated,Easton,PA,United States,Class III,Food,70067,Keystone Food Products Inc,3767 Hecktown Rd,N/A,18045-2350,Voluntary: Firm initiated,"Two or more of the following: Email, Fax, Letter, Press Release, Telephone, Visit",ME VT NH MA RI CT NY PA,F-1407-2015,"Weis  Veggie Chips  Net Wt. 6 oz.  Packed For Weis Markets, Inc. Sunbury, PA 17801  With code dates: 10 Dec 2014 thru 7 Apr 2015    Natures Place  Veggie chips  Net Wt. 6 oz  Distributed By: DZA Brands, LLC, Salisbury NC 28147/Scarborough, ME 04074  With code dates: 15 Dec 2014 thru 10 Apr 2014      Market Basket  Veggie Chips   Net Wt. 6 oz  Distributed by: DeMoulas Supermarkets, Inc. Tewksbury, MA 01876  With code dates: 22 Jan 2015 thru 21 Mar 2015","7556 cs, 12 units/case",Firm's sodium claims of 55 g/serving is incorrect. Product analyzed and found to contain shows approx. 290 mg/serving size,20141216,20150309,20150825,20150318,10 Dec 2014 thru 7 Apr 2015  15 Dec 2014 thru 10 Apr 2014  22 Jan 2015 thru 21 Mar 2015,
Terminated,Baltimore,MD,United States,Class I,Food,91653,"FRESH IDEATION FOOD GROUP, LLC dba Fresh Creative Cuisine",2800 Wegworth Ln,N/A,21230-3300,Voluntary: Firm initiated,Press Release,"The recalled product was distributed to the following states: MD, PA, DE, NY, DC, NJ, NC, CT, SC, VA, MA .",F-0476-2023,"Bistro To Go, Egg Salad Wheat, Net Wt. 5.5 Oz. Single Serving, Keep refrigerated",4 units,"On 02/03/2023, FRESH IDEATION FOOD GROUP, LLC dba Fresh Creative Cuisine of Baltimore, MD is  initiating a recall of  various products sold from January 24, 2023 through January 30, 2023 because the products have the potential to be contaminated with Listeria monocytogenes .",20230203,20231017,20231017,20230322,UPC Code : 813141022127,
Terminated,Los Angeles,CA,United States,Class II,Food,91624,Tampico Spice Company Inc,5941 S Central Ave,N/A,90001-1128,Voluntary: Firm initiated,Letter,"CA, WA, AZ, OR, UT, TX, NV, NJ",F-0403-2023,"Cayenne Pepper  1 pound jars, and 5 pound jars",5553 lbs (total),Product was found to have an elevated amount of Aflatoxin,20230202,20230303,20230815,20230301,Lot #2112245,
Terminated,Boise,ID,United States,Class I,Food,97724,Albertsons Companies LLC,250 E Park Center Blvd,,83726-0020,Voluntary: Firm initiated,"Two or more of the following: Email, Fax, Letter, Press Release, Telephone, Visit","Distributed in AK, AR, AZ, CA, CO, HI, LA, NE, NM, NV, OK, SD, TX, UT, and WY.",H-0124-2026,"Ready Meals Smoked Mozzarella With Hot Links Extra Large, UPC 200003 #####. Product was made in-store with store generated scale label applied to the container.    Sold under store banners Carrs-Safeway, Eagle, and Safeway in AK",Unknown,Listeria monocytogenes. Albertson's store-made deli items contain a recalled Penne pasta ingredient which was recalled due to Listeria monocytogenes.,20250926,20251022,20251125,20251029,Sell Thru Dates: SEP 25 25 Thru OCT 4 25,
Terminated,Manchester,CT,United States,Class I,Food,70423,The Spicemill LLC.,191 Adams St,N/A,06042-1919,Voluntary: Firm initiated,"Two or more of the following: Email, Fax, Letter, Press Release, Telephone, Visit",Product was distributed in the State of CT.,F-1796-2015,"Cajun Seasoning, 4 oz., UPC: 811267011735.  Product is packaged in a plastic bottle with a black flip-top lid.",102 bottles,Product may contain undeclared peanut protein.,20150128,20150330,20150413,20150408,"Lot Code:  1432421, Best By: 12/16,1/17",
Terminated,Buffalo,NY,United States,Class II,Food,87025,Rich Products Corp,1 Robert Rich Way,,14213-1701,Voluntary: Firm initiated,E-Mail,"OK, MO, NC, MS, LA, KS",F-0193-2021,"OUR SPECIALTY; Cake Truffles; Variety; Chocolate; Cookies 'N Creme; NO: Artificial Colors, Flavors, or High  Fructose Corn Syrup; Net Wt. 19.5 oz(1 LB 3.5 oz) (552 g)",589 cases,Product contains undeclared wheat.,20201222,20210105,20210430,20210113,UPC: 87574 55501   Lot: C189 0239,
Terminated,Duarte,CA,United States,Class II,Food,75169,Federico's Bakery,1860 Evergreen St,N/A,91010-2906,Voluntary: Firm initiated,Letter,CA,F-2617-2016,"Federico's Mexican Cookies Excelente Variedad, Net Wt. 21oz, 10packs/case, UPC 9154450521.","9,520 units",Federico's Bakery is recalling Mexican Cookies because it contains undeclared milk as the sub ingredient for butter.,20160912,20160927,20170127,20161005,none,
Terminated,San Angelo,TX,United States,Class II,Food,64721,"Decoty Coffee Company, Inc",1920 Austin St,,76903-8704,Voluntary: Firm initiated,Letter,"Mainly in TX, but internet sales were nationwide.",F-1276-2013,"Taco Seasoning, Net Wt. 1.25 lb and 5.75 lb. Distributed by Decoty Coffee Company, San Angelo, TX 76903, 800-588-8001. The products come in 1.25lb and 5.75lb sizes and are distributed in plastic spice containers with resealable lids.",205 of the 1.25 lb and 310 of the 5.75 lb,"Recently, DeCoty Taco Seasoning, 1.25 lb (Lot numbers 010111-021313) and 5.75 lb (Lot numbers 010111-021313), were recalled for the undeclared ingredient Soy. Tests show that these lot numbers of this product also contain the undeclared ingredient Wheat Gluten, therefore represents a potential health hazard.",20130325,20130328,20130618,20130403,The item code numbers are 71400 (1.25 lb) and 71410 (5.75 lb) with lot numbers from 010111 through 021313.,
Terminated,Golden Valley,MN,United States,Class I,Food,90290,General Mills James Ford Bell Technical Center,9000 Plymouth Ave N,,55427-3870,Voluntary: Firm initiated,"Two or more of the following: Email, Fax, Letter, Press Release, Telephone, Visit","CA, GA, LA, MI, MO, NH, NJ, NY, OR, PA, TX",F-1280-2022,"dibz Lunch Blox.  Entree, Grain, Veggie, Fruit",20 units,Potential Salmonella contamination.,20220522,20220608,20230217,20220615,"Lunch ID's:  1016.2, 1017.3, 1025.1, 1026.2, 1026.3, 1029.2, 1029.3, 1032.3, 1032.4, 1033.1, 1034.3, 1034.4, 1035.1, 1036.4. 1036.5, 1038.3, 1042.1, 1046.1, 1050.2, 1051.2",
Terminated,Winston Salem,NC,United States,Class I,Food,65142,Dairy Fresh LLC,2221 N Patterson Ave,N/A,27105-6036,Voluntary: Firm initiated,"Two or more of the following: Email, Fax, Letter, Press Release, Telephone, Visit","FL, GA KY, NC, OH, PA, SC, TN and WV.",F-1526-2013,"IGA Brand Vanilla & Chocolate Ice Cream, 1.75 Quart","10,050 cartons","Undeclared allergens: Almonds, Coconut, Soy Lecithin",20130508,20130612,20140508,20130619,"UPC #4137046131, Plant Code 3783, Sell by dates: 06-08-13  07-19-13, 08-02-13, 08-13-13 and 08-27-13.",
Terminated,Lakeland,FL,United States,Class I,Food,64493,"Publix Super Markets, Inc.",3300 Publix Corporate Pkwy,N/A,33811-3311,Voluntary: Firm initiated,E-Mail,Florida,F-1181-2013,Publix 7 inch Chocolate with Chocolate butter cream layer cake  Scale ID Number * 002-95954-00000 *The last five digits of the scale ID number contain the unit price. For example $4.99 would have the last five digits ending 00499.,N/A,Maplehurst Deli-Bake South Inc. the cake supplier notified Publix Super market of a contamination with Listeria Monocytogenes on 11/15/2012.,20121115,20130313,20130517,20130320,"Recalled products were distributed from November 11, 2012 through November 15, 2012.",
Terminated,Newark,NJ,United States,Class II,Food,75185,"PAO DE MILHO III, LLC",12-24 Jabez St,N/A,07105-3082,Voluntary: Firm initiated,E-Mail,NJ,F-2620-2016,"Triana Family Brioche Donuts Bavarian Cream Net Wt. 0.75 LBS (340 g)  12 -24 Jabez St., Newark, NJ 07106 UPC 000260003995    packaged in a clear plastic clam shell container",60 units,Brioche Donuts- Bavarian Cream contain undeclared FD&C yellow #5 and FD&C yellow #6.,20160830,20160928,20170314,20161005,9/13/2016,
Terminated,Mc Arthur,OH,United States,Class II,Food,71962,Garden Harvest,62969 US Highway 50,N/A,45651-8410,Voluntary: Firm initiated,E-Mail,"Product was shipped to the following states: OH, FL, WV",F-0490-2016,"Keim's Garden Harvest pickled zesty mustard eggs Ingredients: eggs, water, vinegar, sugar, salt***yellow #5, red #40*** Manufactured by: Keim's Garden Harvest (937) 515.4518 2232 Honeysuckle Lane Wellston OH 45692 1 PT (17 oz 502 ML) UPC 6 09788 83464 9, 32 oz 6 09788 83459 5",44 cases,The firm was manufacturing acidified foods without a license.,20150812,20160114,20190226,20160120,All Codes,
Terminated,Schenectady,NY,United States,Class II,Food,65557,Price Chopper Golub Corperisable Warehouse,501 Duanesburg Rd,N/A,12306-1058,Voluntary: Firm initiated,E-Mail,"Price Chopper stores in NY, NH, MA, VT, PA and CT.",F-1749-2013,"Jacqueline's GOURMET COOKIES Raspberry Burst Cookies, Net Wt. 11 oz (8 units in total) packed in clear plastic with white labeling---Shelf life is 12 months frozen and 7 days after baked.","112, 536 cookies packaged into 14,067 11 oz packages",Undeclared Milk allergen,20130621,20130725,20170501,20130731,"Store Item Code: 3552393, UPC:4173522009   Lot Numbers: PB18363-4, PB18363-5, PB18363-6, PB18363-7, PB18363-8, PB18363-9, PB18363-15, PB18363-16, PB17833-3, PB18325-3, PB20781-3, PB20781-4, PB20781-5, PB20781-6",
Terminated,American Fork,UT,United States,Class II,Food,85963,BUILT BRANDS LLC,708 S 500 E,N/A,84003-2587,Voluntary: Firm initiated,"Two or more of the following: Email, Fax, Letter, Press Release, Telephone, Visit",Nationwide in U.S. and Canada.,F-1035-2020,"Banana Chocolate Creme Chocolate covered protein bars, packaged in metalized polypropylene wrappers, packed in 6 count to 18 count boxes, net wt. ranges from 53 to 58 grams.","79,500 bars",Products may be moldy prior to the end of the stated shelf life.,20200624,20200728,20220309,20200805,"2004524, date 20045, Expiration 10/14/2020;  2005724, date 20057, Expiration 10/26/2020;",
Terminated,Coon Rapids,MN,United States,Class I,Food,67806,Parkers Farm Inc,9250 Holly St NW,N/A,55433-5800,Voluntary: Firm initiated,E-Mail,Nationwide.  No distribution outside the US.,F-1852-2014,Cheddar Cheese Ball and Logs sold under the following sizes and brands:    1. Aldi label in 10 ounce balls (1087 / #7713) in film overwrap;     2.   Win Schuler Original label in 10 ounce balls (55560) and logs (55570) in film overwrap; 3. CP in 8 ounce cheese logs (CH111000) in film overwrap.,"369,840 total cases for all varieties","Various Peanut butters, cheese spreads, cold pack cheese, salsa, cheese balls/logs have the potential to be contaminated with Listeria monocytogenes.",20140321,20140416,20151021,20140423,Sell by Date before 3/20/2015,
Terminated,Chicago,IL,United States,Class I,Food,92423,"Newly Weds Foods, Inc.",8550 W Bryn Mawr Ave,Suite 100,60631-3222,Voluntary: Firm initiated,Letter,"ALABAMA, ARKANSAS, CALIFORNIA, COLORADO, FLORIDA, GEORGIA, ILLINOIS, INDIANA, IOWA, KANSAS, KENTUCKY, LOUISIANA, MICHIGAN, MINNESOTA, MISSISSIPPI, MISSOURI, MONTANA, NEBRASKA, NEW JERSEY, NEW YORK, NORTH CAROLINA, OHIO, OKLAHOMA, OREGON, PENNSYLVANIA, TENNESSEE, TEXAS ,WISCONSIN.  CANADA.",F-1028-2023,A21470	BATTER MIX X1	50.00	BAG,"6,465,115.78 pounds Total",Products may contain Salmonella,20230526,20230705,20240723,20230712,SE012523A SE110222C SE110722A,
Terminated,San Leandro,CA,United States,Class I,Food,61893,Santos Inc.,1188 Montague St,N/A,94577-4334,Voluntary: Firm initiated,Letter,Distributed to retail markets in Northern California.,F-1467-2012,"Santos Brand, Garam Masala (Indian Spice Mix) packed in clear plastic bags,  7 ounces, 16 ounces",N/A,"The recall was initiated after it was discovered during a routine inspection that the products i.e. various kinds of flours, legumes and spices were cross packaged on shared equipment with peanuts and wheat flour.  The products i.e. various kinds of flours, legumes and spices were distributed in packaging that did not reveal the presence of peanuts or wheat, but may contain traces of it.",20120518,20120618,20130925,20120627,There is no UPC code/lot code/expiration date on products.,
Terminated,Inglewood,CA,United States,Class II,Food,88824,Chocolate and the Chip,705 Vesta St,N/A,90302-3316,Voluntary: Firm initiated,Press Release,Nationwide distribution,F-0037-2022,"Chocolate & the Chip  Peanutbutter Spice Cookies: 4 oz / 114 grams per pack. Cookies are packaged in uniform pairs in a food grade clear resealable bag and label  Corrected Ingredients:  Ingredients: All purpose flour (bleached wheat flour, malted barley flour, niacin, reduced iron, ascorbic acid, thiamin mononitrate, riboflavin, folic acid, ascorbic acid) unsalted butter (pasteurized cream, natural flavorings), eggs, semi sweet chocolate chips (sugar, chocolate, cocoa butter, milkfat, soy lecithin, natural flavors), light brown sugar, white granulated sugar, peanut butter (Roasted peanuts 91.5% Dextrose - 6% Hydrogenated vegetable oil (rapeseed, cottonseed, soybean) - 2% Salt - .5%), cinnamon chips (Sugar, partially hydrogenated palm kernel oil, cocoa powder, natural and imitation cinnamon flavor, salt, soy lecithin, and vanillin, pure vanilla extract (vanilla bean extractives in water and alcohol), Himalayan salt, baking soda (sodium bicarbonate), instant decaf coffee (decaffeinated instant coffee, caramelized sugar), cinnamon, salt flakes. Contains: wheat, milk, eggs, soy, tree nuts (peanuts)   Labels found during the inspection had undeclared wheat, milk, soy. Firm had listed ingredients on packaging but what was missing were the sub ingredients and allergen containment.",3000 units (total),Inspection by the California Department of Public Health found undeclared allergens in numerous bakery products.,20211005,20211020,20211130,20211027,"Product manufactured from July 1, 2021 to 9-30-21.",
Terminated,Cullen,VA,United States,Class II,Food,93957,"Country Corner Dairy, LLC",3005 County Line Rd,N/A,23934-2041,Voluntary: Firm initiated,"Two or more of the following: Email, Fax, Letter, Press Release, Telephone, Visit","The recall product was distributed to the following states : MD, VA",F-0913-2024,"Fresh Local , Country Corner Dairy,  YELLOW COLBY CHEESE, INGREDIENTS: Pasteurized Milk, Salt , Rennet, Calcium Chloride,  Cheese Culture, Contains Milk. Product comes in various sizes, 6 oz. up to 42 lbs. and is in vacuum sealed plastic packaging.",6605 lbs. total,Product was made with a lack of proper pasteurization.,20240201,20240222,20240325,20240228,100923,
Terminated,Algoma,WI,United States,Class II,Food,78982,Wienke LLC,292 County Rd S,N/A,54201-9442,Voluntary: Firm initiated,"Two or more of the following: Email, Fax, Letter, Press Release, Telephone, Visit","AL, AK, IA,, IL, MI, MN, OR, PA, UT, WI",F-0736-2018,"Wienke's Market Strawberry Raspberry Jam, Net Wt. 8 oz (226g), UPC 14106-00235.    Refrigerate after opening.  Ingredients:  strawberries, raspberries, sugar, pectin.","41,646 total jars (2016); unknown (2017)",Jams and Jellies are made with butter which is not declared on the label.,20180119,20180202,20181010,20180214,"Jams and Jellies produced prior to January 17, 2018",
Terminated,Houston,TX,United States,Class I,Food,75061,"Country Fresh Products, LLC",2008 Ww Thorne Blvd,N/A,77073-3302,Voluntary: Firm initiated,"Two or more of the following: Email, Fax, Letter, Press Release, Telephone, Visit","AL, FL, GA, KY, LA, MD, MS, NC, SC, TN, VA and WV.",F-0845-2017,"Harris Teeter, Kabob Kit 23oz",N/A,Products may be contaminated with Listeria monocytogenes.,20160825,20170105,20170123,20170111,"BEST IF USED BY dates between August 11, 2016 through August 17, 2016.",
Terminated,Warren,MI,United States,Class I,Food,84660,"Lipari Foods Operating Company, LLC.",26661 Bunert Rd,N/A,48089-3650,Voluntary: Firm initiated,"Two or more of the following: Email, Fax, Letter, Press Release, Telephone, Visit","The products were distributed exclusively by Lipari Foods in Warren, Michigan to food service and retail stores throughout Alabama, Florida, Iowa, Illinois, Indiana, Kentucky, Maryland, Michigan, Minnesota, Missouri, Ohio, Pennsylvania, Tennessee, West Virginia, and Wisconsin.",F-0656-2020,"Premo and Fresh Grab Chicken Salad Wedge Sandwich, 5 oz., UPC: 612510002032","203,881 Sandwiches Total",Products recalled due to potential contamination with Listeria monocytogenes,20200106,20200206,20200818,20200212,All product with Best By date of 2/6/20 and prior,
Terminated,Cedar Rapids,IA,United States,Class III,Food,72083,Iowa Select Herbs LLC,2347 Blairs Ferry Rd NE,Suite 2,52402-1998,FDA Mandated,Press Release,"The recalled product was distributed to retail stores in CA, FL, GA, IA, MI, MO, MT, NY, and SC and consumers nationwide and internationally in Denmark, Canada, UK, Australia, and Serbia.",F-1154-2016,"Iowa Select Herbs LLC, Burdock Root, www.iowaselectherbs.com, 4 fl. Oz.., Cedar Rapids, IA 52402",24 bottles,"Pursuant to a consent decree for injunctive relief the recalling firm was ordered to recall all products because they are misbranded, unapproved new drugs and adulterated dietary supplements.",20150911,20160502,20170227,20160511,"Lot - 20771, Expires - 04/2020",
Terminated,Barronett,WI,United States,Class II,Food,87244,Barron County Organics,796 29 3/4 Ave,N/A,54813-9470,Voluntary: Firm initiated,"Two or more of the following: Email, Fax, Letter, Press Release, Telephone, Visit",MN and WI,F-0302-2021,"20 Mile Rhubarb, Organic Frozen Custard, Contents:  One U.S. Pint and 86 oz. Scoopers.  UPC 50005-48811.  Made by Barron County Organics, LLC, 10-Mile Organic and Local General Store, 796 29 3/4 Ave. Barronett, WI  54813.","3,855 pints and 148.5 Scoopers (86 oz.) total",Ingredients were not pasteurized after blending as required by State of Wisconsin.,20210203,20210217,20210609,20210224,"Batch #   00063020-011, 00071620-011.",
Terminated,Detroit,MI,United States,Class II,Food,78597,Rocky'S Historic Eastern Market,2489 Russell St,,48207-2631,Voluntary: Firm initiated,Letter,Domestic: MI,F-0504-2018,"DARK CHOCOLATE CHERRY, 16 oz., 25 pound bulk case","447, 1 lb units","Rockys Historic Eastern Market initiated a voluntary recall of DARK CHOCOLATE CHERRY, and DARK CHOCOLATE CRANBERRY due to undeclared allergen milk following a supplier's recall.",20171108,20171218,20180709,20171227,"Distributed between 7/15/2016 to 10/30/2017, there are no lot codes or UPC codes",
Terminated,Portsmouth,NH,United States,Class II,Food,77489,High Liner Foods Inc.,1 Highliner Ave,N/A,03801-4146,Voluntary: Firm initiated,"Two or more of the following: Email, Fax, Letter, Press Release, Telephone, Visit",Nationwide,F-2662-2017,"Whole Foods 12/12oz Oven Ready Breaded Calamari Rings,  Item Number: B1322","693,408 cases (total for all products)",Product may contain undeclared milk.,20170609,20170815,20171214,20170823,Lot Number: 0027114130,
Terminated,Sunrise,FL,United States,Class II,Food,75110,"IQ Formulations, LLC",523 Sawgrass Corporate Pkwy,N/A,33325-6259,Voluntary: Firm initiated,E-Mail,Unknown,F-1347-2017,"E.S.P. Pre-Workout, Energy Stimulant Pre-workout, Powder, 300 g, blue raspberry flavor  (UPC 764779-410728.","Approximately 34,100 containers","Products contain Picamilon and/or methylpentane citrate (DMBA),  which are not recognized as a dietary ingredients",20160816,20170125,20240920,20170201,"Lots: 1600807 (Exp 01/11/2019), 1520115 (Exp 12/26/2019), 1603701 (Exp 02/06/2019), 1603702 (Exp 02/06/2019), 1603901 (Exp 02/08/2019), 1603903 (Exp 02/08/2019), 1600806 (Exp 01/11/2019), 1603902 (Exp 02/09/2019), 1604602 (Exp 02/15/2019), 1604601 (Exp 02/15/2019), 1604701 (Exp 02/16/2019), 1604604 (Exp 02/15/2019), 1604603 (Exp 02/15/2019), 1604702 (Exp 02/22/2019), 1604404 (Exp 02/13/2019), 1605601 (Exp 02/25/2019), 1605510 (Exp 02/24/2019), 1605602 (Exp 03/03/2019), 1605509 (Exp 02/24/2019), 1619601 (Exp 07/14/2019), 1619601 (Exp 07/14/2019), 1620401 (Exp 07/22/2019), 1620402 (Exp 07/22/2019), 1620403 (Exp 07/22/2019), 1600708 (Exp 07/08/2019), 1603602 (Exp 02/05/2019), 1603604 (Exp 02/25/2019), 1603603 (Exp 02/05/2019), 1604205 (Exp 02/11/2019), 1604204 (Exp 02/11/2019), 1604203 (Exp 02/11/2019), 1604301 (Exp 02/12/2019), 1604302 (Exp 02/12/2019), 1604303 (Exp 02/12/2019), 1605307 (Exp 02/22/2019), 1605106 (Exp 02/20/2019), 1605105 (Exp 02/20/2019), 1605506 (Exp 02/24/2019), 1605507 (Exp 02/24/2019), 1605508 (Exp 02/24/2019), 1622304 (Exp 08/10/2019), 1603904 (Exp 02/08/2019), 1603905 (Exp 02/08/2019), 1604003 (Exp 02/09/2019), 1604004 (Exp 02/09/2019), 1604005 (Exp 02/09/2019), 1604002 (Exp 02/09/2019), 1604006 (Exp 02/09/2019), 1604806 (Exp 02/17/2019), 1604709 (Exp 02/16/2019), 1604708 (Exp 02/16/2019), 1604903 (Exp 02/18/2019), 1604805 (Exp 02/17/2019), 1604807 (Exp 02/17/2019), 1604003 (Exp 02/09/2019), 1605610 (Exp 02/25/2019), 1604001 (Exp 02/09/2019), 1600707 (Exp 01/09/2019), 1603204 (Exp 02/03/2019), 1603601 (Exp 02/05/2019), 1603509 (Exp 02/04/2019), 1604103 (Exp 02/10/2019), 1604201 (Exp 02/11/2019), 1604101 (Exp 02/10/2019), 1604202 (Exp 02/11/2019), 1604102 (Exp 02/10/2019), 1604104 (Exp 02/10/2019), 1605003 (Exp 02/19/2019), 1605002 (Exp 02/19/2019).1605007 (Exp 02/19/2019), 1604905 (Exp 02/18/2019), 1604906 (Exp 02/18/2019), 1604904 (Exp 02/18/2019), 1605001 (Exp 08/05/2019), 1622303 (Exp 08/10/2019).",
Terminated,Bend,OR,United States,Class III,Food,95346,My Chai Inc,1110 Se Centennial St Ste 6,N/A,97702-1344,Voluntary: Firm initiated,Telephone,Nationwide,F-0119-2025,"Oregon Orchards Banana Smoothie Mix. Product is packaged in the same square 0.5gallon HDPE plastic bottles and the volume is 68 fl oz.  Ingredients: Sugar, banana puree, water, natural flavor, citric acid, xanthan gum, sodium benzoate (to help protect flavor-1/10 of 1%), vanilla extract. Made by: MyChai, Inc. 1110 SE Centennial St. # 6, Bend, OR 97702  Up until fall of 2023, expiration dates were 2 years from the date of production. In the fall of 2023 expiration dates were extended an additional year to 3 years from the production date.",2355 jugs,Acidified product is recalled due to lack production record.,20240821,20241104,20260203,20241113,Batch numbers and Expiration Dates:  RC080321-BANASM 8/3/23 RC060321-BANASM 6/3/23 RC111921-BANASM 11/19/23 AH042822-BANASM 4/27/24 RC062422-BANASM 6/23/24 RC091622-BANASM 9/15/24 RC071523-BANASM 7/14/25 RC112023-BANASM 11/19/26,
Terminated,Irwindale,CA,United States,Class I,Food,63062,Ready Pac Foods Inc,4401 Foxdale St,N/A,91706-2161,Voluntary: Firm initiated,Press Release,"Nationwide to following US States and Canada: Alaska, Alabama, Arkansas, Arizona, California, Colorado, Connecticut, Delaware,  District of Columbia, Washington D.C., Florida, Georgia, Hawaii, Iowa, Idaho, Illinois, Indiana, Kentucky,  Louisiana, Massachusetts, Maryland, Michigan, Minnesota, Missouri, Mississippi, Montana, Nebraska,  Nevada, New Hampshire, New Jersey, New Mexico, New York, North Carolina, North Dakota, Ohio,  Oklahoma, Oregon, Pennsylvania, Rhode Island, South Carolina, South Dakota, Tennessee, Texas, Utah,  Virginia, Vermont, Washington, Wisconsin, Wyoming, and Canada.",F-2387-2012,"Starbucks¿ Seasonal Harvest Fruit Blend, 6oz, UPC 6211171390, Use by dates 8/22/2012 through 9/7/2012 and 9/4/2012 & 9/5/2012.","19,060 cases","Firm is voluntarily recalling, out of an abundance of caution, packaged fruit products containing mangoes, distributed through August 30th 2012, since they contain Daniella Brand mandoes, which have been recalled by supplier Splendid Products, due to potential contamination with Salmonella Braenderup.",20120831,20120924,20121025,20121003,"UPC 6211171390, Use by dates 8/22/2012 through 9/7/2012 and 9/4/2012 & 9/5/2012.",
Terminated,Norman Park,GA,United States,Class I,Food,95877,"Terry and Joe Baker Farms, LLC dba Baker Farms",3667 Ellenton Norman Park Rd,,31771-5025,Voluntary: Firm initiated,"Two or more of the following: Email, Fax, Letter, Press Release, Telephone, Visit","Product was shipped to distribution centers in the following states: AL, AR, FL, GA, KY, LA, MS, TN & TX.",F-0302-2025,"Baker Farms CURLY MUSTARD 16 oz NET WT 16 oz UPC 8 13098 02018 4 Baker Farms 3667 Ellenton-Norman Park Road Norman Park, GA 31771",449cs/8/16oz bags,The firm was notified by the Texas Department of Agriculture that the product test positive for Listeria monocytogenes.,20241129,20241218,20260109,20241225,Lot code: bak144-6806 BEST BY 11-21-2024,
Terminated,Vernon,CA,United States,Class I,Food,73868,Simply Fresh Fruit,4383 Exchange Ave,N/A,90058-2619,Voluntary: Firm initiated,Letter,"Nationwide in US: AL, AZ, CA , CO, FL, GA, LA, MI, ND, OH, SC, TN, UT, VA",F-0890-2017,2/1 GL JAR SYSCO IMP. SPRING MIX,30 cases,Simply Fresh Fruit is recalling cantaloupe and fruit mixes with cantaloupe because they may be contaminated with Listeria monocytogenes.,20160414,20161222,20161227,20161228,5/4/2016,
Terminated,Brooklyn,NY,United States,Class II,Food,75808,Midwest International Corp,47 Bridgewater St # 57,N/A,11222-3820,Voluntary: Firm initiated,Letter,"IL, MA, TX thru 5 retail stores",F-1163-2017,"LONGAN ARIL, Net Wt: 7.4oz (210g), contains yellow and orange labeling",7 cartons/30 units,"The item is subject to Import Alert 21-04 in that it appears to bear or contain cyclamate and dulcin which are unsafe food additives, the item does not declare saccharin on it's labeling and the the product appears to contain or bear the following unsafe color additive such as FD&C Yellow #5 (C.I. No. 19140 - tartrazine) FD&C Red #3 (C.I. No. 45430 - Erythrosine), and Carmoisine (C.I. No. 14720 - former ext. D&C Red #10).",20161123,20170103,20180620,20170111,MFD 06/16/2016  EXP 06/15/2018,
Terminated,Chicago,IL,United States,Class II,Food,75129,"Gold Standard Baking, Inc.",3700 S Kedzie Ave,N/A,60632-2768,Voluntary: Firm initiated,"Two or more of the following: Email, Fax, Letter, Press Release, Telephone, Visit",Nationwide,F-0061-2017,"Archer Farms Strawberry Danish | NET WT 14 OZ  (397g) | Distributed by Target Corporation Minneapolis, MN 55403 | UPC 085239101094","1,619 cases",Presence of small metal shavings.,20160908,20161007,20190805,20161019,"Lot: 6196; Best By: July 13, 2017",
Terminated,Boardman,OR,United States,Class I,Food,75805,"Calbee North America, LLC",72600 Lewis & Clark Dr,N/A,97818,Voluntary: Firm initiated,"Two or more of the following: Email, Fax, Letter, Press Release, Telephone, Visit",Nationwide,F-0609-2017,"HARVEST SNAPS, SNAPEA CRISPS, BLACK PEPPER FLAVORED GREEN PEA CRISPS, NET WT 3.3 OZ (93g)",3588 units,One lot of black pepper flavored green pea crisps may contain wasabi ranch flavored green pea crisps which contain milk which is not declared on the black pepper flavored product.,20161116,20161207,20170125,20161214,"MAR3117 0141S, Exp 2017-03-31",
Terminated,Salinas,CA,United States,Class I,Food,61901,River Ranch Fresh Foods  LLC,1085 Abbott St,,93901-4501,Voluntary: Firm initiated,Press Release,Products were released for distribution in US and Canada.,F-1626-2012,"Sysco brand Garden with Romaine, 4 x 5 lb bag, UPC: n/a; Product is a salad item; bagged in clear polyethylene film (foodservice) and polypropylene/polyethylene (retail). Refrigerate and consume within Best By date. Product is processed and packaged by River Ranch Fresh Foods, LLC",,"River Ranch was notified that two separate samples of products pulled by the FDA which were produced by River Ranch, tested positive for Listeria monocytogenes.",20120518,20120808,20120919,20120815,Best By code dates between 12MAY2012 - 29MAY2012; 12MAY2012 - 22MAY2012. The code date is located in the upper right hand corner of the bags.,
Terminated,Frederick,MD,United States,Class I,Food,76586,"Dairy Maid Dairy, LLC",259 E 7th St,N/A,21701-5227,Voluntary: Firm initiated,Telephone,"Geographic areas of distribution: Maryland and Connecticut    The firm sold product to 14 of direct account customers. All direct account customers were distributors, schools, prisons, and similar institutions.",F-1567-2017,"Grove Fresh Pasteurized Apple Juice from concentrate, 4-ounce cartons, 100 % Pure.",N/A,The firm received several customer complaints regarding foreign material in the product.  The firm tested seven of the returned product units and found that they were positive for undeclared milk.  The product has been recalled due to undeclared milk.,20170216,20170303,20170602,20170315,Mar 08 PLT-24008,
Terminated,Conley,GA,United States,Class I,Food,93502,Renaissance Food Group,4322 Moreland Ave Bldg B,N/A,30288-2142,Voluntary: Firm initiated,E-Mail,"Product was shipped to the following states: AL, GA, FL, NC, SC",F-0636-2024,"Sprouts Tropical Fruit Blend NET WT 10 OZ (283g) UPC 8 26766 89490 1 Manutfactured Exclusively for Sprouts Farmers Market Phoenix, Arizona 90504",95cs/6/10 oz pkgs = 570 units,Salmonella,20231124,20231219,20240611,20231227,"SELL BY 11/1/2023, GHGA 297, SELL BY 11/8/2023, GHGA 304",
Terminated,Emeryville,CA,United States,Class I,Food,82050,Whole Foods Market,5980 Horton St Ste 200,N/A,94608-2057,Voluntary: Firm initiated,Other,Santa Rosa CA only,F-1139-2019,"Whole Foods Hipster Chipster Cookies;  9 oz. container with 6 cookies;  UPC 0247449 006990  Sold at Whole Foods, Yulupa Ave., Santa Rosa, CA",8 containers sold,Report of anaphylactic reaction reported following the consumption of mislabeled cookies - undeclared walnuts.,20190201,20190301,20190315,20190313,Sell by dates through 2-4-2019 on press as a precaution.  Last product produced had best by date of 1-29-18.,
Terminated,West Palm Beach,FL,United States,Class I,Food,73211,Garden Of Life Llc,4200 Northcorp Pkwy Ste 200,N/A,33410-4314,Voluntary: Firm initiated,Press Release,"Distributed nationwide throughout the U.S.A.      Also distributed internationally to the following countries: AU, BG, CA, CZ, DE, GB, HK, IE, IN, SE, SG, NL.",F-1330-2016,"Raw Meal Organic Vanilla Spiced Chai Powder; Organic Shake and Meal Replacement; 909 g, 455 g, and 10-ct tray (65 g each).  Packaged in plastic bottle with colored label.","Total (including all flavors) of 422,923 bottles/units",Products possibly contaminated with Salmonella,20160129,20160511,20240926,20160518,"Lot code (Exp Date): 47215500 (09/01/2017), 47215501 (09/01/2017), 47226300 (10/31/2017), 47247600 (10/31/2017), 47206000 (09/30/2017), 47215600 (08/31/2017), 47247601 (11/30/2017), 47202000 (08/01/2017), 47215400 (08/01/2017), 47183200 (08/01/2017), 47183201 (09/30/2017).",
Terminated,Westfield,MA,United States,Class II,Food,83178,"C & S Wholesale Grocers, Inc.",53 Summit Lock Road,53 Medieros Way,01085-9777,Voluntary: Firm initiated,Telephone,"Two Target Stores 1. 98 Veterans Memorial Highway in Commack, New York 2. 160 North Research Place in Central Islip, New York",F-1885-2019,SIMPLY LIGHT LEMONADE JUICE DRINK - 52 FL OZ  UPC: 2500010061,unknown,Products were not held at an appropriate temperature due to a mechanical malfunction during transportation.,20190617,20190724,20190731,20190731,"Exact codes are unknown. The product being recalled was sold on June 17, 2019 at Target Stores in Commack, NY and Central Islip, NY.",
Ongoing,Thomasville,GA,United States,Class I,Food,89239,Flowers Foods (Corporate Offices),1919 Flowers Cir,N/A,31757-1137,Voluntary: Firm initiated,Press Release,"Product was shipped to the following states: AZ, CA, CO, NM, NV, and WY.",F-0363-2022,"Nature's Own Honey Wheat Bread, NET WT 20 oz (1LB 4 OZ) 567g, DISTRIBUTED BY FLOWERS BAKERIES, LLC THOMASVILLE, GA 31757 Single loaf UPC 0 72250 03706 8 & Double pack UPC 0 72250 00539 5","8,520/20oz loaves",Undeclared milk,20211217,20220105,,20220112,BEST IF USED BY 12-26-21 Product Codes 128 346 03:00 through 128 346 05:00,
Terminated,Inver Grove Heights,MN,United States,Class II,Food,90694,"Russ Davis Wholesale, LLC",6085 Claude Way,N/A,55076-4432,Voluntary: Firm initiated,"Two or more of the following: Email, Fax, Letter, Press Release, Telephone, Visit","IA, MI, MN, ND, SD, WI",F-1784-2022,"Dragon Fruit Mix.   Contains:  Mango, Dragon Fruit, Pineapple, Clementines, Blueberries.   Keep Refrigerated.   Item 89348.  Net Wt. 16 oz.  Kowalski's Markets.","87,915 units total",Various vegetable and fruit products are recalled due to inadequate sanitizer in wash water.,20220729,20220922,20220923,20220928,"Lot Code:   X5942772, X5948023, X5953275, X5959340, X5964729, X5969951, X5976102, X5981660, X5986905, X5993058, X5998376.         Use by Dates:   7/9-8/1/2022",
Terminated,Auburn,WA,United States,Class I,Food,97886,"Seoul Trading, Inc.",1610 Boundary Blvd,,98001-6578,Voluntary: Firm initiated,Other,Distributed in OR and WA,H-0191-2026,"Item IL1014A, PIGGY Lotte Crispy Crunch Ice Cream Cone, Strawberry flavor, Keep Frozen, (4/5/160ML), UPC 8801118255045. Product of Korea.  The label of recalled product declared: Ingredients: Cone snack, Strawberry syrup, Biscuit, Chocolate spray, Topping Chocolate, Ice cream mix (Sugar, Mixed milk powder, Processed Butter, Processed oligosaccharide, Mixed formulation, Natural vanilla flavor, synthetic vanilla flavor, water) CONTAIN: Milk.",78 cases distributed,Undeclared peanut.,20250110,20251113,20251125,20251119,Expiration Date: 2/13/2026 Batch 240531-IL1014A-001,
Terminated,Aurora,IL,United States,Class II,Food,66734,"Simply D'Lish, LLC",291 Aspen Lane,N/A,60504,Voluntary: Firm initiated,Telephone,"US: IL, WI",F-0700-2014,"Sea Salt Chocolate Chip Cookie, 3-oz (85g), individually wrapped in plastic and labeled in part: Manufactured for Simply D'lish, LLC.; Aurora, IL 60504; www.simplydlish.biz","23 cases (2,640 cookies)","On the back label of the individual cookie, the milk allergen was not declared in the allergen statement, however, butter was listed as an ingredient.",20131029,20131203,20160411,20131211,Lot Code: 13220,
Terminated,Willoughby Hills,OH,United States,Class I,Food,90017,Produce Packaging Inc,27853 Chardon Rd,,44092-2703,Voluntary: Firm initiated,E-Mail,Products were distributed to IL and OH.,F-1015-2022,Produce Packaging Inc. brand Spicy Southwest Grain Bowl in a 11.75oz plastic bowl with a plastic lid. One bowl per case.,21 cases,Undeclared wheat on product label.,20220414,20220427,20220504,20220504,Lots: X0736829 and X0740519    Product Number: PP#51648    Best Buy Dates: 04/12/22-04/20/22,
Terminated,S El Monte,CA,United States,Class I,Food,70124,California Snack Foods Inc,2131 Tyler Ave,N/A,91733-2754,Voluntary: Firm initiated,Press Release,"5 grocery chains in AZ, CA, NV, TX and UT and walk up customers at CA Snack Food store on premises.",F-1893-2015,"Karm'l Dapple;  Net Wt. 4 oz. (124g)  Red/Crunch  Sold in Single size and 3 pack and Halloween.  Ingredients: Fresh Selected Apples, Sugar, Water, Corn Syrup, Nonfat Dry Milk Solids, Cottonseed shortening and/or soybean oil,Peanuts and/or corn and soy cereal parts, flour, salt, lecithin, soda, Artifical Flavors and colors (FD&C Yellow #6, Yellow # 5, Blue# 1 and Red #40  Allergy Information: This product is manufactured on equipment that also processes peanuts and tree nuts (almonds, Walnuts, Pecans, Cashews and macadamia nuts).  UPC 0 79002 22434 9   A product of California Snack Foods, Inc.  So. El. Monte, CA 91733",All,Firm was notified by supplier of apples that Caramel apples may be associated with a current Listeria Monocytogenes outbreak.,20141227,20150406,20150407,20150415,"Best Buy dates of August 15, 2014 and November 28, 2014",
Terminated,Seattle,WA,United States,Class I,Food,70158,Full Tilt Ice Cream,9411 8th Ave S,N/A,98108-4903,Voluntary: Firm initiated,"Two or more of the following: Email, Fax, Letter, Press Release, Telephone, Visit",Distributed nationwide.,F-1054-2015,"Port Townsend Lavender ice cream, labeled in part, ""***Full Tilt ice cream Port Townsend Lavender***Ingredients: Cream, milk, skim milk, sugar, infusion of lavender buds, guar gum, carob bean gum, soy lecithin, carrageenan***Seattle WA 98106 www.fulltilticecream.com***"".      Ice cream is packaged in 16 oz paper containers, and 1.5 gallon and 3 gallon plastic tubs.  UPC code: 713757814621 for 16 oz container only","94 case, 6 per case","Full Tilt Brand ice cream is being recalled due to the potential to be contaminated with Listeria monocytogenes. These products contain ice cream mix, an ingredient manufactured and recalled by Snoqualmie Gourmet Ice Cream, Inc.",20141222,20150210,20150223,20150218,All products are coded with 7 digit code ending in 14x (ie: 0219142) produced before 12/19/2014.,
Terminated,City Of Commerce,CA,United States,Class I,Food,64058,Unified Grocers Inc.,5200 Sheila Street,,90040,Voluntary: Firm initiated,Letter,"WA, OR",F-0949-2013,"Kinnikinnick Foods Pie Crusts, 10.2 oz, Item  code: 21-35265, UPC 6-20133-00600.",5 cases (30 units),Unified Grocers is recalling Kinnikinnick Pie Crust because it contains undeclared egg allergen.,20121231,20130128,20130301,20130206,Lot code: BB2013DE12,
Terminated,Elmwood Park,NJ,United States,Class I,Food,74182,Dr. Praeger'S Sensible Foods,9 Boumar Pl,,07407-2615,Voluntary: Firm initiated,Letter,US Nationwide and Foreign,F-1643-2016,"Dr. Praeger's Tex Mex Veggie Burgers, 6 x 10 oz. (283g)/box, Best if used by: Jan -4-2018, UPC (01) 6 0080868 00048 , Dr. Praeger's Sensible Foods, Elmwood Park, NJ 07407","1,284 cases",Dr. Praeger's Sensible Food/Ungar's Food Products is voluntarily recalling various not-ready-to eat frozen products because they may be contaminated with Listeria monocytogenes.,20160513,20160708,20171004,20160720,Lot #N16AE-11R    VBTM06  Case code: H16AI-03A Retail unit code: H16AI  Best by: 3/08/2018,
Terminated,Kent,WA,United States,Class III,Food,78290,"San Gennaro Foods, Inc",19255 80th Ave S,N/A,98032-1135,Voluntary: Firm initiated,"Two or more of the following: Email, Fax, Letter, Press Release, Telephone, Visit","CA, CO, FL, GA, IL, IN, MD, ME, MI, NJ, NY, OR, PA, SC, TX, VA, WA, WI and Canada.",F-0127-2018,"Traditional Polenta, San Gennaro brand, Pre-cooked Ready to Heat & Serve, 12/18 oz packages, UPC# 7-62676-15000-6     Traditional Polenta, San Gennaro brand, Pre-cooked Ready to Heat & Serve, 6/18oz packages, UPC# 7-62676-15000-6    Traditional Polenta, San Gennaro brand, Pre-cooked Ready to Heat & Serve, 12/24 oz packages, UPC# 7-62676-12400-7    Traditional Polenta, San Gennaro Canadian brand, Pre-cooked Ready to Heat & Serve, 12/24 oz packages, UPC# 7-62676-12400-7    Traditional polenta, Sun of Italy brand, Pre-cooked Ready to Heat & Serve, 12/24oz packages, UPC# 0-33698-81697-4    Traditional Polenta, Scarpone's brand, Pre-cooked Ready to Heat & Serve, 12/1 KG packages,  UPC# 7-77465-00236-7    Traditional Polenta, Italy brand, Pre-cooked Ready to Heat & Serve, 12/24oz packages, UPC#0-71742-99951-8    Ingredients: Water, Yellow Corn Meal,  Salt, Tartaric Acid, Ascorbic Acid, Beta Carotene",12/18oz and 6/18oz=8772 cases; 12/24oz=4869; 12/24oz Canadian=313; Sun of Italy=592; Scarpone's=1119; Italy=145,"Date coding ink was being printed directly on the food contact surface of packaging, allowing the ink to be in direct contact with the product.  The ink is not approved for food use.",20171013,20171108,20180518,20171115,"12/18oz codes: 010318, 010818, 012318, 012918, 021418, 022118, 030118, 030618, 031318, 040218, 040518, 040918, 041018, 041818, 042518, 051518, 052418, 061918.    6/18oz codes: 040218, 040918, 052418, 061918.     12/24oz codes: 012518, 020718,  021418, 030718, 031918, 032018, 041018, 042418, 050818, 050918, 061418.    12/24oz Canadian codes: 18JA25, 18FE14, 18MR19, 18MA09, 2018MA17.    Sun of Italy codes: 020718, 041018.    Scarpone's codes: 17117, 218AU17.     Italy code: 081418.",
Terminated,Calbuco,N/A,Chile,Class I,Food,82318,Procesadora Aguas Claras LTDA.,Camino Caicaen S/N,N/A,N/A,Voluntary: Firm initiated,Telephone,"AL, AZ, CA, FL, GA, WA WY",F-1211-2019,"Premium Sustainable Atlantic Salmon (Farm Raised);  22 lb. case - Master carton - corrugated cardboard box. Internal Packaging: IQF vacuum packed with tray.  Origin: Chili  Packed for Osamu Corporation, Carson, CA  For   institutional use only",157 cases,Direct customer tested Premium Sustainable Atlantic Salmon (Farm Raised) from Chile and had a positive result for Listeria monocytogenes.,20190304,20190329,20190712,20190410,"581213, Expiration 11-06-2020",
Terminated,Maple Ridge,N/A,Canada,Class I,Food,79970,Greenbelt Greenhouse Ltd,12766 203 St,N/A,N/A,Voluntary: Firm initiated,"Two or more of the following: Email, Fax, Letter, Press Release, Telephone, Visit",distributed in OR and WA in the U.S.,F-1468-2018,"Fresh Microgreen Mix, Greenbelt Microgreens brand, net wt. 75 gram. Product is packaged in a clear plastic clam shell container.  UPC 8 90082 00041 4",486 packages,Fresh Microgreen Mix product is recalled due to a potential to be contaminated with Listeria monocytogenes.,20180424,20180515,20180531,20180516,Best Before:  4/24/18  4/30/18,
Terminated,Troy,MI,United States,Class II,Food,68420,"Good Herbs, Inc.",550 Oliver Dr,N/A,48084-5468,Voluntary: Firm initiated,Letter,"National: AZ, CA, CT, FL, IN, ME, MI, MO, MS, NC, NH, NY, OH, OR, RI, TX, VA & WY  International: None reported",F-0171-2015,"Good Herbs, Inc., CT, 1 & 4 oz bottle, 550 Oliver Dr Troy, MI 48084 The Quality Herb That Works",Approximately 1099 total units for all products,Products not manufactured under GMP's,20140325,20141030,20160203,20141105,"All lots distributed on or after October 17, 2013.",
Terminated,San Antonio,TX,United States,Class II,Food,80210,H-E-B GROCERY COMPANY LP DBA HEB,646 S Flores St,N/A,78204,Voluntary: Firm initiated,"Two or more of the following: Email, Fax, Letter, Press Release, Telephone, Visit",Texas and Mexico,F-1562-2018,HEB Creamy Creations Orange & Cream Swirl Sherbet quart,"58,758 units",May contain broken metal pieces,20180530,20180613,20180904,20180620,UPC 4122083897; Best if used by: 12/10/2018 through 12/11/2018,
Terminated,Alsip,IL,United States,Class II,Food,95763,GRIFFITH FOODS LTD,11859 S Central Ave,,60803-3424,Voluntary: Firm initiated,Letter,"IL, NY, NC, WI, TX, TN, GA",F-0304-2025,"Item 42081001, 104023600 SPICY BREADING EXPORT, 50 lb. bag","25,903.154 lbs. (total)",potential for pieces of metal in product,20241101,20241219,20250307,20241225,LOT 575830,
Terminated,New Taipei City,N/A,Taiwan,Class II,Food,76812,"Kwei Chow Sauce Industry Co., Ltd.",Sanhaia Dist.,Lane 99; NO. 26 Heng Shi Road,N/A,Voluntary: Firm initiated,"Two or more of the following: Email, Fax, Letter, Press Release, Telephone, Visit",Product was distributed to at least three distributors in the US.,F-1837-2017,"Kwei Chow brand Mustard Strip with chili in oil, net weight 7.05 Oz, sauce in glass jars, shelf stable",8488 jars,Products contain undeclared wheat.,20170320,20170331,20170522,20170412,"Manufacturing Date  2017.01.04., 2016.10.07., 2016.01.13., 2015.11.30., 2015.09.23., 2015.08.25., 2015.04.29., 2015.03.10., 2015.01.28.      Ship dates 2017.01.12., 2017.01.12., 2016.01.21., 2015.11.26., 2015.09.10., 2015.09.10., 2015.03.26., 2015.03.26., 2015.02.12.    Expiry dates2019.01.03., 2018.10.06., 2018.01.12., 2017.11.29, 2017.09.22., 2017.08.24., 2017.04.28., 2017.03.09, 2017.01.27.    Codes W20190103, W20181006, W20180112, W20171129, W20170922, W20170824, W20170428, W20170309, W20170127",
Terminated,San Fernando,CA,United States,Class I,Food,74450,"Green Cuisine, Inc.",2021 1st St,,91340-2611,Voluntary: Firm initiated,Telephone,"US: CA, NV, and AZ",F-0692-2017,"Pesto Pasta Salad with Arugula, Net Wt. 16oz, UPC 857898004333",202 units,Green Cuisine is recalling Pesto Pasta Salad with Arugula because it may be contaminated with Listeria monocytogenes.,20160616,20161209,20161212,20161221,Lot code: 06/20,
Terminated,Monterey Park,CA,United States,Class I,Food,77596,YouBar,597 Monterey Pass Rd,N/A,91754-2416,Voluntary: Firm initiated,Telephone,Direct customers,F-2617-2017,"Nutrifuel - Paleo Nutrition Bar    Gluten Free, All Natural, 15 g protein    1.90oz. (54 g)    YouBar Inc. Monterey Park, CA.","5,184",Firm was notified by supplier that cashew butter used in protein bars is under recall due to the potential of Listeria monocytogenes.,20170614,20170719,20171205,20170726,1287-02    Expiration date: 11/4/2017,
Terminated,Oxnard,CA,United States,Class I,Food,55924,"Gills Onions, LLC",1051 Pacific Ave,,93030-7254,Voluntary: Firm initiated,Letter,Nationwide in the US and to Canada,F-1848-2012,"Diced Red Onions, 7oz, UPC 643550000412;  Diced Red Onions, Oignons rouge frais, en des, 198 grams, UPC 643550000450.  Diced Red Onions, 5lbs., ""Gills Onions"" Label, no UPC;  Diced Red Onions, 5lbs, ""Crossvalley"" label, no UPC.  Diced Red Onions, 5lbs, ""Markon"" label, no UPC.  Diced Red Oninos, 5lbs, ""Cisco"" label, no UPC.","787,457 lbs total",Gills Onions is recalling diced and slivered red and yellow onions and diced celery and onion mix because they may be contaminated by Listeria monocytogenes.,20120717,20120806,20121025,20120815,"USA Lot code: 22RAA1A2184 for 7oz., and   Canada Lot code: 22RAA1A2184 for 198g.    Recall expanded to include following lots:    USA lot code:  All lots on or before August 3, 2012.    Canada Lot code:  all lot codes on or before August 3, 2012.",
Terminated,San Fernando,CA,United States,Class I,Food,72213,Karoun Dairies,13023 Arroyo St,N/A,91340-1540,Voluntary: Firm initiated,"Two or more of the following: Email, Fax, Letter, Press Release, Telephone, Visit",U.S. distribution nationwide.  Foreign distribution to the following; Canada and Malaysia,F-0080-2016,"Nabulsi Cheese  16 oz, 25 lb    UPC Codes:  7 96252 03225 7, 7 96252 00225 0, 7 96252 00223 6,  7 96252 00125 3    Product is vacuumed packed or packaged in pails.",1.6 million lbs. (total all cheese),Karoun Dairies is recalling all cheese manufactured from an identified manufacturer due to potential Listeria monocytogenes contamination.,20150916,20151021,20160412,20151028,Use by Dates up to:  12/29/2015,
Terminated,Nebraska City,NE,United States,Class II,Food,89371,"WayFare Health Foods, LLC.",1320 S 19th St,N/A,68410-2666,Voluntary: Firm initiated,Letter,"Distributed to food distributors in CA, FL, MD, MI, MT, NE, NY, PA, TX, and WA and directly to consumers from the firm's online store.",F-0630-2022,"Wayfare Dairy Free Butter Salted & Whipped,",610 cases,Product showed suspected mold growth prior to expiration date.,20220106,20220202,20220217,20220209,Best By: 03/23/2022,
Terminated,Beaverton,OR,United States,Class I,Food,66563,"Reser's Fine Foods, Inc.",15570 SW Jenkins Road,N/A,97006,Voluntary: Firm initiated,"Two or more of the following: Email, Fax, Letter, Press Release, Telephone, Visit","Distribution was made to AL, AR, AZ, CA, CO, CT, DE, FL, GA, HI, IA, IL, IN, KS, KY, LA, MA, MD, ME, MI, MO, MS, NC, NE, NH, NJ, NM, NV, NY, OH, OK, OR, PA, SC, SD, TN, TX, VA, WI, WV AND WY.   Distribution was also made to Canada.",F-1180-2014,"Reser's Honey Chicken Salad Kit, Formula DR.105B32, packaged in 6/40-oz carton cases. Distributed by Reser's Fine Foods, Beaverton, OR.  UPC 7111711428",N/A,The recalled products are potentially contaminated with Listeria monocytogenes.,20131022,20131224,20170124,20140101,Use by dates 10/22/13 - 12/07/13.,
Terminated,Long Beach,CA,United States,Class I,Food,88119,Designed by Nature LLC,6737 E Coralite St,N/A,90808-4121,Voluntary: Firm initiated,Press Release,US distribution only from firms website,F-0763-2021,"Designed by Nature Cow's Milk Formula:  12 oz. plastic pouch.    Easy to Digest, Nutritionally Alive, Developed for All Life Stages.  For the Little Ones in Your Life.    UPC: 0 19962 28421 2",Cows Milk Formula 171.47 kg,"Products are deficient in multiple nutrients required for infant formula, and the firms contract manufacturer does not test for Cronobacter, a pathogen that can be particularly dangerous to infants and is sometimes found in powdered infant formulas.",20210614,20210706,20210716,20210630,"DN-10001-KG LOT#1200-009;  Expiration dates between May 01, 2021 thru June 11, 2022.",
