recall_number,product_description,reason_for_recall,recalling_firm,classification,status,voluntary_mandated,distribution_pattern,code_info,product_type,city,state,country,recall_initiation_date,center_classification_date,report_date,event_id
F-0276-2017,"CytoDetox, Hydrolyzed Clinoptilolite Fragments, 1 oz./30 mL, OTC Non-Sterile.  Dietary supplement.",Recall initiated as a precautionary measure due to potential risk of product contamination with Burkholderia cepacia.,Pharmatech LLC,Class II,Terminated,Voluntary: Firm initiated,"FL, MI, MS, and OH.","UPC No. 632687615989; Lot No. 30661601, Exp. Date 05/2018.",Food,Davie,FL,United States,20160808,20161025,20161102,75272
F-0865-2017,"Koi Palace Mini Moon Cake: Single Box - Mini Oolong Tea Paste  Unit Size 1/2 lb. and 1/4 lb. in circular box (1 piece) and rectangular boxes (4, 6 or 8 pieces).","Mooncake products, manufactured and distributed by Magic Gourmet Trading, Inc. of Milbrae, CA did not have adequate product labeling, including ingredient statements and allergen declaration. Undeclared ingredients include wheat, peanut oil.",Magic Gourmet Trading Inc,Class II,Terminated,Voluntary: Firm initiated,"CA, WA, OR.","FG-M1MOT-UW  Best by Nov 1, 2016.",Food,Millbrae,CA,United States,20160831,20170106,20170118,75069
F-0609-2015,Crema GuateLinda (Guatemalan Style Cream) in individually soft poly/plastic bags labeled in part: Lacteos Santa Martha Crema GuateLinda Guatemalan Style Cream Net WT 1 LB (16 oz),"Virginia State (VDACS) found Listeria monocytogenes in Lacteos Santa Martha Quesito Casero Fresh Curd (Best by 9/27/14), FDA made an inspection, were the environmental samples collected came up positive also for Listeria monocytogenes, also the Oasis Brands Inc. sent finish products samples to a private lab, the Lacteos Santa Martha Cuajada en Hoja Queso Casero Hecho a Mano Fresh Curd (Best By dates of 10/18/14 and 11/25/14) came also positive for Listeria monocytogenes.  Oasis Brands Inc.  is voluntarily recalling ALL their Lacteos Santa Martha brand products manufactured that are within expiration date.","Oasis Brands, Inc",Class I,Terminated,Voluntary: Firm initiated,"FL, GA. NC, and TN",UPC 635349 000390  Best By dates: 07/01/14 thru 12/31/14,Food,Miami,FL,United States,20141010,20141202,20141210,69516
F-1922-2012,"Yellow Onion.  Product is labeled in part:  ""***FC Salsa Mango""***Refrigerate at 34 F***""      Item #   302940 FC SALSA MANGO 2/5#.        Product is fresh made - Ready To Eat.","FreshPoint South Florida is recalling sliced fresh yellow onions and salsa products processed using yellow onions sourced from Gills Onions, LLC which were recalled for Listeria monocytogenes.",FreshPoint South Florida,Class I,Terminated,Voluntary: Firm initiated,Products were distributed in South Florida.,Item #   302940.,Food,Pompano Beach,FL,United States,20120727,20120808,20120815,62750
F-0904-2020,"Pure Planet Organic Parasite Cleanse;  Net Wt. 174g Glass Jar;  Finished Product Item # 52700    Manufactured and Distributed by:  Pure Planet,  Rancho Dominguez, CA",Firm was notified by supplier that Organic Ground Flaxseed powder was under recall by manufacturer due to unapproved herbicide - Haloxyfop,"Organic By Nature, Inc.",Class III,Terminated,Voluntary: Firm initiated,"nationwide, Canada and Netherlands",Lot codes: 72746,Food,Rancho Dominguez,CA,United States,20200224,20200413,20200401,85253
F-1578-2018,"Coffee Toffee - 4 oz. packages. UPC 6 55974 89001 2.    The label is read in parts: ""***Ingredients: butter (milk), sugar, bittersweet chocolate 60% (cocoa liquor, emulsifier, soya lecithin, vanilla), coffee, pecans *** Contains: milk & soya ***"".",Coffee Toffee is recalled because pecan is listed on the Ingredients statement but it is not listed in the Contains statement.,Yukon Jackson,Class III,Terminated,Voluntary: Firm initiated,distributed in WA,no codes,Food,Seattle,WA,United States,20180525,20180614,20180620,80233
F-0921-2020,"XinXing Dried Plum, Net Wt. 5.3 oz.(150g)","Product contains dried peaches, but front labeling of product stated dried plums",Rong Shing Trading NY Inc,Class III,Terminated,Voluntary: Firm initiated,Unknown,UPC CODE: 6868978724496  BEST BEFORE: 11/15/2021,Food,Brooklyn,NY,United States,20200401,20200424,20200506,85364
F-2326-2017,"Honey Bourbon Pecans Net Wt. 20 lb. (9.088g) Mfg. By: Trophy Nut Co. Tipp City, OH 45371",The firm stated that the product contains undeclared allergens.,Trophy Nut Co Inc,Class II,Terminated,Voluntary: Firm initiated,Product was sent to one manufacturer in MI,"Product #29973B  Code Dates: 10/20/2016, 11/8/2016, 11/9/2016 & 01/12/2017.",Food,Tipp City,OH,United States,20170505,20170605,20170614,77213
F-0777-2015,"Gourmet Mix Fruit Delight Net Wt. 64 oz. (1814g) Best If Enjoyed By: 12/03/14, Dist. By: Wegmans Food Markets, Inc., Rochester, NY 14603 UPC 077890241516",Possible contamination with Listeria monocytogenes.,"Del Monte Fresh Produce NA, Inc",Class I,Terminated,Voluntary: Firm initiated,"NJ, NY, OH, PA, RI, VA",Lot 02332101,Food,Jessup,MD,United States,20141209,20150109,20150121,69983
F-0757-2022,Marketside 12oz Classic Salad  UPC:6-81131-32894-4  SKU: 3107,Harvest equipment used in harvesting raw iceberg lettuce was tested by  Dole and found to contain Listeria monocytogenes.,Dole Fresh Vegetables Inc,Class I,Terminated,Voluntary: Firm initiated,"Canada: AB, BC, NB, ON, QC, Sk; United States: AL, AZ, CA, CO, CT, FL, GA, HI, IA, ID, IL, IN, KS, KY, LA, MA, MD, MI, MN, MO, MS, NC, ND, NE, NV, NY, OH, OK, OR, PA, SC, TN, TX, UT, VA, WA, WI","Product codes beginning with B - Best by Dates of December 23, 2021 through January 8, 2022.",Food,Monterey,CA,United States,20220106,20220222,20220302,89381
F-1415-2015,"TranSmart Raspberry Filled frozen unbaked cookie dough, 108/1.75 oz. units, CSM Bakery Products, 3301 Montreal Industrial Way Tucker, GA 30084..",Undeclared Allergen; Peanuts.,CSM Bakery Products NA-Atlanta Frozen,Class I,Terminated,Voluntary: Firm initiated,"AL, GA, FL, IL, IN, MA, MD, MI, NJ, NY, NV, OH, PA and VA.","CSM Item Code: 31566200, Lot code: 5AF 1411901030",Food,Tucker,GA,United States,20140626,20150312,20150318,68761
F-1328-2018,Market Pantry Vanilla Ice Cream 128oz    UPC: 85239014943    Target item number: 288-7-307,Shipping container from CA to HI was not held at proper temperature which could cause food items to be contaminated with spoilage organisms or pathogens,Target Corporation,Class II,Terminated,Voluntary: Firm initiated,HI,"All product purchased at  Target store T2780, Honolulu, HI from March 23 through March 27, 2018.",Food,Minneapolis,MN,United States,20180327,20180503,20180509,79663
F-0616-2018,"Golden delicious whole fresh apples,   Apple Ridge 5lb, 2-3/4  apples, packaged in red net mesh bags  ""	3lb, 2-1/2  apples, packaged in poly bags  ""	2lb, 2-1/2  apples, packaged in poly bags  ""	45ct individual apples on trays with re-useable plastic container boxes  ""	50ct, individual apples on trays with re-useable plastic container boxes  ""	55ct, individual apples on trays with re-useable plastic container boxes  ""	60ct  individual apples on trays with re-useable plastic container boxes  ""	78ct individual apples on trays with re-useable plastic container boxes  ""	50ct, individual apples on trays in cardboard tray  boxes  ""	55ct, individual apples on trays in cardboard tray  boxes",Nyblad Orchards Inc. initiated a voluntary recall of multiple varieties of whole fresh apples due to potential contamination with Listeria monocytogenes.,Nyblad Orchards,Class I,Terminated,Voluntary: Firm initiated,Domestic: Michigan    Foreign/VA/DOD: None,"NOI LOT #163, #164, #165, #166, #167, #168, #169, #159, #160, #173, #174.  These are on all plastic bag enclosures, mesh labels, and case labels for every pack.",Food,Kent City,MI,United States,20171214,20180124,20180117,78793
F-1472-2022,"Honey Caramels Blue Raspberry. Product available in 5.87 oz. bag, 1 lb. bag, 3 lb. bag, 6 lb. bag. PLU Code for 5.87 oz. bag: 788394 12675 8.","Products may potentially contain one or more of the following undeclared tree nuts: Pecans, Almonds, Coconut, Macadamia Nuts, & Walnuts.","Queen Bee Gardens, LLC",Class II,Terminated,Voluntary: Firm initiated,"Ten retail locations owned by Queen Bee in CO, NM, WY and nationwide via internet sales.",None,Food,Lovell,WY,United States,20220428,20220719,20220727,90158
F-1671-2024,"1. Palmer Candy Drizzled Caramel Corn, Item 19271, Net Wt. 16/5oz tubs, UPC 77343 19271 2. Meijer Drizzled Caramel Popcorn Snack Bowl, Net Wt. 12oz, UPC 60236 18830, 8/12oz case",Potential salmonella contamination,Palmer & Company,Class I,Terminated,Voluntary: Firm initiated,Nationwide United States and Canada,1. Best by date: 1/22/25 2. Best by date: 1/22/25,Food,Sioux City,IA,United States,20240503,20240806,20240814,94571
F-0894-2018,"Grape Fanta, Grape Flavored Soda, 12 oz (355 mL) cans, packed in 12 packs, Canned under the authority of the Coca-Cola Company, Atlanta, GA",Sharp edges were observed on several of the cans which have the potential of causing cuts on the mouths of consumers who use the product.,Heartland Coca-Cola Bottling Company,Class II,Terminated,Voluntary: Firm initiated,"Distributed to retail stores in AR, IA, IL, KS, MO, and NE.",Oct 08 18 LXC,Food,Lenexa,KS,United States,20180212,20180307,20180314,79216
F-1233-2022,ELITE MILK CHOCOLATE COATED RICE CAKES  UPC:815871011884	NET WT 2.47OZ (70 g),Potential contamination with Salmonella,ELITE CONFECTIONERY LTD,Class I,Terminated,Voluntary: Firm initiated,Distributed in the US nationwide,All lots,Food,Nof Ha-Galil,,Israel,20220428,20220604,20220615,90105
F-1170-2024,"H&NATURAL 2 PACK! BRAZIL SEED 60 PIECES, PURE NATURAL SEMILLA DE BRASIL FOR 60 DAYS, 5 GRAMS PER BOX, 2 BLACK BOXES.",Product recalled due to the presence of yellow oleander and its components in the product.,HandNatural,Class I,Ongoing,Voluntary: Firm initiated,Firm is  100% internet sales. Distribution is unknown at this time.,No Lot code on label. Expiration date listed as 05/24 and 03/24.,Food,San Luis,AZ,United States,20240209,20240416,20240424,93920
F-2387-2014,"Tiny Isle Chocolate Truffles Macadamia Nut: Gluten Free, Raw, Vegan; individual 1 oz. candies,    Tiny Isle  5915 Olohena Road, Unit H  Kapaa, HI 96746",Candy was made using carob powder that is currently under recall by the direct supplier due to potential Salmonella contamination.,"Florimont, Inc.",Class I,Terminated,Voluntary: Firm initiated,HI only,UPC for single truffles: 11386711886    No lot codes or expiry dates,Food,Kapaa,HI,United States,20140725,20140825,20140903,68994
F-1354-2023,"San Marco Premium Dough on Parchment: packaged as 8in, 14in",Undeclared Allergen - Soy Flour,Cassanos Inc,Class II,Terminated,Voluntary: Firm initiated,"Distributed to: CO, FL, IN, IL, KY, MI, OH, PA, WV","Lot: 159, 186 Expiration Date: 12/07/23, 01/03/24 Product No. 4226, 4227",Food,Dayton,OH,United States,20230718,20230802,20230809,92726
F-1540-2017,foxy's california pistachio  1 Pint,Potential Listeria monocytogenes contamination.,"Altijira Murray Products, LLC",Class I,Terminated,Voluntary: Firm initiated,"U.S. distribution to the following; CA, NY.    No foreign distribution.","Best By: March 17th 2017, March 18th 2017, March 19th 2017, March 20th 2017",Food,Ventura,CA,United States,20161220,20170224,20170308,76035
H-0552-2026,"Lowes Foods sour cream and onion flavored potato chips, 8oz. bag, UPC 7 41643 05576 6, 9 retail units per case","Inaccurate nutritional data in Nutrition Facts including but not limited to, understated sodium content. Undeclared ingredients including but not limited to, monosodium glutamate.",Uncle Ray's LLC,Class II,Ongoing,Voluntary: Firm initiated,NC,"21FEB2026, 28FEB2026, 12MAR2026, 19MAR2026, 02APR2026, 01JUL2026, 15JUL2026, 01OCT2026, 22OCT2026, 19NOV2026, 09DEC2026",Food,Detroit,MI,United States,20260225,20260310,20260318,98506
F-1643-2017,"Trader Joe's First Crush Unsweetened Gravenstein Apple Sauce;   24 oz. glass jar.  Best Before date stamped on top of lid.    UPC:00015905     Distributed by Trader Joe's, Monrovia, CA",Manzana Products Co. is initiating a recall of three varieties of apple sauce after receiving customer complaints or finding small pieces of glass in the product.,"Manzana Products Co.,  Inc.",Class II,Terminated,Voluntary: Firm initiated,Nationwide.,"ALL CODES  Through AUG 08, 2018",Food,Sebastopol,CA,United States,20170224,20170320,20170329,76589
F-1681-2015,EST -700 Calcium,Health One Pharmaceuticals is recalling dietary supplements due to significant violations of the cGMP regulations for dietary supplements.,Health One Pharmaceuticals Inc,Class II,Terminated,Voluntary: Firm initiated,"Nationwide in US: CA, TN, WA, ID,     and worldwide:  Hong Kong, Vietnam, China, Singapore",8520,Food,City Of Industry,CA,United States,20150204,20150330,20150408,70344
F-3091-2015,"Red Tart Pitted Cherries, Straight Packed (No Sugar),  5 lbs. bulk pails, 30 lbs, in bulk pails","Potential for adulteration - elevated mold, yeast, and coliform counts","Coloma Frozen Foods, Inc.",Class II,Terminated,Voluntary: Firm initiated,"Domestic: MI, IN, IL, WI, MO, NE, OH    Foreign: Canada  DOD/VA: None",Lot Codes: 15190  15191  15196  15198  15200  15201  15202  15203  15204  15205  15212  15215  43145  43146  43147  43148  43149  43150  43151  43152  43153  43155  43156  43157  43158  43159  43160  43161  43162  43163  43164  43165  43166  43167  43168  43169  43170  43171  43172  43173  43174  43175  43176  43177  43178  43179  43180  43181  43182  43183  43184  43583  43584  43585  43586  43587  43588  43589  43590  43591  43592  43593  43594  43595  43596  43597  43598  43599  43600  43601  43602  43603,Food,Coloma,MI,United States,20150807,20150909,20150916,71948
H-0088-2025,"Carley s Soft Baked Iced Lemon Cookies, 5.34oz Plastic Tray, clear film overwrap w/ Label, 12 units per case","Product has a misbranded Yellow Color.  Identified on label at  Artificial Yellow Color , and it should be identified as  FD&C Yellow #5",Carley's Inc.,Class II,Terminated,Voluntary: Firm initiated,"Product is shipped to wholesalers who further distribute to retail stores. Wholesalers are located in IL, MI, IA, LA, MD, PA, VA, MN, AL, TX, GA, SC, NY, NC, WV,",UPC Code: 7 40235 50011 0 Exp Date-Lot Code 01726-040225 11245-012825 031026-051425 061925-082324 080525-100924 081725-102124 091025-111424 061925-082324 112425-012825,Food,Lake Forest,IL,United States,20250606,20250625,20250702,97043
F-2085-2015,"Sabra Classic Hummus, 17oz Six Pack UPC 040822017497 / 301290  Sabra Dipping Co. LLC, White Plains, NY",Michigan Dept. of Agriculture collected a sample of Sabra Hummus that came up positive for L. Monocytogenes.  Baltimore District is  working with VDACS to investigate.,"Sabra Dipping Company, LLC",Class I,Terminated,Voluntary: Firm initiated,The product was distributed nationwide.,UPC/SKU    040822017497 / 301290,Food,Colonial Heights,VA,United States,20150407,20150428,20150506,70934
F-2543-2015,Blue Bell Ice Cream Blueberry Cheesecake Still a 1/2 Gal (2 QTS),Five patients who were treated in a single hospital in Kansas were infected with one of four rare strains of Listeria monocytogenes.,"Blue Bell Creameries, L.P.",Class I,Terminated,Voluntary: Firm initiated,"FL, GA, SC, NC, VA, OH, KY, TN, AL, MS, IN, IL, MT, AR, LA, TX, Ok, KS, NM, CO, WY, AZ, NV and Bermuda, Belize, Saudia Arabia, Yemen, Oman, UAE, Qatar, Egypt, Jordan, Kuwait, Dominican Republic, Panama, Turks and Caicos, Haiti, Trinadad and Tobago, Puerto Rico, Chile, Peru, China, Mexico, Philippines, Tortola, St. Thomas and St. Croix, Anguilla, St, Kitts and Nevis, Montserrat, and Dominica",all lot codes within expiry,Food,Brenham,TX,United States,20150313,20150619,20150701,70738
F-1892-2016,Integrated Food Service  Turkey Breast & Cheese Sandwich  on a Whole Grain French Roll  Code #C16001/160001,Potential Listeria monocytogenes contamination.,"Let's Do Lunch, Inc.",Class I,Terminated,Voluntary: Firm initiated,U.S. distribution nationwide.     No foreign distribution.,Lot #040115-050616,Food,Gardena,CA,United States,20160523,20160805,20160817,74243
F-0441-2019,"Vanilla Bean Ice Cream, 3 gallons",Products may be contaminated with  Listeria monocytogenes.,Working Cow Homemade Inc.,Class I,Terminated,Voluntary: Firm initiated,US Consignees only. No foreign nor government consignees.,"""8/29/2017 - 10/11/2018""",Food,Saint Petersburg,FL,United States,20180928,20181113,20181121,81156
F-1146-2013,Publix 7 inch Cookies Cream Layer Cake  Scale ID Number * 002-16466-00000 *The last five digits of the scale ID number contain the unit price. For example $4.99 would have the last five digits ending 00499.,Maplehurst Deli-Bake South Inc. the cake supplier notified Publix Super market of a contamination with Listeria Monocytogenes on 11/15/2012.,"Publix Super Markets, Inc.",Class I,Terminated,Voluntary: Firm initiated,Florida,"Recalled products were distributed from November 11, 2012 through November 15, 2012.",Food,Lakeland,FL,United States,20121115,20130313,20130320,64493
F-0913-2020,"Southern Sisters Gourmet Cheddar Garlic Biscuits, Net Wt 16 oz (453.6 g)",Undeclared allergen: Wheat  Undeclared colors: Yellow #5 and #6.,Southern Sisters Gourmet,Class II,Terminated,Voluntary: Firm initiated,"Distributed in the states of AL, AR, FL, GA, IL, LA, MS, OK, and TX.",Products are not coded.,Food,Coldwater,MS,United States,20200128,20200417,20200401,84863
F-1594-2024,"Marco Turkish Mocha Ice Cream 16 fl oz/1 pint, UPC 860001992885. Packaged in paper containers, 8 containers per case.",Possible contamination with Listeria monocytogenes,"Totally Cool, Inc.",Class II,Terminated,Voluntary: Firm initiated,Distributed nationwide.,All Best by Dates: 06/07/24 to 12/11/25 Codes between: 2312341 to 2406163,Food,Owings Mills,MD,United States,20240613,20240801,20240807,94829
F-0163-2018,"Stir Fry Kit,  Alaska Carrot, 1 x 11 lb. per case, UPC 45009 85749 1    The ingredient: Green cabbage, yellow onion, broccoli florette, carrot plugs.","Stir Fry Kit product is recalled due to possible contamination with Listeria monocytogenes. The broccoli used in processing this item has been recalled by vendor Mann Packing of Salinas, California.",Triple B Corporation,Class I,Terminated,Voluntary: Firm initiated,"distributed in Alaska, Idaho, Montana, Oregon, and Washington",Pack Date: 10/13/2017.  Use By: 10/20/2017,Food,Seattle,WA,United States,20171020,20171113,20171108,78335
F-0583-2019,"JY Spiderman Ice Cream, 3 gallons",Products may be contaminated with  Listeria monocytogenes.,Working Cow Homemade Inc.,Class I,Terminated,Voluntary: Firm initiated,US Consignees only. No foreign nor government consignees.,"""8/29/2017 - 10/11/2018""",Food,Saint Petersburg,FL,United States,20180928,20181113,20181121,81156
F-2441-2014,"Dole Baby Spinach:  Thoroughly Washed, Preservative Free, All natural  Net W.t6 oz. bag;  SKU 323  Perishable, keep refrigerated.  UPC 071430009642;    Dole Fresh Vegetables  Monterey, CA  93940",Green Walnuts from a tree dropped into spinach as it was being tractored away from the harvested field. Walnuts were discovered on the Dole spinach processing line,Dole Fresh Vegetables Inc,Class I,Terminated,Voluntary: Firm initiated,"One distribution center in AZ and retail stores in AZ, NM and NV.",Bag Code                        Expiration Date  B2311020  9/4/2014   B23110211 9/4/2014  B2311022  9/4/2014  B2311023  9/4/2014  B2311024  9/4/2014  B2311025  9/4/2014.,Food,Monterey,CA,United States,20140827,20140915,20140924,69128
F-1182-2015,"Pear Sorbet; Bulk product is labeled with flavor name and date code, which is affixed to the plastic container (1, 1.5 and 3 gallon).",The recalling firm was notified that raw materials used in producing the ice cream products have the potential to be contaminated with Listeria monocytogenes,Numbskull LLC,Class I,Terminated,Voluntary: Firm initiated,Washington and Idaho ice cream scoop shops and restaurants.,"All codes manufactured from January 1, 2014 - December 15, 2014. (""MMDD"" and ""XXXX""-Snoqualmie Gourmet Ice Cream Code)",Food,Spokane Valley,WA,United States,20141223,20150211,20150218,70150
F-1796-2013,"individual 2 oz chocolate macaroons packaged in plastic wrapper labeled as "" Jennies DUTCH CHOCOLATE MACAROON, 2 oz. Red Mill Farms, Inc., Brooklyn, NY"".",A recall was initiated as a result of an undeclared sugar ingredient in the labeling used for Jennies' Dutch Chocolate Macaroons.,Red Mill Farms,Class II,Terminated,Voluntary: Firm initiated,"PA, GA, NH.",Expiration dates 12/1/13 and 1/13/14.,Food,Moosic,PA,United States,20130320,20130809,20130821,65754
F-2473-2016,"1.5 oz PEANUT BUTTER COOKIES, 80/case",Savory Foods Inc. has initiated a voluntary recall due to the potential for contamination with Listeria monocytogenes.,"Savory Foods, Inc.",Class I,Terminated,Voluntary: Firm initiated,"Domestic: Jackson, MI; Toledo, OH; Grand Rapids, MI; Urbana, OH; Hudsonville, MI; Columbus, OH; Lansdale, PA; and Charlton, MA.    No Foreign or DOD/VA","1.5 oz PEANUT BUTTER COOKIES, 80/case; Product Code/Lot Code: 16033",Food,Grand Rapids,MI,United States,20160211,20160930,20161012,73353
F-0091-2013,"SYSCO Imperial	6520795	1/5# FRUIT MIX CHUNKS 3/4""	130249 & 130250	BEST BY 9/15/12 & 9/16/12, UPC# 1007 4865393314.","G.O. Fresh in Minnesota is voluntarily recalling specific cut items that contain cantaloupe, which has been recalled by DFI Marketing, Inc. due to potential Salmonella contamination.",G.O. Fresh,Class I,Terminated,Voluntary: Firm initiated,"Minnesota, Iowa, North Dakota and Wisconsin","BEST BY 9/15/12 & 9/16/12,",Food,Minneapolis,MN,United States,20120913,20121011,20121017,63267
F-1804-2018,"Homestyle Italian Seasoned Croutons:  1 lb. foil pouch  Item # 74384              Sugar Foods Corporation  6190 E. Slauson Ave.  Los Angeles, CA 90047",Recalled whey powder was used in further production of numerous food products.,Sugar Foods Corporation Inc,Class II,Terminated,Voluntary: Firm initiated,"CA, CO, UT, WA, GA, TX",2280703   Best By 4/3/2019,Food,New York,NY,United States,20180720,20180813,20180808,80580
F-1105-2014,"UT-Fem¿ FOR WOMEN, urinary tract SOLUTION, Dietary Supplement, 42 Vegetable Capsules, Product No. 110403, UPC 7 98304 24865 4 -- Manufactured for: Global Quality Health Inc.","The finished dietary supplement product was manufactured with ingredients subsequently found to be contaminated with chloramphenicol, an antibiotic, at levels above 0.3 ppb.  The supplier, Specialty Enzymes & Biotechnologies, recalled the raw materials and notified the recipients.  Subsequent private laboratory testing of the finished product revealed levels of chloramphenicol above 0.3 ppb.","Global Health Laboratories, LLC",Class II,Terminated,Voluntary: Firm initiated,New York,Lot Number 1256074,Food,Amityville,NY,United States,20131107,20131218,20131225,66765
H-0389-2026,"Shrimp Paste (Klong Kone) 'M' ,  16 oz, 24 count , PLastic Jar,  24 packages/ case",Product tested high for lead.,"GUSTO GROUP, INC.",Class II,Ongoing,Voluntary: Firm initiated,"The recalled product was distributed to the following states: IA, NJ",DPA159  Shrimp Paste (Klong Kone) 'M',Food,Paterson,NJ,United States,20251119,20260109,20260121,98171
F-0678-2024,MIX FRUIT ALOHA BOWL 3/48 OZ Packaged in clamshell container. UPC:840219170299,Potential Salmonella Contamination,"TGD Cuts, LLC",Class I,Terminated,Voluntary: Firm initiated,"Distributed in PA, NJ, MD, WV, SC VA, DE, NC, and NY",Use By Start Date: 11/2/2023  Use By End Date: 11/23/2023,Food,Jessup,MD,United States,20231129,20240102,20231227,93540
F-1216-2014,"Tuna Salad, Formula PT.60 packaged under these labels:    -Essentail Everyday Tuna Salad packaged in 6/12-oz (UPC 041303820285) carton cases. Distributed by Supervalu Inc., Eden Prairie, MN.    -Reser's Gourmet Tuna Salad packaged in 2/5-lb carton cases.  Reser's Fine Foods, Inc., Beaverton, OR.  UPC 071117855067",The recalled products are potentially contaminated with Listeria monocytogenes.,"Reser's Fine Foods, Inc.",Class I,Terminated,Voluntary: Firm initiated,"Distribution was made to AL, AR, AZ, CA, CO, CT, DE, FL, GA, HI, IA, IL, IN, KS, KY, LA, MA, MD, ME, MI, MO, MS, NC, NE, NH, NJ, NM, NV, NY, OH, OK, OR, PA, SC, SD, TN, TX, VA, WI, WV AND WY.   Distribution was also made to Canada.",Use by dates 10/10/13 - 11/29/13.,Food,Beaverton,OR,United States,20131022,20131224,20140101,66563
F-0020-2015,"CST Roma Tomatoes Whole Roma 1/25#  Origin: USA  Keep Refrigerated   UPC: 40000356942  Taylor Farms, Pacific, Tracy, CA 95376","Firm was notified by supplier that specific lots of ""expo fresh"" Roma tomatoes may be contaminated with Salmonella.",Taylor Farms Pacific Inc. (MacArthur Facility),Class I,Terminated,Voluntary: Firm initiated,"California, Arizona, Nevada, Washington",Packed on: 9/5/2014  Packed on: 9/6/2014,Food,Tracy,CA,United States,20140912,20141010,20141022,69252
F-1333-2024,"Grindsted Sweetlife CINN. Roll BAS Stabilizer & Emulsifier System, 22.68 kg/ 50 lb bag",Potential Salmonella Contamination,Danisco USA Inc.,Class I,Terminated,Voluntary: Firm initiated,"US: AZ, CA, CO, FL, IA, ID, IL, IN, KS, KY, MI, MN, MO, NE, NJ, NY, OH, OK, PA, TN, TX, UT, VA, WI; Canada, and Mexico",Lot number: 1204607256; 1204607257; 1204607258; 1204607259; 1204607260; 1204607261; 1204607262; 1204607264,Food,New Century,KS,United States,20240503,20240606,20240612,94565
F-3116-2017,"A96555, PREDUST X2, NET WT 50 LBS, Manufactured By: Newly Weds Foods, Inc., Chicago, IL 60639",Product may contain undeclared milk.,Newly Weds Foods Inc,Class II,Terminated,Voluntary: Firm initiated,"Nationwide, Mexico, Canada",Product #A96555; Lot #WN012117E,Food,Chicago,IL,United States,20170503,20170817,20170726,77194
F-0655-2013,"""Alcapurria Jueyes"" (Crab-filled fritters) - Food Service","Undeclared allergens: wheat, soy, crustacean shellfish (crab), and yellow #5","Fabrica Confecciones Soto, Inc.",Class II,Terminated,Voluntary: Firm initiated,PR only. Product sold by the firm at retail.,none,Food,Canovanas,PR,United States,20120912,20121108,20121114,63207
F-1159-2022,"POTATO RUSSET QUARTERED 2/10# (01)10886810715115(10)0016086772 71511 Best if used by: 03/25/22, 03/29/22, 04/05/22, 04/06/22, 04/12/22, 04/16/22, 04/20/22, 04/23/22 Ingredients: Potato, Sodium Metabisulfite",Sodium metabisulfite not declared on product label.,Liberty Fruit Co Inc DBA Carol's Cuts,Class I,Terminated,Voluntary: Firm initiated,"Distributed to food service locations in Kansas, Nebraska, Iowa, and Missouri.","Best if used by: 03/25/22, 03/29/22, 04/05/22, 04/06/22, 04/12/22, 04/16/22, 04/20/22, 04/23/22 Product #: 71511",Food,Kansas City,KS,United States,20220506,20220603,20220615,90164
F-1215-2019,"JOY GOL-GAPPA (PANI PURI) MASALA CONCENTRATE, NET WT 8 OZ (228g), UPC: 6 80617 60414 5",Product contains undeclared sulfites.,JOY GOURMET FOODS LLC,Class II,Terminated,Voluntary: Firm initiated,"CT, NY, NJ",0712  7/12/2019,Food,Maspeth,NY,United States,20190225,20190329,20190320,82250
F-0456-2018,Dark Chocolate Almond Bark 5oz &1lb Clear plastic tubs,Germack Roasting  is voluntarily recalling its Dark Chocolate Almond Bark following a supplier's recall due to undeclared allergen milk.,NUTCO Inc. dba Germack Pistachio Co.,Class II,Terminated,Voluntary: Firm initiated,"Unknown, firm would not provide a customer list, but identified there were mail order customers in their press release.","Product Codes: 088401520105, 1168, 1398    Best BY Date March 31 , 2018",Food,Detroit,MI,United States,20171030,20171212,20171220,78482
F-1065-2013,"POMEGRANATE DRINK  MIX.  Yoruk Prens Nar Net 400 g.  USA Distributor:  Ethnic Int. Holding Inc. 4 Corporate Drive, Cranbury, NJ 08512.  Tel. 609-395-8513.  Picture of pomegranate on label.","Yoruk Prens brand drink mix flavored Apple, Orange, Pomegranate, Cinnamon and Rosehip.  We were informed that these products include some colorants, which are not allowed to use in the USA as per a New York State Department of Agriculture and Markets sample analysis.",Ethnic International Holding Inc,Class II,Terminated,Voluntary: Firm initiated,"Connecticut, Georgia, Massachussets, Maryland, New Jersey, New York, Tennessee and Virginia.",Expiration date 1/04/2013.,Food,Cranbury,NJ,United States,20121227,20130311,20130320,64361
F-1928-2016,"Sun Life Natural Sunflower Spread with Maple in clear plastic jar with brown plastic lid, Net Wt. 12 oz.., UPC 855881003370. The responsible name on the label is Nu Life Market, LLC, Scott City, KS.",Product manufactured with roasted sunflower kernels which may be contaminated with Listeria monocytogenes.,Nu Life Market LLC,Class I,Terminated,Voluntary: Firm initiated,"Product was distributed to CA, IL, and MI. There was no foreign/military/government distribution.","lot 5225B1, best by 5/13/2016;",Food,Scott City,KS,United States,20160519,20160815,20160824,74250
F-0431-2017,"Hot Pepper Cheese, forty-five 40 lb. blocks",Farm Country Cheese House is conducting a voluntary recall of multiple vats of cheese due to inadequate pasteurization.,"Farm Country Cheese House, Inc.",Class II,Terminated,Voluntary: Firm initiated,Domestic: MI,"Made on 09/28/2016, Vat A",Food,Lakeview,MI,United States,20161010,20161114,20161123,75427
F-0718-2019,"Cap'n Crunch's Peanut Butter Crunch Cereal packaged in 17.1 ounce and 16.5 ounce cardboard boxes. Distributed by The Quaker Oats Company, Chicago IL",Product tested positive for Salmonella.,"Quaker Manufacturing, LLC",Class I,Terminated,Voluntary: Firm initiated,"Distributed to distribution centers in AR, IA, IL, KS, MO, NE",Lots 110218L and 110318L,Food,Cedar Rapids,IA,United States,20181113,20181212,20181219,81571
F-0597-2020,"Rachael's brand and Big Y brand Protein Snack Packs; containing one hard boiled egg, diced roasted turkey, and roasted almonds; packaged in 6x6 plastic containers, Net. wt. 4.25 oz.",Product may be contaminated with Listeria monocytogenes.,Rachael's Food Corporation,Class I,Terminated,Voluntary: Firm initiated,MA,"Production Dates: Dec 27, Dec 29, Dec 30, Jan 1  Rachael s code: 81190701592 and Big Y code: 01889490543",Food,Chicopee,MA,United States,20191231,20200204,20200212,84751
F-1039-2023,A53643	BREADER   X1	50.00	BAG,Products may contain Salmonella,"Newly Weds Foods, Inc.",Class I,Terminated,Voluntary: Firm initiated,"ALABAMA, ARKANSAS, CALIFORNIA, COLORADO, FLORIDA, GEORGIA, ILLINOIS, INDIANA, IOWA, KANSAS, KENTUCKY, LOUISIANA, MICHIGAN, MINNESOTA, MISSISSIPPI, MISSOURI, MONTANA, NEBRASKA, NEW JERSEY, NEW YORK, NORTH CAROLINA, OHIO, OKLAHOMA, OREGON, PENNSYLVANIA, TENNESSEE, TEXAS ,WISCONSIN.  CANADA.",SE102922A SE110722A,Food,Chicago,IL,United States,20230526,20230705,20230712,92423
F-0801-2025,New England Village Snacks The 19th Hole Snack Mix (5 oz. and 10 oz.),Contains undeclared almonds & undeclared sesame,"Better Business...Better Foods, Inc.",Class II,Ongoing,Voluntary: Firm initiated,NY and New England,UPC (5 oz.): 609465693477 UPC (10 0z.): 642147152459 All codes recalled,Food,Milford,NH,United States,20250423,20250514,20250521,96758
F-0459-2023,"Bistro To Go, Gourmet Cheese & Fruit Plate, Net Wt. 6 Oz. Single Serving, Keep refrigerated","On 02/03/2023, FRESH IDEATION FOOD GROUP, LLC dba Fresh Creative Cuisine of Baltimore, MD is  initiating a recall of  various products sold from January 24, 2023 through January 30, 2023 because the products have the potential to be contaminated with Listeria monocytogenes .","FRESH IDEATION FOOD GROUP, LLC dba Fresh Creative Cuisine",Class I,Terminated,Voluntary: Firm initiated,"The recalled product was distributed to the following states: MD, PA, DE, NY, DC, NJ, NC, CT, SC, VA, MA .",UPC Code : 813141021144,Food,Baltimore,MD,United States,20230203,20231017,20230322,91653
F-0857-2016,HSRG Cornmeal Breader NET WT 25 LB (11.33 kg),May contain small metal fragments from wire mesh sifter.,"C. H. Guenther & Son, Inc.dba Morrison Milling",Class III,Terminated,Voluntary: Firm initiated,Nationwide throughout the US,All lots,Food,Denton,TX,United States,20151207,20160411,20160420,72822
F-1759-2018,"Grizzlies Brand and Grizzlies Granolas Oregon Trail Mix consisting of chocolate chips, fruit, seeds, and nuts.      Product packaged in a cardboard box with a liner bag, net wt. 20 lbs., and was distributed to retailers for sale from their bulk bins.      The product's ingredients statement on the green label is read ""***Semi-sweet chocolate chips (sugar, chocolate, cocoa butter, soy lecithin, vanilla), hazelnuts, almonds, walnuts, pumpkin seeds, unsulphured peaches, sunflower seeds, raisins, cranberries (apple juice concentrate, sunflower oil)***"".    The product's ingredients statement on the ivory label is read ""***Semi-sweet chocolate chips (sugar, chocolate, cocoa butter, soy lecithin, vanilla), hazelnuts, almonds, walnuts, pumpkin seeds, sunflower seeds, raisins, cranberries (cranberries, apple juice, sunflower oil), Peaches, Raisins (Raisins, Sunflower Oil). No GMOs***"".",Grizzlies Brand and Grizzlies Granolas Oregon Trail Mix are recalled due to undeclared milk.,"Green Valley Group, LLC",Class I,Terminated,Voluntary: Firm initiated,"Idaho, Illinois, Oregon, and Washington","lot numbers are 23122, 23287, 23412, 23520, and 23578.    LOT OTM 23122 expires on 8/11/18.  LOT OTM 23287 expires on 9/19/18.  LOT OTM 23412 expires on 10/19/18.  LOT OTM 23520 expires on 11/16/18.  LOT OTM 23578 expires on 12/1/18.",Food,Eugene,OR,United States,20180719,20180807,20180815,80587
F-2016-2014,El Original pa' ya To Go by hot pandeyuca brand   Cheese Bread Pan de Queso Grande,"During an FDA inspection, it was discovered that the label of several products failed to declare the components ingredients of a butter flavor that included allergens FD&C Yellow #5, FD&C Yellow #6 and FD&C Red #40.",Hot Pandeyuca & Company Inc,Class II,Terminated,Voluntary: Firm initiated,FL and NC  Panama,Lot Codes 001 - 090,Food,Hialeah,FL,United States,20140321,20140611,20140618,68007
F-1306-2019,"Samira Food Products Vegeterian 100% Soy Chunk, Net Wt. 8oz",Failure to declare sulfites.,Traders West Inc,Class II,Terminated,Voluntary: Firm initiated,Domestic distribution only.,No lot or batch number.,Food,Medley,FL,United States,20190328,20190424,20190501,82500
F-1760-2013,"El Campestre Brand Ceviche Mixto, 2/5 lbs bulk containers into 1/10lbs carton.  Packaged in 2/5lbs white plastic buckets with lid and handle, into 1/10lbs carton.    Labeling reads in part:""CEVICHE MIXTO***NET WT..10 LBS***DIST.BY EL CAMPESTRE DIST TEL (562) 505-7247***"".","El Campestre initiated this recall due to the following reason: undeclared allergens: eggs, soy, wheat, and crab extract.",El Campestre,Class I,Terminated,Voluntary: Firm initiated,CA,Product is not coded with lot numbers.    Expiration date 06/01/13,Food,Compton,CA,United States,20130613,20130726,20130807,65499
F-2425-2016,"UPC  071725748010,	Sunflower Seeds Roasted and Salted, Best By/Date Code: 11/27/2016.    UPC  007172524140,	Amport Roasted and Salted Sunflower Seeds, Best By/Date Code:11/26/2016.    639277348319,Naturally Select  Roasted and Salted Sunflower Seed, Best By/Date Code: 3/1/2017.    UPC  071725241351,	Amport Foods Sunflower Seeds Roasted & Salted, Best By/Date Code:12/3/2016,12/26/2016, 12/12/2016 .    UPC 071725748010,	Amport Foods Sunflower Seeds Roasted & Salted, Best By/Date Code:12/31/2016,12/26/2016, 1/14/2017 .    UPC 071725241405,	Amport Foods Sunflower Seeds Roasted & Salted, Best By/Date Code:1/7/2017 .",TreeHouse Foods is recalling products that may be impacted by sunflower seeds  contaminated with Listeria monocytogenes.,Treehouse Foods,Class I,Terminated,Voluntary: Firm initiated,"US: AL, AZ, AR, CA, CO, CT, FL, IL, IN, IA, KS,KY, LA, ME, MD, MA, MI, MN,  MS,  MO, NE, NV, NM, NY, NC,ND, OH, OK, OR, PA,SC, TN, TX, UT, VA, WA, WI, WY.    OUS: HONDURAS, NICARAGUA, CHILE.","Best By/Date Code: 11/26/2016, 11/27/2016, .1/7/2017, 1/14/2017, 3/1/17, 12/31/2016, 12/26/2016, 12/12/2016, 12/3/2016.",Food,Oak Brook,IL,United States,20160503,20160930,20161012,74041
F-0625-2014,"Garden-Fresh Anti Pasto Salad Kit,       Product Code  0 11596 65634 2 ,	1/6 lb","Garden-Fresh Foods is recalling various ready-to-eat salads, slaw, and dip products sold under various brands and codes because they may be contaminated with Listeria monocytogenes.","Garden-Fresh Foods, Inc.",Class I,Terminated,Voluntary: Firm initiated,"CA, IL, IN, MA, MI,MN, MO, OH, PA, WI.",0 11596 65634 2  = 10/30/2013 - 11/6/2013,Food,Milwaukee,WI,United States,20131030,20131202,20131211,66677
F-0358-2022,"Livia One Organic Daily Topical Spray Probiotics;   4 oz. (120 ml)  UPC: 0 30915 10710 5     Recommended use: Topical: Spray affected area 2-5 times daily as needed.     Ingredients: Proprietary probiotic blend in an enzyme enriched substrate:  Lactobacillus-Acidophilus, L. Rhamnosus, L-Salivarius, L. Casei, L-Plantarum, Lactococcus-Lactis, Streptocuccus-Thermophilus, Bifidobacterium-Bifidum, B-Lactus, B-Infantis, B-Breve, B-Longum.  Made with water and a proprietary blend of three organic grasses    Livia Global Inc., Visalia, CA.",Probiotic products contaminated with Pseudomonas aeruginosa .,Livia Global,Class II,Terminated,Voluntary: Firm initiated,xx,"Lot #001005-1, BB 04/2023",Food,Visalia,CA,United States,20211201,20220102,20211222,89115
F-0465-2015,"Mama Tere Arepa de Blanca de Maiz White Corn Patty 14.1 oz/400g   5 units Product of Colombia Importado Por: Family Food Distributors, Inc. 969 Newark Turnpike, Kearny, NJ 07032  UPC 812828011676","Mama Tere Arepa de Moto, de Chocolo and and de Blanca de Maiz were found to be mislabeled.","Family Food Distributors, Inc.",Class II,Terminated,Voluntary: Firm initiated,"CT, IL, MD, NJ, NY,  & PA",None.,Food,Kearny,NJ,United States,20140826,20141106,20141112,69391
F-0559-2020,"GREY GHOST BAKERY scratch-made cookies LEMON SUGAR NET WT 1.4 OZ (40 G), UPC 8 53152 00308 1 , 4 OZ (113 G) UPC 8 53152 00332 6 & 8 OZ (225 G) UPC 8 53152 00307 4 GREY GHOST BAKERY 1750 SIGNAL POINT RD, STE 2A CHARLESTON, SC 29412",The product contains undeclared sulfites.,TFI Holding dba Grey Ghost Bakery,Class II,Ongoing,Voluntary: Firm initiated,"Product was shipped to the following states: AL, AR, AZ, CA, CO, CT, DC, DE, FL GA, HI, IA, ID, IL, IN, KS, KY, LA, MA, MD, MI, MN, MO, MS, NC, NH, NJ, NM, NY, OH, OK, OR, PA, SC, TN, TX, UT, VA, WA, WI & WY.","1612019, 1622019, 1632019, 1752019, 1772019, 1782019, 1802019, 1822019, 1892019, 1912019, 1962019, 1972019, 1982019, 2042019, 2052019, 2062019, 2082019, 2112019, 2132019, 2142019, 2192019, 2212019, 2252019, 2272019, 2282019, 2312019, 2332019, 2412019, 2542019, 2552019, 2572019, 2632019, 2682019, 2692019, 2712019, 2742019, 2752019, 2762019, 2772019, 2782019, 2822019, 2882019, 2912019, 2922019, 2952019, 2962019, 2972019, 3042019, 3062019, 3082019, 3102019, 3122019, 3172019, 3192019, 3212019, 3252019, 3282019, 3302019, 3362019, 3372019, 3382019, 3452019.",Food,Charleston,SC,United States,20191217,20200124,20200115,84523
F-0910-2022,"Woody's Smokehouse brand Yogurt Raisins, 12.3 oz. (348g), clear plastic bag with front and back labels, UPC 0 95248 65531 0. Packed especially for Woody's Smokehouse Inc., Centerville, TX 75833, 903-536-9663, Woody's-Smokehouse.com  Texas Best Smokehouse brand Yogurt Raisins, 8 oz. (226g), clear plastic bag with front and back labels, UPC 0 95248 32055 3. Packed especially for: Texas Best Smokehouse, 3302 S Eastman Rd., Longview TX 75602.  Snack-Worthy brand Yogurt Raisins, 10 oz. (283g), clear plastic tub with front and back labels, UPC 8 79114 00668 3. Distributed by Lehi Valley Trading Company, Mesa, AZ 85215 snackworthy.com.",Bags and tubs of yogurt covered raisins contained undeclared  peanuts.,"Lehi Valley Trading Co, Inc",Class I,Terminated,Voluntary: Firm initiated,Nationwide.,"Woody's Smokehouse - Lot Code: 222447, Best by: August 23, 2022 Texas Best - Lot Code: 222456, August 23, 2022 Snack Worthy - Lot Code: 222268, 09/12/22",Food,Mesa,AZ,United States,20220211,20220328,20220406,89587
F-0829-2023,Revolution Farms Zesty Southwest 6oz salad kit in plastic container UPC 856791008240,Listeria monocytogenes,Caledonia Facility of Revolution Farms LLC,Class I,Terminated,Voluntary: Firm initiated,"MI, OH, WI",Sell By 3/23/23,Food,Caledonia,MI,United States,20230405,20230506,20230517,92065
F-0377-2021,Kareem Chef Halva 1lb and 2lb sizes in plastic tub,Salmonella,KAREEM MART INC,Class I,Terminated,Voluntary: Firm initiated,"The recalled  Halva  were distributed through Mediterranean food stores and wholesalers in Michigan, Illinois, Missouri, New York, Ohio, North Carolina and  Pennsylvania.  Between March 2020 to Feb 2021.",Best Before 07-01-2022,Food,Garden City,MI,United States,20210308,20210330,20210407,87576
F-1267-2019,Commercial Breader Batter;  B56666 BREADER   X1;       50 pound bag,Corn flour which may contain small pieces of plastic.,Newly Weds Foods Inc,Class II,Terminated,Voluntary: Firm initiated,Commercial processors in:  ALABAMA  ARKANSAS  FLORIDA  GEORGIA  ILLINOIS  MASSACHUSETTS  MISSISSIPPI  NEBRASKA  NEW JERSEY  NORTH CAROLINA  NORTH DAKOTA  OKLAHOMA  TEXAS  WISCONSIN,NWF Product # B56666;  Lot: CD032119B,Food,Chicago,IL,United States,20190322,20190409,20190417,82498
F-0243-2017,"OSSIE'S PICKLED LOX & CREAM, NET WT. 8 OZ., UPC 739885104113; -- Far Rockaway, NY 11691 --- The product is packed in a plastic deli tub.",The products have the potential to be contaminated with Listeria monocytogenes based on the findings of the bacteria in the plant via FDA environmental sampling plus the district's inspectional findings,SM Fish Corp.,Class I,Terminated,Voluntary: Firm initiated,New York and New Jersey via retail stores,Best By date codes of 08/21/16 through 10/18/16,Food,Far Rockaway,NY,United States,20160915,20161025,20161102,75144
F-1308-2017,"Gourmet Cocoa Supreme, CP302141-12, NET WT. 12 LBS",Dutch-American foods is recalling various seasoning products and baking bases due to potential contamination of product with Salmonella.,Dutch-American Foods Inc,Class II,Terminated,Voluntary: Firm initiated,"MD, MI, IL, FL","Batch # 191951, 191952",Food,Beecher,IL,United States,20161207,20170123,20170201,75979
F-0428-2017,"White Cheddar Cheese, 40 lb. blocks",Farm Country Cheese House is conducting a voluntary recall of multiple vats of cheese due to potential contamination with Listeria monocytogenes.,"Farm Country Cheese House, Inc.",Class I,Terminated,Voluntary: Firm initiated,Domestic: MI,"Made on 09/23/2016, Vat A",Food,Lakeview,MI,United States,20161010,20161114,20161123,75427
F-0259-2013,#234 Bulk Watermelon	234	2.5 pounds  and #050 Watermelon Tray	16 ounces,"During an FDA inspection, microbiological swabs were collected and the results found that 21 sub samples in zones 1, 2 & 3 are positive for Listeria Monocytogenes (L.M.), Listeria innocua (L.I.) or Listeria seeligeri (L.S.). The firm is voluntarily recalling all products manufactured from August 20th to September 10th 2012 due to the possible contamination. All lots with sell by dates on or before",Spartan Central Kitchen,Class II,Terminated,Voluntary: Firm initiated,MI and OH only.,All with sell by dates on or before 15-Sep  with UPC 234 and 0-11213-90395,Food,Grand Rapids,MI,United States,20120910,20121018,20121024,63159
F-0543-2025,1. Chocolate Drizzled Birthday Cake Granola Bars 	25.5oz (30 bars) 2. Chocolate Drizzled Birthday Cake Granola Bars	4.2oz (5 bars) 3. Chocolate Drizzled Birthday Cake Granola Bars	17oz (20 bars) 4. Chocolate Drizzled Birthday Cake Granola Bars 	8.5oz (10 bars) 5. Chocolate Drizzled Birthday Cake Granola Bars 	4.2oz (5 bars)  6. Chocolate Drizzled Birthday Cake Granola Bars 0.85oz,may contain metal pieces,"Riverside Natural Foods, Ltd.",Class II,Completed,Voluntary: Firm initiated,nationwide,1. best by:01/09/2025 up to and including 06/16/2025 UPC: X002SSIRIF 2. best by: 01/09/2025 up to and including 09/21/2025 UPC: 687456214160 3. best by: 03/05/2025 up to and including 07/25/2025 UPC: 687456215594 4. best by: 01/09/2025 up to and including 09/04/2025 UPC: 687456215709 5. best by: 04/25/2025; 08/29/2025; 05/17/2025 UPC: 687456215815 6. best by: 12/12/2024 up to and including 09/21/2025 UPC: 687456914169,Food,North York,,Canada,20241209,20250211,20250219,95906
F-2992-2017,"B4016W, 910277 Breader, NET WT 40 LBS, Manufactured By:  Newly Weds Foods, Inc., Chicago, IL 60639",Product may contain undeclared milk.,Newly Weds Foods Inc,Class II,Terminated,Voluntary: Firm initiated,"Nationwide, Mexico, Canada",Product #B4016W; Lot #WN011817A;  WN022217A;  WN032917A;  WN041917A;  WN122116A,Food,Chicago,IL,United States,20170503,20170817,20170726,77194
F-1727-2019,"DANNON OIKOS TRIPLE ZERO GREEK VANILLA - 5.3OZ/4PK, UPC: 3663201953",Products were not held at an appropriate temperature due to a mechanical malfunction during transportation.,"C & S Wholesale Grocers, Inc.",Class II,Terminated,Voluntary: Firm initiated,"Two Target Stores 1. 98 Veterans Memorial Highway in Commack, New York 2. 160 North Research Place in Central Islip, New York","Exact codes are unknown. The product being recalled was sold on June 17, 2019 at Target Stores in Commack, NY and Central Islip, NY.",Food,Westfield,MA,United States,20190617,20190724,20190731,83178
F-1757-2012,"Kit item #30699-76, includes Mozzarella Sticks, 2.25 oz, 12bags/kit; Cheddar Bacon Skins, 3oz, 24 bags/kit; and Sour Cream & Onion Skins 3oz, 12bags/kit.    kit item#30679-11, 30679-12, and 30679-13, includes Mozzarella Sticks 2.25oz, 12bags/kit, Cheddar bacon skins 3oz, 24 bags/kit, and Sour Cream & Onion skins 3oz, 12bags/kit.    Kit Item#30845-A- Onion Ring Clip Strip, 2oz, 24 bag/clip strip.",Inventure Foods Inc. is recalling mozzarella sticks and onion rings because there may be a chance that there are tiny metal particles in their seasoning.,Inventure Foods,Class II,Terminated,Voluntary: Firm initiated,Nationwide in the US and in Canada,"Lot # FEB242013, FEB232014, FEB1713",Food,Phoenix,AZ,United States,20120608,20120711,20120718,62330
F-1994-2017,"French's Crispy Jalapenos Net Wt. 5 oz. (141.7g), UPC 0 41500 95309 0, French's Food Company.",Product may contain foreign objects: rocks and metal fragments.,"The French's Food Company, LLC SUBS Reckitt Benckiser",Class II,Terminated,Voluntary: Firm initiated,"Product was distributed to CA, KS, MN, MS, MT, OK, OR, TX, and WA.  Product was shipped to a military distributor on the west coast.","Best by May 25, 2018",Food,Springfield,MO,United States,20170327,20170418,20170426,76864
F-2232-2016,"Pictsweet(R) Seasoned Summer Vegetables, NET WT 12 OZ. (340g), DISTRIBUTED BY THE PICTSWEET COMPANY, BELLS, TN 38305, UPC 7056097622","Possible Listeria Monocytogenes contamination in bulk vegetables supplied by CRF Frozen Foods, LLC used in manufacturing several Pictsweet products.",The Pictsweet Company,Class I,Terminated,Voluntary: Firm initiated,Nationwide,"BEST IF USED BY: Aug 3 2016, Aug 5 2016, Nov 9 2016, Nov 10 2016; with Mfg Code ### # K # #",Food,Bells,TN,United States,20160506,20160914,20160921,74123
F-0202-2022,EveryPlate Meal Kit Product Codes 81-82-84-90-92-95-98-99 from Production Week 32 (production week start date: 08/04/2021),Products contain onions purchased from ProSource and associated with a Salmonella Oranienburg outbreak.,HELLOFRESH US,Class I,Terminated,Voluntary: Firm initiated,Nationwide.,Production Week: 08/04/2021 EveryPlate Product Code: 81-82-84-90-92-95-98-99 (Number sequence may vary),Food,New York,NY,United States,20211022,20211118,20211124,88958
F-1745-2017,"Luqman Cheese, White Cheddar, Net Wt. 8 oz.., Distributed by: Cumberland Valley Creamery, Mechanicsburg, PA",Multiple laboratory analysis found multiple instances where various cheeses exceed allowed limits of generic E. coli.,"Cumberland Valley Creamery, LLC",Class II,Terminated,Voluntary: Firm initiated,"MD, PA","All lots, all codes.",Food,Mechanicsburg,PA,United States,20160607,20170327,20170405,75202
F-0242-2015,"Good Herbs, Inc., FLOWER ESSENCE WILD ROSE, 1 & 4 oz bottle, 550 Oliver Dr Troy, MI 48084 The Quality Herb That Works",Products not manufactured under GMP's,"Good Herbs, Inc.",Class II,Terminated,Voluntary: Firm initiated,"National: AZ, CA, CT, FL, IN, ME, MI, MO, MS, NC, NH, NY, OH, OR, RI, TX, VA & WY  International: None reported","All Lots distributed on or after October 17, 2013",Food,Troy,MI,United States,20140505,20141030,20141105,68421
F-0655-2014,"Grandpas Artichoke Spinach Dip, Product Code 0 11596 55902 5,	1/5 lb;    Archer Farms Artichoke Spinach Dip, Product Code  0 85239 99015 5,	6/11 oz;  Archer Farms Artichoke Spinach Dip, Product Code 0 85239 69053 6,	4/18 oz;    Roundy's Artichoke Spinach Dip, Product Code  0 11596 06170 2,	6/12 oz","Garden-Fresh Foods is recalling various ready-to-eat salads, slaw, and dip products sold under various brands and codes because they may be contaminated with Listeria monocytogenes.","Garden-Fresh Foods, Inc.",Class I,Terminated,Voluntary: Firm initiated,"CA, IL, IN, MA, MI,MN, MO, OH, PA, WI.",0 11596 55902 5 = 11/15/2013 - 12/13/2013;    0 85239 99015 5 = 11/1/2013;   0 85239 69053 6=11/1/2013;    0 11596 06170 2= 11/8/2013 - 12/15/2013,Food,Milwaukee,WI,United States,20131030,20131202,20131211,66677
F-0827-2013,Garden Fresh Gourmet Nacho Cheese Tortilla Chips  14oz bags,Beginning 11/01/2012 Garden Fresh Gourmet recalled Garden Fresh Nacho Cheese Tortilla chips (exp 11/26/2012) because quality standards of ingredients used in the products were not met.,"Garden Fresh Salsa, Inc.",Class III,Terminated,Voluntary: Firm initiated,"Michigan, Indiana, New Jersey,",14 oz bag UPC 4767131090 Lot 112612  Best By 11/26/12,Food,Ferndale,MI,United States,20121101,20121214,20121226,63663
F-0848-2024,GRANDE     1.5OZ FRESH BOCCONCINI MOZZ 1/3#         SUPC/ITEM # 19132P,The food was not held at an appropriate temperature.  The holding temperature could affect spoilage and potentially support pathogen growth.,Greco Sidari,Class II,Terminated,Voluntary: Firm initiated,"OH, NY & PA","All Lot Codes Distributed between November 26, 2023 and January 5, 2024",Food,Cleveland,OH,United States,20240111,20240205,20240214,93817
F-1204-2014,"Reser's Tuna Salad Supreme, Formula PT.137 packaged in 2/5-lb carton cases. Reser's Fine Foods, Inc., Beaverton, OR.  UPC 071117141382",The recalled products are potentially contaminated with Listeria monocytogenes.,"Reser's Fine Foods, Inc.",Class I,Terminated,Voluntary: Firm initiated,"Distribution was made to AL, AR, AZ, CA, CO, CT, DE, FL, GA, HI, IA, IL, IN, KS, KY, LA, MA, MD, ME, MI, MO, MS, NC, NE, NH, NJ, NM, NV, NY, OH, OK, OR, PA, SC, SD, TN, TX, VA, WI, WV AND WY.   Distribution was also made to Canada.",Use by dates 10/12/13 - 11/27/13.,Food,Beaverton,OR,United States,20131022,20131224,20140101,66563
F-1352-2014,"Phenol Assist, Kirkman brand, Item # 0835-090",Firm is recalling dietary supplements containing a raw material which may contain >0.3 ppb chloramphenicol,Kirkman Group Inc.,Class II,Terminated,Voluntary: Firm initiated,distributed worldwide,"LOT numbers:  52640015,  53855003,  53855004.",Food,Lake Oswego,OR,United States,20131115,20140102,20140108,66879
F-0136-2017,"MINI DEEP DISH MUSHROOM PIZZA, 200 CT, Prepared by: Kabobs, 54234 North Lake Dr. Lake City, GA 30260.",Product was manufactured with flour recalled due to E. coli O121 contamination.,Kabobs Inc,Class II,Terminated,Voluntary: Firm initiated,"AR, CA, CO, CT, FL, GA, IL,IN, IO, KY, LA, MA, MD, MI, MN, MO, NC, NJ, NY, NV, OK, OH, OR, PA, TN, TX WA, and WI.","Item number: K7954, Lot/Julian Code: PM15M18 / 15352 and PM15M17 / 15351.",Food,Lake City,GA,United States,20160706,20161018,20161026,74686
F-2329-2015,"Oregano, Mediterranean ground, stock code 03355, packaged in 0.2 lb., .75 lb., 0.8 lb., 1 lb., 4 lbs., 10 lbs., 15 lbs., 25 lbs., or 50 lbs. container.    The UPC for 50 lbs. container is 0 23605 03355 6.",Bulk ground oregano is recalled due to contamination with gluten (wheat allergen),"Regency Group, Inc., The",Class II,Terminated,Voluntary: Firm initiated,"distributed in AK, AZ, CA, ID, MT, OR, UT and WA.",Lot 03355-140121,Food,Portland,OR,United States,20150430,20150528,20150603,71141
F-1050-2016,"Blue Ridge Farms Macaroni Salad; 05021  Net Weight: 1 X 10 LB., Keep Refrigerated; Use by: 03/14/16; Lot # 430;   Packed by Winter Gardens Quality Foods, Inc, New Oxford, PA 17350",The supplier of the salad oil used in the above product(s) has voluntarily recalled this raw material due to the potential presence of foreign material.  Winter Gardens is continuing this voluntary recall through the supply chain.,"Winter Gardens Quality Foods, Inc.",Class II,Terminated,Voluntary: Firm initiated,MD  NC  NJ  NY  PA  VA,"Use By: 03/14/216, Lot # 430",Food,New Oxford,PA,United States,20160215,20160408,20160420,73562
F-0526-2018,"Dark Chocolate Pecans Net Wt. 7 oz, Farrell Farms, 200 Gin Road, Goldsboro, NC",Undeclared allergen: Milk,"Farrell Farms, Inc",Class I,Terminated,Voluntary: Firm initiated,NC,"Sold via website between October 16th, 2017 to November 17th, 2017",Food,Goldsboro,NC,United States,20171119,20180105,20180103,78653
F-0559-2014,"Finest Traditions Garden Vegetable Spaghetti, Product Code 10 733147 10196 1,	1/8 lb","Garden-Fresh Foods is recalling various ready-to-eat salads, slaw, and dip products sold under various brands and codes because they may be contaminated with Listeria monocytogenes.","Garden-Fresh Foods, Inc.",Class I,Terminated,Voluntary: Firm initiated,"CA, IL, IN, MA, MI,MN, MO, OH, PA, WI.",10 733147 10196 1=  11/4/2013 - 11/20/2013; ;,Food,Milwaukee,WI,United States,20131030,20131202,20131211,66677
F-1554-2017,Cashew Clusters 32 oz,Snak King is recalling cashew clusters because it may be contaminated with Salmonella.,Snak King Corporation,Class I,Terminated,Voluntary: Firm initiated,"US (Florida, Atlanta, CA)",Lot 5352533:  Date code on bag 8/30/17  Lot 5353827: Date code on bag 8/31/17  Lot 5354506: Date code on bag 8/31/17  Lot 5355694: Date code on bag 9/1/17  Lot 5355670: Date code on bag 9/1/17  Lot 5356902: Date code on bag 9/2/17,Food,City Of Industry,CA,United States,20170215,20170228,20170308,76502
F-2021-2016,"Devils Food Sheet Cake 8x12 Mega   28.125 lb case 20, 2  2.5oz cakes per case",Products may contain undeclared tree nuts (walnuts).  People who have an allergy or severe sensitivity to tree nuts run the risk of serious or life-threatening allergic reaction if they consume these products.,"Minnie Marie Bakers, Inc. dba Awrey's Bakery",Class I,Terminated,Voluntary: Firm initiated,Ohio,product 6585,Food,Livonia,MI,United States,20160729,20160830,20160907,74845
F-1334-2018,Eggo Homestyle Waffles 24ct 29.6oz    UPC: 38000402807    Target item number: 270-5-49,Shipping container from CA to HI was not held at proper temperature which could cause food items to be contaminated with spoilage organisms or pathogens,Target Corporation,Class II,Terminated,Voluntary: Firm initiated,HI,"All product purchased at  Target store T2780, Honolulu, HI from March 23 through March 27, 2018.",Food,Minneapolis,MN,United States,20180327,20180503,20180509,79663
F-0426-2013,"Cadia All Natural Creamy Peanut Butter No Stir, 18 oz, UPC 815369010993.","Sunland, Inc. is conducting a voluntary limited recall of its Almond, Peanut, and Cashew Butter products and Tahini and Roasted Blanched Peanut Products, manufactured between May 1, 2010 and September 24, 2012, because these products may be contaminated with Salmonella.","Sunland, Incorporated",Class I,Terminated,Voluntary: Firm initiated,National distribution under various brand names including all 50 U.S. States with some international distribution Hong Kong.,"Best-If-Used-By Dates between March 1, 2011 and September 24, 2013.",Food,Portales,NM,United States,20120924,20121023,20121031,63257
F-2258-2019,"Fudge Brownie Cookie, net wt. 2 oz.  The product was distributed frozen and has a 5-day shelf life after being defrosted at the stores.    The label is read in parts: ""***Fudge Brownie Cookie*** Ingredients:  Evaporated cane juice, sunflower oil, almond milk, cocoa powder, chocolate chips, sorhgum flour, tapioca flour, flax meal, vanilla, baking powder, salt***Gluten-Free ***Vegan Foods ***Made by: Whole Flower Farms 29190 hwy 34 Corvallis, OR***"".",Fudge Brownie Cookie product is recalled due to undeclared soy lecithin.,Whole Flower Farms LLC,Class II,Terminated,Voluntary: Firm initiated,distributed in Oregon.,9/6/19  This date represents the production date.,Food,Corvallis,OR,United States,20190917,20190930,20191009,83829
F-0634-2021,Clio No Added Sugar Yogurt Bar Mixed Berry / Peach  50g x 16 (12pc tray). UPC Code: 854021008220,Possible metal fragments in Yogurt Bars,Clio LLC,Class II,Terminated,Voluntary: Firm initiated,Distributed nationwide,110PB1132021 7/4/2021  110PB113PP2021 7/4/2021  110PB114PP2021 7/4/2021  111PB1142021 7/4/2021  117PB1162021 7/4/2021  117PB116PP2021 7/4/2021,Food,Piscataway,NJ,United States,20210515,20210528,20210609,87961
F-2613-2015,Blue Bell Ice Cream Chocolate Chip 3 Gallon,Five patients who were treated in a single hospital in Kansas were infected with one of four rare strains of Listeria monocytogenes.,"Blue Bell Creameries, L.P.",Class I,Terminated,Voluntary: Firm initiated,"FL, GA, SC, NC, VA, OH, KY, TN, AL, MS, IN, IL, MT, AR, LA, TX, Ok, KS, NM, CO, WY, AZ, NV and Bermuda, Belize, Saudia Arabia, Yemen, Oman, UAE, Qatar, Egypt, Jordan, Kuwait, Dominican Republic, Panama, Turks and Caicos, Haiti, Trinadad and Tobago, Puerto Rico, Chile, Peru, China, Mexico, Philippines, Tortola, St. Thomas and St. Croix, Anguilla, St, Kitts and Nevis, Montserrat, and Dominica",all lot codes within expiry,Food,Brenham,TX,United States,20150313,20150619,20150701,70738
F-0979-2018,Name: Trader Joe s Chocolate Chip Cookies SKU 68075  Net Weight: 12 oz. (340g)  Number of units per package: 16 cookies  Package type: Kraft paper bag,"Food & Beverage Inc., dba Chris's Cookies has initiated a recall of Trader Joe s Peanut Butter Sutter s Formula Cookies  (Trader Joes SKU 93307) that was packed in a Trader Joes branded Chocolate Chip Cookie bag, and sent out as Chocolate Chip Cookies.      Please note the Chocolate Chip Cookie bag has a statement on the back that says:  MAY CONTAIN TRACES OF PEANUTS AND TREE NUTS , but since the wrong product packed is based almost completely in peanut this could represent a bigger risk for those who have peanuts allergies. Thus, prompting the firm to error on the side of public safety and initiate a recall.",Food and Beverage Inc.,Class II,Terminated,Voluntary: Firm initiated,"The product was distributed to the following states: CT, DC, DE, MA, MD, ME, NH, NJ, NY, PA,VA, RI, VT",Lot number: 2060; Sell by 031218 thru 031818,Food,Teterboro,NJ,United States,20180312,20180327,20180328,79527
F-0316-2020,"Veggie Pizza Mix, 2.5 lbs, packaged with a small generic white label on a plastic bag for foodservice use.  Contains broccoli florets, cauliflower florets and diced carrots.  Mix meant for putting on flat bread as RTE.",Products are being recalled because they may have the potential to be contaminated with Listeria monocytogenes,"Russ Davis Wholesale, Inc.",Class I,Terminated,Voluntary: Firm initiated,"The firm distributed products to foodservice establishments and retailers in IA, IL, IN, MI, MN, MT, ND, NE, SD, WI, WY.","UPC 795631819731, Sell by 10/10/19 to 11/10/19",Food,Wadena,MN,United States,20191105,20191211,20191127,84222
F-2745-2015,"Epi breads, 12"" French Sub-roll, 36 count per case, Epi breads, 12"" Unsliced French Hoagie, 45 count per case, and 7.75"" French Hoagie, 48 count per case per case, Lavoi Corporation, EPI Breads, 4710 West Ledbetter, Dallas, TX 75236",Undeclared allergen: Bread products were manufactured using raw material (wheat gluten) that was recalled due to undeclared peanut and/or tree nut residue.,Lavoi Corporation d/b/a/ Epi De France,Class II,Terminated,Voluntary: Firm initiated,"AL, AR, AZ, CA, CO, FL, GA, IL, IN, KS, LA, MN, MO, MS, NC, NE, NY, PA, OH, OK, OR, SC, TX, VA, TN UT, and WA.","Reference no. 10048, 10943 and 10947",Food,Atlanta,GA,United States,20150224,20150622,20150701,70581
F-1884-2014,"Jolly Time Microwave popcorn, Extra Butter, 3/3-oz bags/carton. The cartons are packaged 12-cartons/case. Individual carton - UPC 028190008477, on the 12 count case - UPC 10028190008474 and 48 ct shipper with UPC 128190488474    American Pop Corn Company, Sioux City, IA.",The product has the potential to be contaminated with stainless steel metal fragments.,American Pop Corn Co,Class II,Terminated,Voluntary: Firm initiated,"Distribution was made to CA, CO, FL, GA, IA, IL, KS, KY, MA, MI, MO, NE, NJ, NY, OH, OK, OR, PA, SD, TX, WA and WI.",Best By 03/31/15  (Julian date) 4090,Food,Sioux City,IA,United States,20140411,20140423,20140430,68002
F-2264-2017,"Refrigerated, ready-to-eat BAKED KIPPERED SALMON, in 8 oz. vacuum packages, UPC 0200000615659 -- KEEP REFRIGERATED 38 DEGREES or Below --- THE SMOKEHOUSE OF NY , MAMARONECK , NY 10543","The products have the potential to be contaminated with Listeria monocytogenes based on FDA sampling and analysis.  During an FDA inspection, an environmental sample (973983) was collected and submitted to NRL for analysis.  NRL's analysis revealed 37 out of 99 subs were positive for L. monocytogenes including both Zone 1 and Zone 2 locations.","The Smokehouse of New York, LLC.",Class I,Terminated,Voluntary: Firm initiated,"NY, NJ, CT, IL, AL, MN, MT",Lots 82 through 96 (listed on back of packaging) and Sell By Dates of  04/5-19/17,Food,Mamaroneck,NY,United States,20170407,20170530,20170607,76952
F-1090-2013,"40632,  SPECIALTY GRANNY GRAINS BLEND ( WHEAT BRAN, WHEAT, OATS , BARLEY, RYE),  DAKOTA SPECIALTY MILLING, INC., FARGO, ND ,  19 Net WT 40 LBS.",Some flour and flour blends produced at Dakota Specialty Milling have the potential to be contaminated with pliable metal wire mesh fragments from a defective flour sifter.,"Dakota Specialty Milling, Inc",Class II,Terminated,Voluntary: Firm initiated,"AZ, AR, CA, GA, HI, IL, IN, KS, MA, MI, MN, MO, NY, ND, OH, PA, TN, TX, VA, WA, WI.",11161203  11191203,Food,Fargo,ND,United States,20130214,20130312,20130320,64368
F-0062-2013,"Springside Cheese, Cranberry Monterey Jack  Cheese,  55-0172,  V3, August 28, 2012,","Springside Cheese Corp. is recalling cheese produced on August 21, 2012 through September 1, 2012.  This voluntary recall has been initiated because the cheese has the potential to be contaminated with Giardia, a parasite, from an employee illness.",Springside Cheese Corp,Class II,Terminated,Voluntary: Firm initiated,"WI, CO",8.28.3,Food,Oconto Falls,WI,United States,20120907,20121010,20121017,63168
F-0104-2017,Maca,Triceutical Inc. has recalled all dietary supplements due to lack of good manufacturing practices.,Triceutical Inc./Zhang,Class III,Terminated,Voluntary: Firm initiated,"*Domestic* - FL, NY, PA, *International*- China","all lot numbers, all expiration dates",Food,Farmingdale,NY,United States,20141010,20161014,20161026,69241
F-1052-2020,"Little Salad Bar Garden, 12 oz, UPC 4099100082975, Iceberg lettuce, carrots & red cabbage","Ready to Eat salad products containing iceberg lettuce, red cabbage and/or carrot ingredients are recalled due to a possible health risk from Cyclospora.",Fresh Express Incorporated,Class II,Terminated,Voluntary: Firm initiated,"Domestic: Midwestern states of AR, CT, DC, DE, IA, IL, IN, KS, KY, MA, MD, ME, MI, MN, MO, MT, NC, ND, NE, NH, NJ, NY, OH, OK, PA, RI, SD, TN, VA, VT, WI, WV  Foreign: Canada","Product Code  Z122, Z125, Z126, Z128, Z129, Z130, Z132, Z133, Z134, Z135, Z136, Z139, Z140, Z141, Z142, Z143, Z144, Z145, Z148, Z149, Z150, Z153, Z154, Z155, Z156, Z157, Z158, Z160, Z161, Z162, Z163, Z164, Z165, Z167, Z168, Z169. USED BY  or Before 7/3/2020",Food,Windermere,FL,United States,20200619,20200804,20200722,85918
F-1740-2018,"CANDY DESSERT SHELL VANILLA PANIBOIS, 17 Ounce","Whole Foods Market, Inc. has initiated a recall of various bakery products  that was made in there Mid-Atlantic stores and sold between May 25th and July 13th which failed to declare soy flour (soy) as an ingredient.",Whole Foods Market Group Inc.,Class I,Terminated,Voluntary: Firm initiated,"These were made in house at Whole Foods Market locations, in the Mid Atlantic Region. No foreign accounts",24017200000,Food,Rockville,MD,United States,20180713,20180803,20180815,80528
F-1868-2014,"Peanut Butter sold under the following sizes, brands: HONEY CRUNCHY (55204) Peanut Butter in 16 oz tubs with snap on lid.","Various Peanut butters, cheese spreads, cold pack cheese, salsa, cheese balls/logs have the potential to be contaminated with Listeria monocytogenes.",Parkers Farm Inc,Class I,Terminated,Voluntary: Firm initiated,Nationwide.  No distribution outside the US.,Sell by Date before 3/20/2015,Food,Coon Rapids,MN,United States,20140321,20140416,20140423,67806
F-1463-2019,"National Heartland Naturals Premium Quality Pearl Barley  32 oz Plastic Bag, UPC 707966600083","Product was labeled as gluten free by mistake, but the product does contain Gluten.","Bedessee Imports, Inc",Class II,Terminated,Voluntary: Firm initiated,NY & NJ,"196J1-32, JUNE 30,2022",Food,Brooklyn,NY,United States,20190531,20190617,20190626,82996
F-1511-2015,"Guava Sorbet, sold under Snoqualmie brand.  Product is sold in 3 gallon plastic tubs. No UPC.",Guava Sorbet is being recalled due to the potential to be contaminated with Listeria monocytogenes,Snoqualmie Gourmet Ice Cream,Class I,Terminated,Voluntary: Firm initiated,distributed nationwide,"Production date: January 1, 2014 through December 15, 2014.",Food,Snohomish,WA,United States,20141221,20150701,20150708,70075
F-0405-2015,"Good Herbs, Inc., SAW PALMETTO, 4 oz bottle, 550 Oliver Dr Troy, MI 48084 The Quality Herb That Works",Products not manufactured under GMP's,"Good Herbs, Inc.",Class II,Terminated,Voluntary: Firm initiated,"National: AZ, CA, CT, FL, IN, ME, MI, MO, MS, NC, NH, NY, OH, OR, RI, TX, VA & WY  International: None reported","All Lots distributed on or after October 17, 2013",Food,Troy,MI,United States,20140505,20141030,20141105,68422
F-3319-2017,"B93756, BREADER X1@, NET WT 40 LBS, Manufactured By: Newly Weds Foods, Inc., Chicago, IL 60639",Product may contain undeclared milk.,Newly Weds Foods Inc,Class II,Terminated,Voluntary: Firm initiated,"Nationwide, Mexico, Canada",Product #B93756; Lot #WN011217E;  WN020817D;  WN031117E;  WN033117D,Food,Chicago,IL,United States,20170503,20170817,20170726,77194
F-1668-2019,"CHOBANI KEY LIME BLENDED LOW FAT GREEK YOGURT - 5.3OZ, UPC:1829001271",Products were not held at an appropriate temperature due to a mechanical malfunction during transportation.,"C & S Wholesale Grocers, Inc.",Class II,Terminated,Voluntary: Firm initiated,"Two Target Stores 1. 98 Veterans Memorial Highway in Commack, New York 2. 160 North Research Place in Central Islip, New York","Exact codes are unknown. The product being recalled was sold on June 17, 2019 at Target Stores in Commack, NY and Central Islip, NY.",Food,Westfield,MA,United States,20190617,20190724,20190731,83178
F-2345-2014,FISH FAMILY FARM INC. & & Shadow Valley Farm brand CHOCOLATE MILK GRADE A PASTEURIZED HOMOGENIZED in a glass half-gallon container,Milk products and cream products may be contaminated with peanuts and tree nuts (pistachio).,Fish Family Farm,Class II,Terminated,Voluntary: Firm initiated,Shadow Valley Farm product distributed to retail stores in CT and MA.  Fish Family Farm Brand Products were only sold at the firm's retail store.,Sell by 6/23/14,Food,Bolton,CT,United States,20140612,20140821,20140827,68538
F-1655-2016,"Frozen chopped onions labeled as:    a) Kroger(R) CHOPPED ONIONS, RECIPE BEGINNINGS(R), NET WT 12 OZ (340g), UPC 11110 89791, DISTRIBUTED BY THE KROGER COMPANY, CINCINNATI, OH 45202    b) PICTSWEET(R) Chopped Onions, recipe helper, NET WT 10 OZ (283g), UPC 70560 96609, DISTRIBUTED BY THE PICTSWEET COMPANY, BELLS, TN 38006",Products contain onions which were recalled for the possibility of Listeria monocytogenes contamination.,The Pictsweet Company,Class I,Terminated,Voluntary: Firm initiated,Nationwide,"a) UPC 11110 89791: Lot Codes:  0896BG, 0896BH, 0896BJ, 0896BK, 0896KA, 0896KB, 0956BA, 0956BB, 0956BC, 0956BD, 0956BG, 0956BJ    b) UPC 70560 96609: Lot Codes:  0826BA, 0826BB, 0826BC, 0826BD, 0826BE, 0826BF, 0826BG, 0826BH, 0906BA, 0906BB",Food,Bells,TN,United States,20160409,20160707,20160713,73853
F-1745-2024,Spice Class brand Ground Cinnamon packed in 7oz and 11oz PET jars,"Product contains elevated levels of lead (2,040ppb).",American Spice LLC,Class II,Terminated,Voluntary: Firm initiated,New York,Expiration date: 12/2026,Food,Jamaica,NY,United States,20240528,20240823,20240904,95061
F-1725-2017,"The product is packaged in a white plastic bottle with green lettering. The label reads in part ""LIFE RISING DHZC-2, blood circulation regulator (lower abdomen), Chinese Herbal Supplement, 60 tablets, life rising to higher well being"", UPC: 616042102727",The dietary supplement contains lead.,Life Rising Corp                                    S,Class I,Terminated,Voluntary: Firm initiated,"This product was shipped to IL, OK, FL, WI, MI, CA, MD, AR and CO. The firm did not ship any product to foreign consignees.",All lot codes,Food,Chicago,IL,United States,20160801,20170324,20170405,74929
F-0346-2024,"Cross Valley Farms 4/5 LB CTN FRESH 1/8"" SLIVERED YELLOW ONIONS W/ZIPPER",Potential contamination with Salmonella Thompson,"Gills Onions, LLC",Class I,Terminated,Voluntary: Firm initiated,"Distributors in Canada   AB, BC, NB, NS, ON; and the United States   AZ, CA, CO, CT, FL, GA, IA, ID, IL, IN, KY, LA, MA, MD, ME, MI, MN, MO, MS, MT, NC, ND, NE, NM, NV, OH, OK, OR, PA, SC, TN, TX, UT, VA, WA and WI.",Product 6514182006CV; Finished product lots: 223YAC2A1P205 223YAC2A2R202 223YAM4A1P220 223YAM4B1P213 223YAS3A1P207 223YAS3A1P209 223YAS3A1P215 223YAS3A1P219,Food,Oxnard,CA,United States,20231023,20231108,20231115,93290
F-2254-2015,"Poco Dolce Bittersweet Chocolate:  Ginger Tile, sea salt topped;  0.6 oz (17 grams)  San Francisco CA.  Ingredients:  Bittersweet Chocolate (Chocolate Liquor, Sugar, Cocoa Butter, Butter, Soy Lecithin, Pure Vanilla) Ginger, Sugar, Grey Sea Salt. May contain traces of peanuts, tree nuts or milk proteins.",California Department of Public Health conducted and inspection of the firm and found that milk was missing from the label as an ingredient of butter.,"Poco Dolce Confections, Inc.",Class II,Terminated,Voluntary: Firm initiated,"CA, AZ, CO. CT, DC, FL, GA, IL, MA, MD, MD, MI, NJ, NM, NY, OR, PA, UT and WA",No codes,Food,San Francisco,CA,United States,20150501,20150512,20150520,71144
F-0587-2016,"Filled Long Johns 9999954006,  540062, 28 per bulk tote.","Kwik Trip, Inc. is recalling various bakery goods which might be contaminated with pieces of  plastic due to using plastic contaminated ice nuggets as an ingredient.",Kwik Trip Bakery,Class II,Terminated,Voluntary: Firm initiated,"WI, MN, IA",All lots manufactured prior to but not including 01/13/2016.,Food,La Crosse,WI,United States,20160113,20160212,20160224,73081
F-0881-2023,"Smoked Mahi Dip, Net Wt. 8oz and 48oz",Undeclared Yellow #5,Borris Brothers,Class II,Terminated,Voluntary: Firm initiated,U.S. distribution within state of Florida. No foreign distribution.,Batch #3-401,Food,Miami,FL,United States,20230413,20230511,20230517,92215
F-0523-2021,"Newly Weds B70731 bread crumbs X1, 25lbs bag",Foreign material,Newly Weds Foods Inc,Class II,Terminated,Voluntary: Firm initiated,"Manufacturers and distributors located in ALABAMA, ARKANSAS, CALIFORNIA, CONNECTICUT, FLORIDA, GEORGIA, ILLINOIS, IOWA, KANSAS, LOUISIANA, MISSISSIPPI, MISSOURI, NEW YORK, TENNESSEE, TEXAS, VIRGINIA, and MEXICO.",Lot numbers:  MS040421J,Food,Chicago,IL,United States,20210427,20210518,20210526,87840
F-0521-2021,"Newly Weds B70709 breader crumbs X3, 40lbs bag",Foreign material,Newly Weds Foods Inc,Class II,Terminated,Voluntary: Firm initiated,"Manufacturers and distributors located in ALABAMA, ARKANSAS, CALIFORNIA, CONNECTICUT, FLORIDA, GEORGIA, ILLINOIS, IOWA, KANSAS, LOUISIANA, MISSISSIPPI, MISSOURI, NEW YORK, TENNESSEE, TEXAS, VIRGINIA, and MEXICO.",Lot numbers:  MS040321J,Food,Chicago,IL,United States,20210427,20210518,20210526,87840
F-2767-2017,"HFS 10/6lb Crunchy Row Breaded Cod Rectangles 3 oz.,  Item Number: 10002800",Product may contain undeclared milk.,High Liner Foods Inc.,Class II,Terminated,Voluntary: Firm initiated,Nationwide,Lot Number: 0047038220; 0047121120; 0047009121,Food,Portsmouth,NH,United States,20170609,20170815,20170823,77489
F-3606-2017,"Tri-Pepper Dice, 6-oz. packaged in a clamshell and Dice Tri-Pepper, 7-oz. packaged in a clamshell",Potential contamination with Listeria monocytogenes.,"Country Fresh Products, LLC",Class I,Terminated,Voluntary: Firm initiated,"Alabama, Florida, Georgia, Louisiana, and Mississippi",Use by date range 8/12-19/2017 and Use by date range 8/13-20/2017,Food,Houston,TX,United States,20170902,20170928,20171004,78071
F-1563-2023,"100 vegetarian  Fenugreek Capsules 90 count, 600mg, packaged in 150cc Amber Glass Packer  with White Polypropylene Cap.",Foreign material: pieces of a pen (writing utensil).,"Vitality Works, Inc",Class II,Terminated,Voluntary: Firm initiated,"55 Retail customers, representing 284 individual stores.  All customers are located within the United States. There is no foreign distribution. There is no distribution to US Government agencies or departments. Distribution is by small parcel shipper (UPS, FedEx).  Distribution Chain Notification Date: August 24, 2023",Lot 2023-06871  (Lot numbers are generated by our ERP system and use the 4-digit year followed by a 5-digit sequential number.) Expires: 07/2028 Bottom Code: FENUGRK PCAP 202306871 EXP 07/28,Food,Albuquerque,NM,United States,20230822,20230922,20231004,92936
F-0746-2019,"ASK Foods Inc. Naturally Creative Firecracker Slaw, 3.75 lb. Bulk Container sold from the deli",Products recalled due to potential contamination with Listeria monocytogenes or Salmonella.,ASK Foods Inc,Class II,Terminated,Voluntary: Firm initiated,"Product Distributed in the following States AL, AK, CT, DL, FL, GA, IL, ID, KT, LA, MD, MA, MI, NJ, NY ,NC , OH, PA, SC, TN, VA, WV",2852-734,Food,Palmyra,PA,United States,20181023,20181220,20181226,81465
F-0533-2016,Masago Lake Smelt Roe  6 oz.  UPC Code:4866010101,Product contains undeclared soy and wheat.,Ocean Group Inc.,Class I,Terminated,Voluntary: Firm initiated,U.S. distribution in CA only (Los Angeles and San Diego).  No foreign distribution.,N/A,Food,Los Angeles,CA,United States,20151216,20160202,20160210,72907
F-2693-2015,DZ Lime Fruit Bar - Single Serve Snack; 6 Pak Lime Fruit Bars,Five patients who were treated in a single hospital in Kansas were infected with one of four rare strains of Listeria monocytogenes.,"Blue Bell Creameries, L.P.",Class I,Terminated,Voluntary: Firm initiated,"FL, GA, SC, NC, VA, OH, KY, TN, AL, MS, IN, IL, MT, AR, LA, TX, Ok, KS, NM, CO, WY, AZ, NV and Bermuda, Belize, Saudia Arabia, Yemen, Oman, UAE, Qatar, Egypt, Jordan, Kuwait, Dominican Republic, Panama, Turks and Caicos, Haiti, Trinadad and Tobago, Puerto Rico, Chile, Peru, China, Mexico, Philippines, Tortola, St. Thomas and St. Croix, Anguilla, St, Kitts and Nevis, Montserrat, and Dominica",all lot codes within expiry,Food,Brenham,TX,United States,20150313,20150619,20150701,70738
F-2242-2012,"Finest Traditions Blue Cheese Potato Salad, 8 lb., 10 733147 10137 4","Recalled salads, slaw, salsa, bean and dips contained onions that were recalled by Gills Onions due to potential Listeria monocytogenes contamination.","Garden-Fresh Foods, Inc.",Class I,Terminated,Voluntary: Firm initiated,AZ  CA  FL  IA  IL  IN  MA  MI  MN  MO  OH  PA  TX  WI,"38760, 08/01/12-08/08/12          Acme Homestyle Potato Salad, 4209, 8/14/2012-8/17/2012",Food,Milwaukee,WI,United States,20120727,20120907,20120919,62707
F-2949-2017,"Dierbergs Kitchen, Grilled Chicken Caesar Wrap, NET WT. 10 oz, UPC 0 233983 804994",Undeclared anchovy in wraps.,"Dierbergs Markets, Inc Corporate Office",Class I,Terminated,Voluntary: Firm initiated,Product was distributed to the firm's retail grocery stores in eastern Missouri and western Missouri.,7/2/17 and earlier.,Food,Chesterfield,MO,United States,20170628,20170727,20170802,77665
F-0339-2017,"Muscle Milk 14 oz, 25 g protein.  Vanilla Creme    UPC (case):  8-76063-00222-6;    UPC (unit):  8-76063-00202-8",Products recalled due to premature spoilage (swelled containers & foul odor).,"H.P. Hood, LLC",Class II,Terminated,Voluntary: Firm initiated,"USA, Canada, Australia and south Africa","HP Hood lot numbers: A15335, B15336, A16008, B16009, B16042, C16043  A16046, A16059, A16060, B16061, B16105, C16106, C16127, D16128  A16157, B16158, B15350, C16046, A15349, C16102, C16135, D16136  C16158",Food,Sacramento,CA,United States,20160609,20161107,20161116,74394
F-0288-2014,"Reser's Homestyle Recipe Potato Salad with Egg, Formula PO.81, packaged  in 2/8-lb carton cases. Reser's Fine Foods, Inc., Beaverton, OR.",The recalled products are potentially contaminated with Listeria monocytogenes.,"Reser's Fine Foods, Inc.",Class I,Terminated,Voluntary: Firm initiated,"Distribution was made to AL, AR, AZ, CA, CO, CT, DE, FL, GA, HI, IA, IL, IN, KS, KY, LA, MA, MD, ME, MI, MO, MS, NC, NE, NH, NJ, NM, NV, NY, OH, OK, OR, PA, SC, SD, TN, TX, VA, WI, WV AND WY.   Distribution was also made to Canada.",Use by dates 10/11/13-11/29/13.,Food,Beaverton,OR,United States,20131022,20131224,20140101,66563
F-1459-2019,"Regal's Fundraising Cookies: Cornflake flavor.  Net Weight 12 oz. (340 grams).    All varieties have the same ingredient list:  Flour, Sugar, Cotton Seed Oil, Butter Blend, Chocolate Chips, Salted Butter, Vanilla Extract, Salt, Baking Soda.    Regal Foods,  Honolulu, HI  www.regalfoodsusa.com","FDA inspection found that allergen sub ingredients are not declared on the label - wheat, soy, milk.",Regal Food Inc./dba The Pizza Shop,Class II,Terminated,Voluntary: Firm initiated,HI only - island of Oahu,all manufacturing codes - i.e.05/02/19,Food,Honolulu,HI,United States,20190515,20190614,20190626,82877
F-0369-2013,"Sunland Creamy Peanut Butter with Sea Salt, 40 oz, UPC 4868709915, Gluten Free, Produced by Sunland Inc, Portales, NM 88130.","Sunland, Inc. is conducting a voluntary limited recall of its Almond, Peanut, and Cashew Butter products and Tahini and Roasted Blanched Peanut Products, manufactured between May 1, 2010 and September 24, 2012, because these products may be contaminated with Salmonella.","Sunland, Incorporated",Class I,Terminated,Voluntary: Firm initiated,National distribution under various brand names including all 50 U.S. States with some international distribution Hong Kong.,"Best-If-Used-By Dates between May 1, 2011 and September 24, 2013.",Food,Portales,NM,United States,20120924,20121023,20121031,63257
F-0412-2019,Internal Cleansing Kit Peppermint,"Routine quality testing identified elevated levels of lead above applicable 2232 levels, which may pose potential health risks to a portion of the population.",NUTRANEXT BUSINESS LLC,Class II,Terminated,Voluntary: Firm initiated,US and Foreign Consignees only. No government consignees.,Batch #  SC69  SC69  SC68  SC69  SC68  SC68  SC65  SC66  SC65  SC65  SC629  SC613  SC607  SC587  SC583  SC576  SC566  SC560  SC556  SC543  SC532  SC527  SC519  SC507,Food,Sunrise,FL,United States,20181001,20181108,20181114,81215
F-0683-2018,"Condies Foods Fresh Fruit, Item Number 40781, UPC  50777222655",Condies Foods is recalling Veggie Cups due to undeclared milk and egg.,"Condies Foods, Inc.",Class I,Terminated,Voluntary: Firm initiated,"Distributed to Coremark's 124 stores around the region (Nevada, Arizona, Idaho, Wyoming, Colorado, Nebraska, Utah).","USE THRU 01/05/2018,",Food,Kearns,UT,United States,20180102,20180130,20180131,78866
H-0076-2025,"Nature Mills Vallarai Rice Mix, 200g",Undeclared  wheat allergens,NatureMills US Incorporated,Class II,Terminated,Voluntary: Firm initiated,Product is distributed throughout the USA via the firm's website.,VRMIXG (Best By OCT-2025) VRMXIIG (Best By JAN-2026) VRMVH (Best By JUN-2026),Food,Prosper,TX,United States,20250513,20250625,20250702,96878
F-2632-2017,HLSC 12/10oz Summer Herb Crusted Cod Item Number:    1029449,Product may contain undeclared milk.,High Liner Foods Inc.,Class II,Terminated,Voluntary: Firm initiated,Nationwide,Lot Number: 0027056190; 0027056290; 0027114190; 0027115290,Food,Portsmouth,NH,United States,20170609,20170815,20170823,77489
F-1110-2018,"Kitchen's Cravings Egg Salad Sandwich on Oat Multigrain Bread.  Net Wt. 5.5 oz. (156g),  Black bottom clear top plastic clamshell container, UPC 39779-00079   Keep Refrigerated.",Kwik Trip is recalling Kitchen's Cravings Premium Egg Salad Sandwich on Oat Multigrain Bread because it may contain undeclared fish and shellfish.,"Kwik Trip, Inc.",Class I,Terminated,Voluntary: Firm initiated,"IA, MN, WI","Sell By dates:  3/25/18, 3/26/18, 3/27/18, 3/28/18, 3/29/18",Food,La Crosse,WI,United States,20180323,20180419,20180425,79632
F-2198-2017,"SJ TACO Net Wgt: 44.5 LBS INGREDIENTS: Spices including Chili Pepper, Garlic Powder, Sugar, Paprika***Wheat Flour***CONTAINS: SOY, WHEAT spicetec¿ FLAVORS & SEASONINGS 6 Santa Fe Way Cranbury, NJ 08512 (800) 345-7742",During an internal investigation the firm discovered that an ingredient used in various spices may contain Salmonella.,Givaudan Flavours Corp,Class II,Terminated,Voluntary: Firm initiated,"Product was shipped to IL, OH & MO","Item 615040000, Lot #1702394843 PRODUCTION DATE 1/25/2017",Food,Cincinnati,OH,United States,20170327,20170505,20170517,76865
F-0441-2015,"Good Herbs, Inc., WELLNESS PLUS, 1 oz bottle, 550 Oliver Dr Troy, MI 48084 The Quality Herb That Works",Products not manufactured under GMP's,"Good Herbs, Inc.",Class II,Terminated,Voluntary: Firm initiated,"National: AZ, CA, CT, FL, IN, ME, MI, MO, MS, NC, NH, NY, OH, OR, RI, TX, VA & WY  International: None reported","All Lots distributed on or after October 17, 2013",Food,Troy,MI,United States,20140505,20141030,20141105,68422
F-1517-2023,"Power Snacks Honey Roasted Sunflower Kernels, Net Wt 1 oz; UPC 076500722025",Potential to contain undeclared soy and/or wheat allergen due to mislabeling.,Mount Franklin Foods LLC DBA Azar Nut Co.,Class II,Terminated,Voluntary: Firm initiated,Nationwide,"Best Used By: 3/21/2024, 3/23/2024, 3/24/2024, 3/26/2024, 3/27/2024, 4/4/2024, 4/5/2024, 4/6/2024, 4/7/2024, 4/11/2024, 4/12/2024, 4/13/2024, 6/12/2024",Food,El Paso,TX,United States,20230816,20230915,20230927,92844
F-2690-2015,DZ Coconut Bar- Single Serve Snack and 6 Pak Coconut Fruit Bars and 6 Pak Dipped Coconut Fruit Bars,Five patients who were treated in a single hospital in Kansas were infected with one of four rare strains of Listeria monocytogenes.,"Blue Bell Creameries, L.P.",Class I,Terminated,Voluntary: Firm initiated,"FL, GA, SC, NC, VA, OH, KY, TN, AL, MS, IN, IL, MT, AR, LA, TX, Ok, KS, NM, CO, WY, AZ, NV and Bermuda, Belize, Saudia Arabia, Yemen, Oman, UAE, Qatar, Egypt, Jordan, Kuwait, Dominican Republic, Panama, Turks and Caicos, Haiti, Trinadad and Tobago, Puerto Rico, Chile, Peru, China, Mexico, Philippines, Tortola, St. Thomas and St. Croix, Anguilla, St, Kitts and Nevis, Montserrat, and Dominica",all lot codes within expiry,Food,Brenham,TX,United States,20150313,20150619,20150701,70738
F-0370-2013,"Sunland Creamy Peanut Butter, 12 oz, UPC 4868726910; 5 lb UPC 22704; 40 lb UPC 22705; 40 lb UPC 22725; 500 lb UPC 26527; 18 oz UPC 4868726909; 15 lb 4868732722; 500 lb UPC 36527; 30 lb UPC 47730; 40 lb UPC 081725; 35 lb UPC 4868786724; 50 lb UPC 086301.  Produced by Sunland Inc, Portales, NM 88130","Sunland, Inc. is conducting a voluntary limited recall of its Almond Butter and Peanut Butter products, manufactured between May 1, 2010 and September 24, 2012, because these products may be contaminated with Salmonella.","Sunland, Incorporated",Class I,Terminated,Voluntary: Firm initiated,National distribution under various brand names including all 50 U.S. States with some international distribution Hong Kong.,"Best-If-Used-By Dates between May 1, 2011 and September 24, 2013.",Food,Portales,NM,United States,20120924,20121023,20121031,63257
F-3212-2015,"Beet + Grapefruit Shrub Sorbet Pint Case, 205, Jeni's Splendid Ice Creams, LLC, pint size, plastic container, 8 pints per case, frozen.    Beet + Grapefruit Shrub Ssorbet Pint, Jeni's Splendid Ice Creams, LLC, pint size, plastic container, individually packed, frozen.",Product may be contaminated with Listeria monocytogenes.,Jeni's Splendid Ice Creams LLC,Class I,Terminated,Voluntary: Firm initiated,"National: AZ, CA, CO, CT, DE, FL, GA, IA, IN, KY, NH, NY, OH, OR, PA, TX, WA & WI. International: None reported.","All lots distributed were between July 1, 2013 and April 22, 2015.",Food,Columbus,OH,United States,20150422,20150909,20150916,71170
F-1135-2018,"ITALIAN ROSE GARLIC SPREAD, Gluten Free, NET WT. 35 LB (16 kg), www.italian-rose.com, Riviera Beach, FL 33404","During a FDA inspection, it was disclosed that the firm is not documenting the mixing time of the product nor is pH monitoring for each kettle/batch mixed being conducted. The product is a shelf stable garlic spread.","Italian Rose Garlic Products, LLC",Class III,Terminated,Voluntary: Firm initiated,Florida consignees only.,"P-1-06517-6A, Exp Date 03/06/2018; P-1-06717-6A, Exp Date 03/08/2018;  P-1-07417-7A, Exp. Date 03/15/2018; P-1-11717-11A, Exp Date 04/27/2018; P-1-12417-4A, Exp Date  05/04/2018; P-1-12917-4A, Exp Date 05/09/2018; P-1-15617-4D, Exp Date 06/05/2018; P-1-18017-4A, Exp Date 06/29/2018; P-1-20517-3A, Exp Date 07/24/2018; P-1-21317-1A, Exp Date 08/01/2018; P-1-25717-8A, Exp Date 9/14/2018; P-1-29417-1A, Exp. Date 10/21/2018; P-1-34317-3A, Exp Date 12/09/2018; P-1-35417-1A, Exp Date 2/20/2018; P-1-03218-5A, Exp Date 02/01/2019; P-1-05018-4A, Exp Date 02/19/2019",Food,Riviera Beach,FL,United States,20180406,20180426,20180502,79823
F-1172-2019,"DAHlicious ORGANIC Lassi India -Style DRINKABLE YOGURT, Grassland Plain, , 32 FL OZ (946 mL), UPC: 7 93573 01459 7",Product was improperly pasteurized.,DAHLICIOUS,Class II,Terminated,Voluntary: Firm initiated,XX,Lot: 2018317-1,Food,Leominster,MA,United States,20181211,20190315,20190327,81737
F-0399-2025,"14019 Cucumber Select 6 CT, 01034 Cucumber Select 5# packaged in polybags Dairyland Produce, LLC",Cucumbers have the potential to be contaminated with Salmonella,HARDIES FRESH FOODS,Class I,Terminated,Voluntary: Firm initiated,Texas,PRODUCT DESCRIPTION LOT CUCUMBER SELECT                  5# X2377626 CUCUMBER SELECT                  5# X2377665 CUCUMBER SELECT                  5# X2378321 CUCUMBER SELECT                  5# X2378322 CUCUMBER SELECT                  5# X2378323 CUCUMBER SELECT                  5# X2378451 CUCUMBER SELECT                  5# X2378845 CUCUMBER SELECT                  5# X2378846 CUCUMBER SELECT                  5# X2378878 CUCUMBER SELECT                  5# X2378986 CUCUMBER SELECT                  5# X2379632 CUCUMBER SELECT                  5# X2380656 CUCUMBER SELECT                  5# X2381011 CUCUMBER SELECT                  5# X2381079 CUCUMBER SELECT                  5# X2381084 CUCUMBER SELECT                  5# X2381089 CUCUMBER SELECT                  5# X2381311 CUCUMBER SELECT                  5# X2381629 CUCUMBER SELECT                  5# X2381657 CUCUMBER SELECT                  5# X2381669 CUCUMBER SELECT                  5# X2381684 CUCUMBER SELECT                  5# X2382260 CUCUMBER SELECT                  5# X2382301 CUCUMBER SELECT                  5# X2382330 CUCUMBER SELECT                  5# X2382712 CUCUMBER SELECT                  5# X2383350 CUCUMBER SELECT                  5# X2383437 CUCUMBER SELECT                  5# X2384557 CUCUMBER SELECT                  5# X2384586  CUCUMBER SELECT                6 CT X2377074 CUCUMBER SELECT                6 CT X2379602 CUCUMBER SELECT                6 CT X2381000 CUCUMBER SELECT                6 CT X2381080 CUCUMBER SELECT                6 CT X2383400 CUCUMBER SELECT                6 CT X2384557 CUCUMBER SELECT                6 CT X2384587,Food,Austin,TX,United States,20241127,20250114,20250122,95905
F-0615-2016,"Mung bean sprouts packaged in 10 lb., 15 lb., and 30 lb. plastic bags.",Listeria monocytogenes was found in the mung bean sprouts and the area where the sprouts are produced.,Wholesome Soy Products,Class I,Terminated,Voluntary: Firm initiated,US: IL,There are no product or production codes associated with these products.,Food,Chicago,IL,United States,20140829,20160217,20160224,69702
F-0480-2015,"Endurance Daily Vanilla Dietary Supplement  Packaged under the label:  Stronger Faster Healthier and Mainer Whey  Packaged in: 2 lb (32 oz), 10 oz. and 30 gram sizes",Protein supplement fails to declare allergen milk,"Maine Natural Health, Inc.",Class I,Terminated,Voluntary: Firm initiated,Nationwide,All lots codes that fail to declare the allergen  milk,Food,Warren,ME,United States,20120921,20141112,20141119,63260
F-1101-2019,Klaire Labs Melatonin Lozenge Formula  Fast Dissolving 1 mg tablets;  Packed in a 75 cc HDPE Bottle  60 Tablets  UPC: 8 28054 17845 8;  SKU: ML1,Small quantity of product labeled as Melatonin Lozenge Formula were filled with L-Theanine.,"ProThera, Inc. dba SFI USA",Class III,Terminated,Voluntary: Firm initiated,One customer in KS.,FG Lot 2018410057;  Expiration Date 8/2020,Food,Reno,NV,United States,20190117,20190227,20190306,82010
F-0003-2020,"QQ Fish brand Mushroom Fish Ball, 200g","Products contain undeclared allergen, specifically egg.",Great One Trading Inc.,Class I,Terminated,Voluntary: Firm initiated,"Products were distributed in: MA, PA, CT",UPC: 8 886325 910123; Exp: 01/19/2020,Food,Brooklyn,NY,United States,20190822,20191002,20190918,83624
F-0729-2025,"Spermidine, Maximum Strength, 10 mg per serving, Support healthy Aging, Dietary Supplement, 120 Capsules, oral consumption, shelf life: 24 months, PETE/White/150cc Plastic bottle/lid, 120 count.Supplement Facts: Spermidine 3HCL 10mg*** Other Ingredients: Hydroxypropyl Methylcellulose, Rice Flour",Undeclared allergen: Wheat,Supplement Manufacturing Partner Inc.,Class I,Terminated,Voluntary: Firm initiated,Product was distributed throughout the United States and Germany.,Lot 12792402-44,Food,Largo,FL,United States,20250404,20250422,20250430,96657
F-1641-2019,"CALIFIA FARMS XX ESPRESSO COLD BREW COFFEE - 48 FL OZ, UPC: 5290900349",Products were not held at an appropriate temperature due to a mechanical malfunction during transportation.,"C & S Wholesale Grocers, Inc.",Class II,Terminated,Voluntary: Firm initiated,"Two Target Stores 1. 98 Veterans Memorial Highway in Commack, New York 2. 160 North Research Place in Central Islip, New York","Exact codes are unknown. The product being recalled was sold on June 17, 2019 at Target Stores in Commack, NY and Central Islip, NY.",Food,Westfield,MA,United States,20190617,20190724,20190731,83178
F-1859-2017,"artisanal cheese VULTO Creamery HANDMADE CHEESE, Walton Umber, NET WT. 4 lbs",Listeria monocytogenes contamination,Vulto Creamery,Class I,Terminated,Voluntary: Firm initiated,"Nationwide with most being sold at retail locations in the Northeastern and Mid-Atlantic States, California, Chicago IL, Portland Oregon and Washington, DC.",all lots,Food,Walton,NY,United States,20170303,20170404,20170412,76649
F-2187-2015,"Apricot Filled Cookie OTC  Sell By: (all dates up to) 3/23/2015  Net WT. 1 OZ  Contains:Egg, Wheat, Soy  ;   Cookies affected are only sold direct from bakery counter and packaged at time per customer request and packed either in clam shell plastic or wax paper.  ;   Net Weight on label may differ depending on number of cookies a customer requested. Net Weights listed above are for 1 cookie.","On 3/20/2015, it was discovered that the labels for Apricot Filled Cookie, served over the counter at retail Eagle and affiliate stores, did not declare the milk allergen. Milk was not included on the labels which state ""contains: egg, wheat, soy.""","Giant Eagle, Inc.",Class I,Terminated,Voluntary: Firm initiated,MD OH PA WV,all dates up to 3/23/2015,Food,Pittsburgh,PA,United States,20150320,20150604,20150610,70792
F-0066-2015,"OSCAR'S SMOKE HOUSE GARLIC CHEDDAR SPREAD, NET WT 7 OZS, keep refrigerated.  Distributed by: Oscar's Smoke House Warrensburg, NY 12885.",Products were recalled due to potential Listeria monocytogenes contamination.,"Oscar's Hickory House, Inc.",Class I,Terminated,Voluntary: Firm initiated,Nationwide through internet mail order sales and to NY retail stores,lot numbers: 719-959,Food,Warrensburg,NY,United States,20140326,20141022,20141029,67843
F-0046-2013,"Harris Teeter, Stuffed Tilapia 8ct (Fresh)",Products were manufactured with diced onions that were recalled due to Listeria monocytogenes contamination.,3fish Inc.,Class I,Terminated,Voluntary: Firm initiated,NC and SC,"Item #79203, Lot #22YAW1A1235 (Diced Yellow Onions)",Food,Gastonia,NC,United States,20120907,20121009,20121017,63222
F-0693-2018,"Mary B's Thins , 22 Biscuits, NET WT. 28.3 oz (1LB 12.3 OZ) 810g",Products have the potential to be contaminated with Listeria monocytogenes.,Hom'ade Foods,Class II,Terminated,Voluntary: Firm initiated,US distribution only.,"All  Best If Used By  dates before September 23, 2018 and with the letter ""M"" immediately after the dates",Food,Bagdad,FL,United States,20180108,20180131,20180207,78927
F-1084-2016,"Almonds, dry roasted, not salted, packaged in 25 lb. cardboard cartons",Cashews were mixed with almonds but allergen was not declared on outside packaging.,"Specialty Commodities, Inc.",Class II,Terminated,Voluntary: Firm initiated,"CO, AZ, and CA. See distribution spreadsheet in the attached email.",Item number ALMO-033; Manufacturer lot number 1050188-1-16007 (on container label); Warehouse lot number LV0206674,Food,Fargo,ND,United States,20160301,20160420,20160427,73467
F-1243-2024,Sysco Classic Riced Cauliflower packed in a 4lb plastic bag (6 units of 4 lb. per carton box).,Riced Cauliflower tested positive for Listeria monocytogenes.,"CN Frozen Foods, INC",Class II,Terminated,Voluntary: Firm initiated,Product was only sold in Texas.,Manufacture #: 30.05.2023  Best Buy Date: 05/2025 Reorder #: 5087729,Food,Coral Gables,FL,United States,20240427,20240515,20240522,94530
F-1503-2012,"KERRY, CULTURED NF BUTTERMILK 986, CODE 031001.010,  CONTAINS MILK,  Item # I2868.465 ,  Net Wt 50 Lb (22.68 Kg)",Kerry has decided to voluntarily recall its lactic acid containing products because they are contaminated with  metal fragments.,Kerry Foods,Class II,Terminated,Voluntary: Firm initiated,"AZ, CA, MN, NV, NC, OR, IL, IN, MO, NE, OH, PA, TN, TX, WI.    CANADA, CHILE",0416205402  0417205401  0418205401,Food,Beloit,WI,United States,20120601,20120618,20120627,62019
F-0405-2024,The Sausage Maker Instacure #1,Contains Sodium Nitrite recalled for potential metal contamination,"The Sausage Maker, Inc.",Class III,Terminated,Voluntary: Firm initiated,online orders nationwide,Lot 30508DA010  Manf. 5/8/23 Cat No. 11-1013,Food,Buffalo,NY,United States,20230725,20231109,20231115,92770
F-1274-2019,"Impossible Foods Bulk, 5 lb. vacuum sealed plastic-pack.  Keep Frozen;  This is a plant product that is looks like and is used like ground beef.  UPC: (01) 00816697020036;  Item # 60-00010",Piece of plastic was found in bulk product.,Impossible Foods,Class II,Terminated,Voluntary: Firm initiated,"CA, MD, NV, WA, ID, UT, MT,","OAK-19-050-001;  Best is Used by June 19, 2019",Food,Oakland,CA,United States,20190321,20190410,20190417,82520
F-0043-2022,"Chocolate & the Chip  Boozy Banana Walnut:  Cookies: 4 oz / 114 grams per pack. Cookies are packaged in uniform pairs in a food grade clear resealable bag and label  Corrected Ingredients: Not provided    Labels found during the inspection had undeclared wheat, milk, soy sulfites. Firm had listed ingredients on packaging but what was missing were the sub ingredients and allergen containment.",Inspection by the California Department of Public Health found undeclared allergens in numerous bakery products.,Chocolate and the Chip,Class II,Terminated,Voluntary: Firm initiated,Nationwide distribution,"Product manufactured from July 1, 2021 to 9-30-21.",Food,Inglewood,CA,United States,20211005,20211020,20211027,88824
F-2346-2016,"Woodstock Farms Mfg. Cape Cod Cranberry Mix Net Wt. 25 Lbs.  Distributed by Woodstock Farms Mfg. Edison, NJ 08817  UPC C250575",Walnut pieces may be contaminated with Listeria monoctyogenes which was determined through Third Party Sampling.,United Natural Trading,Class I,Terminated,Voluntary: Firm initiated,nationwide,"Lot #16109, #16097  Best by 09/17/16",Food,Edison,NJ,United States,20160506,20160919,20160928,74089
F-0263-2023,"Pepper Collection 8 Tube Gift Set - a colorful assortment of dried peppers.  This product contains peppers in 8 different glass tube and packaged in a printed paperboard sleeve and are visible through a window in the sleeve. Net wt. is 4.87oz/138g. The UPC is 6 009686 793712.  Packed in South Africa. US Importer: Something South African, LLC Seattle WA 98199, Email: info@somethingsouthafrican.net.",Due to presence of mold (Aspergillus brasiliensis) and Ochratoxin A.,Something South African LLC,Class II,Terminated,Voluntary: Firm initiated,nationwide,BBE: JUN/2024. Batch: 494951 -T,Food,Marietta,GA,United States,20221212,20230113,20230125,91329
F-1902-2013,"Bean & Cheese Burrito Filling, 10 lb bags Labeled in part ""13210 B 1 77220 13:38 KEEP FROZEN BEAN & CHEESE BURRITO FILLING***INGREDIENTS: COOKED PINTO BEANS, WATER, CHEDDAR CHEESE***SOYBEAN OIL***STARCH-MODIFIED, ONIONS, CHEESE SAUCE BASE***CONTAINS LESS THAN 2% OF CHILI PEPPER, SALT, CHICKEN BASE***SODIUM PHOSPHATES, SPICE, CARAMEL COLOR DEHYDRATED, GARLIC, ANNATTTO EXTRACT.""  CONTAINS: Soy, Milk, Wheat JTM Food Group 200 Sales Dr. Harrison, OH 45030 Phone 800.626.2308.",Undeclared eggs in the product.  The firm was notified by their customer that the product contains pasta.  The pasta contains eggs which is not declared on the label.,JTM Provisions Co Inc,Class I,Terminated,Voluntary: Firm initiated,Product was shipped to one manufacturer in MN.,Lot #13210 B 1 77220 13:38,Food,Harrison,OH,United States,20130911,20130919,20130925,66262
F-0122-2013,"Ricotta Salata Frescolina Brand Soft Cheese.  Product is packaged in a retail package, wedge shaped, size ranges from 6-7 oz.    The product is labeled in parts: ""***Frescolina Ricotta Salata MARTE***IMPORTED BY FOREVER CHEESE,NY 11106***PRODUCT OF ITALY***""",Ricotta Salata Frescolina Brand Cheese is recalled due to the potential contamination with Listeria monocytonenes.,Floyd Peterson Company Inc.,Class I,Terminated,Voluntary: Firm initiated,"Product distributed to distributors, retailers, and restaurants in Oregon and Washington.","manufacturer codes 7022, 7212, 7272 and 7432.",Food,Auburn,WA,United States,20120910,20121016,20121024,63217
F-0950-2024,Quaker Chewy Bars Less Sugar Peanut Butter Chocolate Chip 8ct 6.7 oz. Bars are individually wrapped in plastic and then packaged in paperboard boxes.,potential Salmonella,The Quaker Oats Co.,Class II,Terminated,Voluntary: Firm initiated,"This product was distributed and sold nationally in all states, Puerto Rico, Guam, and Saipan, as well as outside of the United States.",Best Before of Aug-02-24 and any earlier date,Food,Danville,IL,United States,20231215,20240227,20240306,93631
F1583-2013,"""***DIETARY SUPPLEMENT 4HB STACK Bedtime***52 CAPLETS***MANUFACTURED EXCLUSIVELY FOR: Kirkland Science Labs 935 Jackson St #91810 Seattle, WA 98104-2818***"".","Customer reported that a product user complained that the caplets were not coated, making them difficult to swallow.","Florida Nutri Labs, LLC",Class II,Terminated,Voluntary: Firm initiated,"Product was distributed to 1 distributor, Kirland Science Labs located in Seattle, WA.","Lot #12-194, expiration date 12/2014  UPC #0 13964 66251 1",Food,Lakeland,FL,United States,20130522,20130701,20130710,65272
F-1203-2022,ELITE PESEK ZMAN WAFER ROLL UPC: 815871011495 NET WT. 1.4 oz (40g),Potential contamination with Salmonella,ELITE CONFECTIONERY LTD,Class I,Terminated,Voluntary: Firm initiated,Distributed in the US nationwide,All lots,Food,Nof Ha-Galil,,Israel,20220428,20220604,20220615,90105
F-0022-2015,"Individually 2/3 oz. slices of American cheese product individually wrapped in transparent plastic an packaged in 12 oz. and 16 oz.. packages, and 4 lb. cartons under the Kraft brand name.     Cases of 12 oz. packages include 48 packages per case.     Cases of 16 oz. packages include either 12 or 36 packages per case.     Cases of 4 lb. cartons include 8 cartons per case.","Kraft Foods Group is voluntarily recalling 7,691 cases of select varieties of regular Kraft American Singles Pasteurized Prepared Cheese Product. A supplier did not store an ingredient used in this product in accordance with Kraft's temperature standards.",Kraft Heinz Foods,Class III,Terminated,Voluntary: Firm initiated,"US: Nationwide (AL, AR, CA, CA, FL, GA, IL, IN, KS, MI, NC, NJ, OH, OK, TN, TX, VA)","1) 12 oz. packages of singles; UPC (Retail Package): 021000604647; Code Dates: 20 FEB 2015, 21 FEB 2015; UPC Code (Case): 210006046400;     2) 16 oz. packages of singles; UPC (Retail Package): 021000615261; Code Date: 20 FEB 2015; UPC Code (Case): 210006145000;     3) 16 oz. packages of singles; UPC (Retail Package): 021000615261; Code Date: 20 FEB 2015; UPC Code (Case): 210006152600;     4) 4 lb. cartons of singles; UPC (Retail Package): 021000633609; Code Date: 20 FEB 2015; UPC Code (Case): 210006255900",Food,Northfield,IL,United States,20140829,20141010,20141022,69142
F-2680-2017,"HFS 1/10LB Lightly Breaded Cod Tail Portions 5oz,  Item Number: 02075",Product may contain undeclared milk.,High Liner Foods Inc.,Class II,Terminated,Voluntary: Firm initiated,Nationwide,Lot Number: 0047138111; 0047050131; 0047138210; 0047082220; 0047082122; 0047030130; 0047118230; 0047097211; 0047075231; 0047042231,Food,Portsmouth,NH,United States,20170609,20170815,20170823,77489
F-0272-2014,"Farmstyle Potato Salad, Formula PO.27, packaged in 3/8-lb carton cases. Packaged Exclusively for use by: Yum! Brands Global Restaurants, Louisville, KY.  UPC 885251252626",The recalled products are potentially contaminated with Listeria monocytogenes.,"Reser's Fine Foods, Inc.",Class I,Terminated,Voluntary: Firm initiated,"Distribution was made to AL, AR, AZ, CA, CO, CT, DE, FL, GA, HI, IA, IL, IN, KS, KY, LA, MA, MD, ME, MI, MO, MS, NC, NE, NH, NJ, NM, NV, NY, OH, OK, OR, PA, SC, SD, TN, TX, VA, WI, WV AND WY.   Distribution was also made to Canada.",Use by dates 10/21/13-12/02/13.,Food,Beaverton,OR,United States,20131022,20131224,20140101,66563
F-1230-2024,Vanilla Ice Cream Cookie Sandwich. Sandwiches packaged in a gold or clear bags. 50 sandwiches per case and weighting 4oz each sandwich.,"Undeclared Allergen: milk, eggs, wheat, peanuts, and tree nuts.",Belgian Yummies,Class I,Terminated,Voluntary: Firm initiated,The products were only distributed in the state of Florida.,No lot numbers provided; Expiration date is 6 months from production date.,Food,Fort Myers,FL,United States,20240320,20240509,20240515,94308
F-0227-2022,"Alsum Farms & Produce  Whole Red onions packaged in 2lb. (907g) bags,  UPC 39186-60101 Produce of Mexico.  Packed by Alsum Farms & Product, Inc., Friesland, WI  53935.",Onions are being recalled by Keeler Family Farms due to potential Salmonella contamination.,"Alsum Farms & Produce, Inc.",Class I,Terminated,Voluntary: Firm initiated,"IL, MI, PA, WI","Lots: 039008, 099008, 109008, 139007, 139008",Food,Friesland,WI,United States,20211102,20211130,20211208,89043
F-0601-2023,"Cafe' Intermezzo Strawberry Cr¿me Torte 5.5 lbs Ingredients: White Cake, Water, Vegetable Oil, Strawberry Buttercream (Sugar, Shortening, Strawberry Jell-O, Vanilla Extract, Salt), Chocolate Pudding Mix, Strawberry Glaze, Red Chocolate Curls. Contains: Milk, eggs, wheat, and soy, May contain tree nuts and peanuts.",Firm did not list sub-ingredients. Undeclared Blue 1; Yellow 5 and 6; Red 40. Remaining major allergens were listed in contains statement and/or ingredient list.,Epic Baking,Class II,Terminated,Voluntary: Firm initiated,Product was shipped to the following states GA & TN,STT103122 to STT012823,Food,Norcross,GA,United States,20230130,20230313,20230322,91605
F-1856-2016,"Windy Acres FRUITY TRAIL MIX Roasted Peanuts, Pineapple, Papaya, Raisins & Almonds 7 OZ (198 G) UPC 0 82987 02016 5 WILMINGTON, OH 45177 1-937-382-8057",The firm was notified by their supplier that the Sunflower kernels they received may be contaminated with Listeria monocytogenes.,"Windy Acres Candy & Nut, Outlet Inc.",Class I,Terminated,Voluntary: Firm initiated,"Product was shipped to the following states: IN, KY & OH.",Item #02016 LOT# 022916-137 EXP DATE: 11/2016,Food,Wilmington,OH,United States,20160524,20160801,20160810,74371
F-0139-2020,Carolyn's Cookie Company - Frozen Cookie Doughballs - Bake at Home.  Chocolate Chip  Net Wt. 22 oz. (623.7g)    UPC Code 680569160232,Firm received consumer complaint of an allergic reaction after consumption.,California New foods,Class I,Terminated,Voluntary: Firm initiated,U.S. distribution to CA and NV.    No foreign distribution.,"All date codes beginning April 7, 2019 through March 29, 2020    Lot Codes: 4719, 42719, 5419, 51519, 51819, 52319, 52519, 6819, 61519, 61919, 71019, 73119, 73119, 82419, 82919, 91119, 91419, 92119, 10719, 101419, 102119, 102119, 102519, 111119, 111519, 111819, 112519, 112919, 121619, 123019, 1320, 1620, 11320, 12020, 12420, 12720, 21120, 22220, 3220, 31220, 32220, 32920",Food,Castroville,CA,United States,20190923,20191108,20191120,83866
F-3004-2015,"Fresh Frozen Grade A Cut White Corn, Net Wt. 32 Oz, (2 Lb.) 907g, Dist. By Fresh Frozen Foods, Inc., Jefferson, GA 30549, UPC 0-86069-20102-2, Fresh Frozen Grade A Cut White Corn, Net Wt. 80 Oz. (5 Lb.) Dist. By Fresh Frozen Foods, Inc., Jefferson, GA 30549, UPC 0-86069-50102-3",Listeria contamination due to various GMP violations. possible.,Inventure Foods,Class I,Terminated,Voluntary: Firm initiated,"AL, AR, AZ, CA, FL, GA, IL, IN, KS, KY, LA, MD, MA, MI, MN, MS, MO, MT, NE, NJ, NY, NC, OH, OK, PA, SC, TN, TX, VT, VA, WI and WV.","UPC 0-86069-20102-2 FF Item Number 432, UPC 0-86069-50102-3 FF Item Number 435",Food,Phoenix,AZ,United States,20150423,20150817,20150826,71070
H-0245-2025,1. USA OG2 LEEKS,May be contaminated with fluid from a reach truck,UNFI General Corporate,Class II,Terminated,Voluntary: Firm initiated,"NJ, NY, MD, DC, PA",1. UPC:      07-40695-94629 case code: 442,Food,Providence,RI,United States,20250607,20250710,20250716,97051
F-2094-2016,"Globespun Gourmet Dolma La- Tibetan potato, net wt. 8 oz., plastic wrapped.  UPC 32328 00503.",Globespun Gourmet Dolma La 8 oz wrap is recalled because an ingredient (peas) has the potential to be contaminated with Listeria monocytogenes.,Essential Foods Inc. dba Globespun Gourmet,Class I,Terminated,Voluntary: Firm initiated,distributed in Oregon and Washington,"best by dates: 06 17, 06 20, and 06 24",Food,Seattle,WA,United States,20160615,20160916,20160928,74451
F-0792-2016,"Stouffer's vegetable lasagna.  Keep Frozen. Sold in the following sizes and UPC:  1.  Party Size  Net Wt. 96 oz (6 lb) 2.72kg  UPC 13800-19002.  2.  Net Wt. 10 1/2 oz (297g)  UPC 13800-10323.  3.  Family Size Net Wt. 37 1/2 oz (2 lbs. 5 1/2 oz) 1.06 kg, UPC 13800-55510.  4.  Food Service Professional Product Net Wt. 6 lbs (2.72 kg)  UPC 13800-30322.(this product is not available in retail stores)","Nestle is recalling a limited number of DiGiorno, Lean Cuisine, and Stouffer's products due to the potential presence of glass pieces.",Nestle USA,Class II,Terminated,Voluntary: Firm initiated,Nationwide,"Production codes  and Best Before dates:    1.  5351595916, 5353595915, 5353595916, Best Before March 2017  6004595916,  Best Before:  April 2017    2.  5353595913, Best Before:  March 2017.  6011595513, Best Before:  April 2017.      3.  5349595914, Best Before:  Jan 2017.    4.  5346595916, Best Before:  March 2017",Food,Solon,OH,United States,20160310,20160323,20160330,73500
F-0571-2021,Velvet Cookies n Cream   16oz - 8 cartons to a case  3 Gallon Tub - 1 Tub per case,Potentially contaminated with Listeria monocytogenes,Velvet Ice Cream Company,Class I,Terminated,Voluntary: Firm initiated,"Illinois, Indiana, Kentucky, Michigan, Ohio, South Carolina, West Virginia, Pennsylvania, New York",16 oz : Lot 21092  3 Gallon : Lot 21084,Food,Utica,OH,United States,20210423,20210522,20210512,87796
F-1332-2020,"Pain Au Levain Bread, San Francisco Street Bakery brand, keep at ambient temperature.  Individually packaged in flex poly bag, net weight 16 oz (454 g). UPC 0 08613 10013 1.    The product label is read in parts: ""***Pain Au Levain Bread ***Ingredients: unbleached wheat flour, water, sourdough culture, sea salt ***San Francisco Street BAKERY, Olympia, WA ***"".","The firm used pan release spray, which contains soy lecithin, on equipment and finished products labels do not declare soy lecithin.",San Francisco Street Bakery Inc.,Class II,Terminated,Voluntary: Firm initiated,distributed in WA only.,"Production dates July 6-7, 2020.  No code or expiration date noted on the packages.  Firm color codes tie closures representing the days of the week.",Food,Olympia,WA,United States,20200723,20200826,20200819,86112
F-0511-2015,"M & M brand Number 2 Florida Avocados, packed in 50 lb cardboard boxes",Samples of avocados tested by FDA were positive for Salmonella.,M & M Farm Inc.,Class I,Terminated,Voluntary: Firm initiated,Florida,Lot # 101315 and 101326,Food,Miami,FL,United States,20141017,20141118,20141126,69606
F-1746-2016,"HC SUNFLOWER KERNEL 3 OZ. packaged in a clear plastic bag with attached green brown and yellow label that reads in part "" Uncle Bucks Sunflower kernel"" UPC code 752545070894","Sunflower kernels in this product are contaminated with Listeria Monocytogenes per the original supplier, SunOpta.","Rucker's Wholesale & Service Co., Inc.",Class I,Terminated,Voluntary: Firm initiated,70 retail stores nationwide. Product was also shipped to canada firms. please see attached spread sheet for a full list of customers.,best by date 071316  to  022917,Food,Bridgeport,IL,United States,20160608,20160719,20160727,74375
F-0661-2021,Mideo's Marinara Glass 32oz jars - 6 jars per case,Potassium mg per serving on label is incorrect.,RC Industries Inc.,Class II,Terminated,Voluntary: Firm initiated,"FL, GA, MI, NY, NC, OH, PA, TN, WI","Batch Numbers: 041423A, 041423B, 041423C, 040523A, 040523B, 040523C, 032623A, 032723A, 032723B, 022523C, 022223C, 021523C, 020923A, 020823C, 011423C, 011423B, 011423A, 011323A, 011323B, 011323C Product Number 7234300021",Food,Navarre,OH,United States,20210511,20210608,20210616,87948
H-0270-2026,Deep-brand Select Bhindi Cut Okra KEEP FROZEN a) Net Wt. 12 oz (340 g); b) Net Wt. 1 LB 8 oz. (24 oz.) (680 g); c) Net Wt. 2 LB (907 g),Product tested positive Salmonella .,CHETAK NEW YORK LLC,Class I,Terminated,Voluntary: Firm initiated,United States,"Lot: a) 25008, 25020, 25027, 25036, 25044, 25049, 25086, 25099, 25118, 25121, 25122, 25132, 25134, 25170, 25063, 25071, 25083; b)25003, 25030, 25044, 25053, 25085, 25099, 25118, 25120, 25122, 25132, 25149, 25164, 25198; c) 24362, 25010, 25027, 25044, 25079, 25099, 25140, 25150, 25156, 25190",Food,Union,NJ,United States,20250905,20251211,20251217,97631
F-2892-2015,"Pasteurized Prepared Cheese Product:    BORDEN 12/13.12OZ DTT AMERICAN CHEDDAR  PROD, 45110155767.3  .",Dairy Farmers of America Inc. is recalling a number of cheese products due  that a piece of plastic  film strip might remain attached to the cheese slice upon peeling the film from the product.,Dairy Farmers OF America Inc,Class II,Terminated,Voluntary: Firm initiated,"US: AL, AR, AZ, CA, CT, FL, GA, IA, IL, IN, KS, KY, LA, MA, MD, ME, MI, MO, MS, NC, NE, NJ, NM, NV, NY, OH, OK, OR, PA, PR, SC, TN, TX, UT, VA, WA, WI, WV, WY.    OUS: Libya, Colombia.",Sell By/Use By 8/10/2015 to 4/30/2016,Food,Kansas City,MO,United States,20150612,20150729,20150805,71482
F-1367-2020,"MD Salad Bar- Cucumber Tomato Salad. Expiration 07/31/2020. Ingredients:SALAD [CUCUMBER, TOMATOES, OIL BLEND (CANOLA OIL, EXTRA VIRGIN OLIVE OIL), ONIONS, VINEGAR (RED WINE VINEGAR (DILUTED WITH WATER TO 5% ACIDITY), POTASSIUM METABISULFITE (PRESERVATIVE)), DILL WEED, SALT, PEPPER].",Potential contamination with Salmonella Newport  in onions and prepared foods containing onions.,Giant Eagle,Class I,Terminated,Voluntary: Firm initiated,"Product was produced and sold in Giant Eagle and Market District locations in IN, OH, MD, WV and PA.",N/A,Food,Pittsburgh,PA,United States,20200802,20200902,20200909,86176
F-1730-2018,Ruffles Cheddar and Sour Cream flavored potato chips 8.5 oz bag,Potential for cleaning solution to come into contact with the chips.,"Frito-Lay, Inc",Class III,Terminated,Voluntary: Firm initiated,"Northeastern Ohio and the city of Altoona, PA",guaranteed fresh  date of 25 SEPT 2018. Directly next to or underneath the  guaranteed fresh  date is a 9-digit manufacturing code that will include the numerical combination  112  or  212  in the first three positions,Food,Plano,TX,United States,20180720,20180801,20180808,80603
F-1211-2018,Ben & Jerry's Chocolate Cookie PB Swirl Non-Diary Frozen Dessert 16 oz.    UPC: 76840580767    Target item number: 288-7-814,Shipping container from CA to HI was not held at proper temperature which could cause food items to be contaminated with spoilage organisms or pathogens,Target Corporation,Class II,Terminated,Voluntary: Firm initiated,HI,"All product purchased at  Target store T2780, Honolulu, HI from March 23 through March 27, 2018.",Food,Minneapolis,MN,United States,20180327,20180503,20180509,79663
F-2087-2019,"Winco Foods, Taco Seasoning Mild, Net Wt. 1.25 OZ, Distributed by Winco Foods, LLC, Boise, ID, UPC 0 70552 90126 1",Products contains an ingredient (cumin) potentially contaminated with Salmonella.,"CH Guenther & Sons, Inc",Class II,Terminated,Voluntary: Firm initiated,"Distributed to retail stores and distributors in AL, AR, AZ, CA, CO, DE, FL, GA, IA, IL, IN, KS, KY, LA, MI, MO, NC, NH, NY, OH, OR, PA, TN, TX, UT, VA, and WI",Better by: 07/09/21,Food,San Antonio,TX,United States,20190724,20190823,20190814,83412
F-2098-2014,"Banana Puddin' Y'all Ice Cream. Manufactured by: Koogee-Queen Anne, LLC, d/b/a The Comfy Cow 2221 Frankfort Ave, Louisville, KY 40206.","During an FDA inspection the firm was notified that their bulk product lacked labels. Due to the lack of ingredient statement, the firm failed to declare direct allergens for the products. The products also lacked the declaration that they are packaged in a facility that processes peanuts, tree nuts, wheat, milk and eggs.","Koogee-Queen Anne, LLC",Class II,Terminated,Voluntary: Firm initiated,Distributed in the states of Indiana and Kentucky,Batch Numbers: 1aBANP103113,Food,Louisville,KY,United States,20140410,20140709,20140716,68486
F-1518-2016,"Publix Deli, Wheatberry Salad,  sold in 3.5 oz clamshell, 1 lb Grab and Go kit, and Chef Select custom order behind the deli counter.  Received at retail store as a 12.75 lbs kit.  Ingredients are combined at retail store.  Manufactured for Publix Supermarkets in Lakeland, FL",Potential contamination with Listeria monocytogenes.,"Publix Super Markets, Inc.",Class I,Terminated,Voluntary: Firm initiated,"Distributed to Publix retail stores in AL, FL, GA, NC, SC, & TN","All lot codes, all expiration dates.  last ship date 04/30/2016.",Food,Lakeland,FL,United States,20160505,20160614,20160622,74088
F-0787-2023,"PROSANTE TSOYFLR 10P MNCD 50LB BG, paper bag",Products with a gluten free claim may contain gluten levels above 20 ppm.,"Cargill, Inc         Corporate Headquarters",Class II,Terminated,Voluntary: Firm initiated,"Nationwide United States, Canada, Chile, Costa Rica, Guatemala, Mexico, and United Kingdom",100001369-02423CHXEA 100001369-05423CHXEA 100001369-06023CHXEA 100001369-29822CHXEA 100001369-29922CHXEA 100001369-35222CHXEA 100001369-35322CHXEA,Food,Wayzata,MN,United States,20230330,20230501,20230510,92013
F-0143-2018,"Triple Chocolate Mudslide Cookie, 120 1 oz. cookies, frozen","Midway Specialty Vehicles, LLC dba Aunt Beths Cookies, is voluntarily recalling multiple varieties of cookies sold between January 1, 2017 and September 28, 2017, because they may contain traces of undeclared peanut or tree-nut allergens.",Midway Specialty Vehicles LLC,Class II,Terminated,Voluntary: Firm initiated,"Domestic Only: MI, IN, IL, OH, NJ, WA, CA, SC, KY, LA, CO, MA, TX, FL, NY, NC, MN, MO,","Triple Chocolate Mudslide Cookie, 120 1 oz. cookies, frozen, sold between Jan 1, 2017 and September 28, 2017.",Food,Mishawaka,IN,United States,20171016,20171109,20171108,78300
F-1790-2022,"Alida's Samoon Pita Bread, 4 pieces per package, net wt. 21 oz.  UPC 8 60004 65933 4.  Product contains ingredients: While Flour, Water, Wheat Gluten, Yeast, Sorbitan monostearate, ascorbic acid, Salt, Canola Oil. CONTAINS: Wheat, Gluten.",Undeclared soy lecithin. The canola oil used to grease pans was found to contain soy lecithin.,Alida's Bakery LLC,Class III,Terminated,Voluntary: Firm initiated,Distributed in WA only.,Expiration date 8/20/2022,Food,Everett,WA,United States,20220816,20220923,20221005,90797
F-1126-2022,JIF 40 OUNCE CRUNCHY PEANUT BUTTER,Products are potentially contaminated with Salmonella.,The JM Smucker Company LLC,Class I,Terminated,Voluntary: Firm initiated,"AK, AL, AR, AZ, CA, CO, CT, DE, FL, GA, HI, IA, ID, IL, IN, KS, KY, LA, MA, MD, ME, MI, MN, MO, MS, MT, NC, ND, NE, NH, NJ, NM, NV, NY, OH, OK, OR, PA, RI, SC, TN, TX, UT, VA, VT, WA, WI, WV, WY",Lot codes: 1274425   2140425 UPC: 5150072002 Best By Dates: 10/01/23 - 05/20/24,Food,Orrville,OH,United States,20220520,20220601,20220608,90255
F-0379-2016,"Canned Chinook Salmon with paper label reading in part:  ***SKIPANON BRAND SEAFOOD CHINOOK SALMON***Ingredients:  Chinook Salmon, Sea Salt NET WT. 6 OZ. (170g)***""     UPC:  58071 00118  Can code beginning with OCCR.    Label background is yellow with a brown stripe at the bottom and multiple colored ink lettering.    Chinook (aka King) Salmon with salt added, canned and distributed as brites in 6oz cans.  Can code beginning with OCCR.","All cans and pouches of Skipanon Brand seafood, including salmon products are being recalled due to lack of documentation and possible under-processed product.  Under-processed seafood could lead to contamination with Clostridium botulinum.",Skipanon Brand Seafoods LLC,Class II,Terminated,Voluntary: Firm initiated,"No Foreign Consignees  No VA or DoD Consignees.  Distributed to Michigan, Nevada, Oregon, and Washington and sold to internet customers nationwide from the website skipanonbrand.com.",All lots,Food,Warrenton,OR,United States,20151009,20151210,20151216,72317
F-0686-2018,"RASPBERRY Cream Ice Cream Bars: Sundae SHOPPE, 12 Bars, UPC  041498204631",Product may be contaminated with Listeria monocytogenes.,Fieldbrook Foods Corporation,Class I,Terminated,Voluntary: Firm initiated,"Sold to distributors in: MA, IL, CA, PR, CA, FL, MN, IL, OH, CT, MI, MO. Product was distributed nationwide including Puerto Rico.",The recalled products have a production date of May 2017 to August 2017 and a best by date of May 2018 to August 2018.,Food,Dunkirk,NY,United States,20180103,20180130,20180124,78876
F-1339-2017,Ambrosia Quality Foods Brand 4/1 gallon Worcestershire Sauce Net 128 Fl. Oz.,Ambrosia brand 4/1 Gallon Worcestershire Sauce may contain undeclared peanuts.,Schreiber Food International,Class II,Terminated,Voluntary: Firm initiated,Nationwide,1512163592 12/15/2016  1603289943 3/28/2017  1604292400 4/29/2017  1605244146 5/24/2017  1607259420 7/25/2017  1608020141 8/2/2017  1608100780 8/10/2017  1607077741 7/7/2017  1608020141 8/2/2017  1608040416 8/4/2017  1608100780 8/10/2017  1608100780 8/10/2017  1608262208 8/26/2017  1609275267 9/27/2017  1610268040 10/26/2017,Food,Upper Saddle River,NJ,United States,20161222,20170124,20170201,76155
F-3229-2017,"B4AAF3, BREADER X1, NET WT 50 LBS, Manufactured By: Newly Weds Foods, Inc., Chicago, IL 60639",Product may contain undeclared milk.,Newly Weds Foods Inc,Class II,Terminated,Voluntary: Firm initiated,"Nationwide, Mexico, Canada",Product #B4AAF3; Lot #WN011117A;  WN022217A;  WN032217A;  WN041217A,Food,Chicago,IL,United States,20170503,20170817,20170726,77194
F-0699-2017,"Flave! TROPICAL TRAIL MIX, NET WT 8OZ (226g), shipped 12 packs per case",Product has the potential to be contaminated with Listeria monocytogenes,First Source Llc,Class I,Terminated,Voluntary: Firm initiated,"IN, LA, MA, MD, MI, NJ, NY, PA,VA, WV & SC via retail stores",Best By 4/20/17,Food,Tonawanda,NY,United States,20160523,20161212,20161221,74112
F-1785-2013,Square Mile Spur & Vine Hopped Apple Cider is hopped hard cider is in liquid form and is an alcoholic beverage.  It is packaged in 22 fl oz glass bottles shipped in a corrugated master carton that contains 12 bottles.  Individual bottle is sold at retail stores.    UPC codes case: 7-02770-04912-0   UPC Bottle: 7-02770-24910-0  PDCN code: CAB12,Square Mile Spur & Vine Hopped Apple Cider is recalled because bottles may burst.,Craft Brewers Alliance Inc.,Class III,Terminated,Voluntary: Firm initiated,"Distributed in California, Oregon, Washington","Products packaged on or before May 15, 2013.  Individual bottle does not have any codes.",Food,Portland,OR,United States,20130716,20130815,20130821,65809
F-2409-2014,"Sunburst SUPERFOODS ORGANIC RAW CAROB POWDER in ONE POUND and 5 POUNDS bags --- Firm on label: SunburstSuperfoods.com Clifton, NJ (old label) and SunburstSuperfoods.com Tuckahoe, NY (new label)",The repacked product has the potential to be contaminated with Salmonella (from raw material).,"Super Organic Foods, Inc",Class I,Terminated,Voluntary: Firm initiated,Nationwide,Uncoded,Food,Tuckahoe,NY,United States,20140729,20140902,20140910,68964
F-2044-2012,"Dan's, LIGHT BUTTER PECAN, half gallon *(1.89 L),  0 70422 24210 4  Hornbachers, LIGHT BUTTER PECAN, half gallon (1.89 L),	 0 41130 21661 9    Sunnybrook, LIGHT BUTTER PECAN, half gallon (1.89 L),	0 70422 24908 0",Cass-Clay Creamery is voluntarily recalling a number of ice cream products because they may contain undeclared  soy (lecithin).,Cass Clay Creamery AMPI Fargo Division,Class II,Terminated,Voluntary: Firm initiated,"ND, AZ, MN, SD, KS","all products that has a plant code of ""38-25"".",Food,Fargo,ND,United States,20120720,20120824,20120905,62644
F-1636-2016,"Ungar's Veggie Balls (Vegan), 1 oz., 10 lbs (4.54 kg), Best if used by: May-12-2018, UPC 0 0080868 81310 3, Ungar's Food Products, Elmwood Park, NJ 07407",Dr. Praeger's Sensible Food/Ungar's Food Products is voluntarily recalling various not-ready-to eat frozen products because they may be contaminated with Listeria monocytogenes.,Dr. Praeger'S Sensible Foods,Class I,Terminated,Voluntary: Firm initiated,US Nationwide and Foreign,Lot #F16BC-25A    UVBBIN  Case code: H16CB-02A Retail unit code: H16CB Best by: 3/21/2018,Food,Elmwood Park,NJ,United States,20160513,20160708,20160720,74182
F-3479-2017,"Amrita Cranberry Raisin Energy Bar, 50gm   UPC: 853009004032",Product may be contaminated with Listeria monocytogenes,Amrita Health Foods,Class I,Terminated,Voluntary: Firm initiated,Nationwide,Best Buy date between 04/24/2018 to 05/31/2018,Food,Pleasantville,NY,United States,20170802,20170829,20170906,77872
F-0268-2022,TaDah! FALAFEL STREET WRAP WITH SPICY BROWN SUGAR HARISSA HUMMUS NET WT. 7.5 OZ. UPC Code:8-5019800307-5,Undeclared milk allergen,The Fillo Factory Inc.,Class I,Terminated,Voluntary: Firm initiated,"Distributed to distributors and retail stores in GA, WA, WI, NJ, FL, SC, IA, CA, TX, MD, CO,",Lot #:  0601 Best Buy Date: 09/01/2022 Lot #:  0621  Best Buy Date: 09/03/2022,Food,Northvale,NJ,United States,20211115,20211206,20211215,89103
F-1656-2016,"Kroger(R) CAJUN STYLE MIREPOIX BLEND, onions, celery, and green bell peppers, RECIPE BEGINNINGS(R), NET WT 12 OZ (340g), UPC 11110 89787, DISTRIBUTED BY THE KROGER COMPANY, CINCINNATI, OH 45202",Products contain onions which were recalled for the possibility of Listeria monocytogenes contamination.,The Pictsweet Company,Class I,Terminated,Voluntary: Firm initiated,Nationwide,"Sell by SEP-17: 0896BR, 0896BS, 0896BU,0896BT",Food,Bells,TN,United States,20160409,20160707,20160713,73853
F-2049-2015,"Con Yeager Spice Company, Zelienople, PA 16063  PAPA WOOD BBQ ALL PURPOSE RUB    NET WEIGHT: 12 oz and 5.22 oz  UPC: 38756; 38755  Lot: .219098",Cumin and cumin containing spice mixes may contain undeclared peanuts.,Con Yeager Spice Co,Class II,Terminated,Voluntary: Firm initiated,"AZ, CO, DE, FL, GA, IL, LA, MD, MI, MT, NC, NJ, NY, OH, OK, PA, SC, TX, VA, WV",UPC: 38756; 38755  Lot: .219098,Food,Zelienople,PA,United States,20150106,20150427,20150506,70208
H-0030-2025,"Cucumber Super Selec Repacked by Lipman Produce Hendersonville, NC 28792, Product of USA",Potential Salmonella Contamination,LIPMAN FAMILY FARMS,Class I,Terminated,Voluntary: Firm initiated,"Product was distributed to AZ, CA, IL, FL, WI, MA, MS, MN, CA, NC, VA, TN, VT, CT, NY, MD, PA, NJ, TX",Expiration Date:5/14/2025-5/23/2025 Lot# 3-431726 3-431831 3-431866 3-432045 3-1614605 3-1613675 3-1614079 3-1614605 3-1614152 3-1614291 3-1614662 3-1614663 3-1614592 3-1614661 3-1614805 3-1614806 3-1614982 3-1615014 3-1615313 3-1615440 3-1615442 3-1615860 3-1616065 3-1616066 3-1616509 3-1614079 3-1613675 3-1614605 3-1614266 3-1614152 3-1615313 3-1614152 3-1614266 3-1614291 3-1614605 3-1614662 3-1614663 3-1614806 3-1614862 3-1614889 3-1615014 3-1615203 3-1615226 3-1615313 3-1615822 3-1615823 3-1616065 3-1616246 3-1616509,Food,Immokalee,FL,United States,20250520,20250610,20250618,97008
F-0960-2013,"Kinnikinnick Pie Crust (frozen), Weight: 290 g/10 oz, Qty/Pkg: 2, Product packaged in a cardboard box with printed label. UPC: 62013300600 9","Kinnikinnick Foods, Inc. in Edmonton, Alberta Canada indicated that United Natural Foods Inc. distributors received pie crusts in association with their expanded recall/allergy alert issued 01/17/13.","United Natural Foods, Inc. - Greenwood",Class I,Terminated,Voluntary: Firm initiated,"Customers are retail locations in 6 states: Illinois, Indiana, Kentucky, Michigan, Missouri, and Ohio.",Expiration date 2013-12-11,Food,Greenwood,IN,United States,20130117,20130131,20130206,64184
F-1683-2015,SOD Herbal Mix,Health One Pharmaceuticals is recalling dietary supplements due to significant violations of the cGMP regulations for dietary supplements.,Health One Pharmaceuticals Inc,Class II,Terminated,Voluntary: Firm initiated,"Nationwide in US: CA, TN, WA, ID,     and worldwide:  Hong Kong, Vietnam, China, Singapore",8939,Food,City Of Industry,CA,United States,20150204,20150330,20150408,70344
F-0970-2022,1. Wegmans 10oz Watermelon Chunks	  2. Wegmans 32oz Watermelon Chunks  3.Fresh Harvest 18oz Watermelon Chunks  4. Tops Large Watermelon	BBD: 3/5/22 to	BBD: 3/22/22  5. Tops Small Watermelon 	BBD: 3/5/22 to	BBD: 3/22/22  6. Lexington Co-op 10oz Watermelon Chunks  7. Lexington Co-op 32oz Watermelon Chunks  8. Wegmans 24oz Mini Watermelon Hearts	  9. EDU Kids 2 oz. watermelon tidbits,may be contaminated with Listeria monocytogenes,"Fruit Fresh Up, Inc.",Class I,Terminated,Voluntary: Firm initiated,"NY,  MA, PA","Best if Used By  date between March 5, 2022 and March 23, 2022  1. UPC: 077890209066  2. UPC: 077890246610  3. UPC: 64779300469  4. BBD: 3/5/22 to BBD: 3/22/22  5. BBD: 3/5/22 to BBD: 3/22/22  6. UPC: 64779300373  7. UPC: 64779300468  8. UPC: 077890938096  9. UPC: 647793000000",Food,Depew,NY,United States,20220318,20220407,20220413,89844
F-1957-2018,"SPARKLING POMEGRANETE JUICE DRNK, 6/34 oz., glass bottles",Gourmet International Inc. is voluntarily recalling LItaly Sparkling Juice Beverages due to packaging concerns following multiple reports of leaking caps.,Gourmet International Inc.,Class II,Terminated,Voluntary: Firm initiated,Domestic:  IL       MI       WI       CA       MN       OH       WA       VA          Product Imported from Turkey,"All L'ITALY SPARKLING FRUIT JUICE BEVERAGES products, all lot/date codes    914516 SPARKLING POMEGRANETE JUICE DRNK UPC  1-91414-00516-0 6/34 oz",Food,Grand Rapids,MI,United States,20180705,20180904,20180829,80488
F-1199-2017,Nacho Snack Seasoning / Harvest Pride /Tom Smith. Product Code: T3809. 50 lb bags,Products have been recalled due to potential for Salmonella contamination.,"All American Seasonings, Inc.",Class I,Terminated,Voluntary: Firm initiated,"Nationwide to FL, CA, UT, AZ, MN, IL, CO, NM , OH, MO, ID. Canadian consignees. No other foreign or VA/govt/military consignees.","Lot: 64229, 65182",Food,Denver,CO,United States,20161207,20170109,20170118,75894
F-0960-2016,ITALIAN SANDWICH RING.  This is a deli service item,Product may have been sliced on the same equipment where the mortadella with pistachios was sliced.,Bj Wholesale Club,Class II,Terminated,Voluntary: Firm initiated,"BJs locations in Delaware, Maryland, New Jersey, New York, North Carolina, Ohio, Pennsylvania and Virginia",Deli items sold from 1/20/16 to 2/3/16 at the 71 affected clubs (see distribution list).,Food,Westborough,MA,United States,20160205,20160406,20160413,73233
F-0131-2016,ON THE BORDER MEXICAN GRILL & CANTINA Cafe Style Tortilla Chips 18 oz. bags,Product may have been exposed to a milk-containing ingredient.,Shearer's Foods Inc.,Class I,Terminated,Voluntary: Firm initiated,"TX, AZ, OK, LA, MO, MS, AR, NM","DEC 16 2015 SHA, DEC 17 2015 SHA, DEC 18 2015 SHA",Food,Newport,AR,United States,20150924,20151105,20151111,72293
F-0889-2016,Morrison's Pancake Mix Net Wt 5 LB (2.27 kg),May contain small metal fragments from wire mesh sifter.,"C. H. Guenther & Son, Inc.dba Morrison Milling",Class III,Terminated,Voluntary: Firm initiated,Nationwide throughout the US,All lots,Food,Denton,TX,United States,20151207,20160411,20160420,72822
H-0286-2026,Deep-brand PREMIUM Select Peas and Carrots KEEP FROZEN Net Wt. 2 LB (907 g),Product tested positive Salmonella .,CHETAK NEW YORK LLC,Class I,Terminated,Voluntary: Firm initiated,United States,"Lots: 25006, 25035, 25044, 25072, 25080, 25104, 25114, 25140, 25167",Food,Union,NJ,United States,20250905,20251211,20251217,97631
H-0254-2025,"C Sweet Maamoul with Dates 8 oz., UPC 852664042694",Undeclared soy and wheat,C SWEET PASTRY LLC,Class II,Terminated,Voluntary: Firm initiated,MI,Sell by 7/15/2025,Food,Dearborn,MI,United States,20250625,20250710,20250716,97156
F-0015-2023,"Large Mild Salsa, NET WT, 13 OZ (368g), Dist. By: Renaissance Food Group LLC 4322 Moreland Ave. Conley, GA 30288, UPC, 8 26766 19089 ?",Firm received positive test results for L. monocytogenes in a finished product. All products manufactured with the same components are being recalled.,Renaissance Food Group,Class I,Completed,Voluntary: Firm initiated,"Products were shipped to the following states: Alabama, Georgia & South Carolina.",GHGA 254 SELL BY: 09/18/22,Food,Conley,GA,United States,20220912,20221006,20221012,90883
F-0340-2013,"Heinen's Organic Peanut Butter Creamy 16 oz, UPC 2060140046; made for and distributed by Heinen's Inc, 4540 Richmond Road, Warrensville Heights, Ohio 44128.  Labeling is green, yellow, and white with white, red, green and black print writing.","Sunland, Inc. is conducting a voluntary limited recall of its Almond, Peanut, and Cashew Butter products and Tahini and Roasted Blanched Peanut Products, manufactured between May 1, 2010 and September 24, 2012, because these products may be contaminated with Salmonella.","Sunland, Incorporated",Class I,Terminated,Voluntary: Firm initiated,National distribution under various brand names including all 50 U.S. States with some international distribution Hong Kong.,"Best-If-Used-By Dates between May 1, 2011 and September 24, 2013.",Food,Portales,NM,United States,20120924,20121023,20121031,63257
F-0506-2017,"BM Westco Sup-R-Roll Donut Mix, 50#",Undeclared allergen; Peanut Protein,CSM Bakery Products NA,Class II,Terminated,Voluntary: Firm initiated,"AR, CA, CO, DE, FL, GA, IL, MN, NJ, NC, OH, OR, PA, SC, TN, TX,VA, WI, Santa Domingo, & Guam","Batch 1000162202, 1000157048, 1000153947, 1000149825, 1000144301, 1000134442",Food,Tucker,GA,United States,20160421,20161123,20161130,73946
F-0675-2023,"Seasoned Dried Pollack distributed in un-labeled plastic containers 6oz., 8 oz., and 12 oz.  Containers were then labeled at H-mart, G-mart, or M2M retail store.","Seasoned Dried Pollack was recalled due to undeclared Fish (Pollack), Wheat, Soybean.",Lemonland Food Corp,Class II,Terminated,Voluntary: Firm initiated,Distributed in Washington,"Feb. 16, 2023 to Feb. 23, 2023.",Food,Kent,WA,United States,20230223,20230324,20230405,91798
F-1715-2015,"Femanol, 60 capsules, 500mg",Health One Pharmaceuticals is recalling dietary supplements due to significant violations of the cGMP regulations for dietary supplements.,Health One Pharmaceuticals Inc,Class II,Terminated,Voluntary: Firm initiated,"Nationwide in US: CA, TN, WA, ID,     and worldwide:  Hong Kong, Vietnam, China, Singapore",9759,Food,City Of Industry,CA,United States,20150204,20150330,20150408,70344
F-0140-2013,"Peanut Butter Fudge 3 oz bag, manufactured from 6-28-12 thru 9-20-12","Peanut Butter used to product Peanut Butter Fudge was recalled by Sunland, Inc.; therefore, this product has the potential to be contaminated with Salmonella.","C.G. Higgins Confections, LLC",Class I,Terminated,Voluntary: Firm initiated,"Retailers and end users located in NM, USA.",No manufacturing code.,Food,Santa Fe,NM,United States,20120928,20121018,20121024,63318
F-1729-2016,"Keebler Cookie Dough Minis, 150 ct., 2.5 oz.",Kellogg Company initiated a voluntary recall of multiple snack food items because of the potential for undeclared allergen peanut due to a supplier's recall of flour.,Kellogg Company,Class II,Terminated,Voluntary: Firm initiated,"Domestic: AL; AR; AZ; CA; CO; CT; FL; GA; HI; IA ; ID; IL; IN; KS; KY; LA; MA; MD; ME; MI; MN; MO; MS; MT; NC; ND; NE; NH; NJ; NM; NV; NY; OH; OK; OR; PA; PR, SC; SD; TN; TX; UT; VA; WA; WI; WV    Foreign: Bermuda, Singapore, Malaysia    VA/DOD: See below","CASE UPC: 170002873, RETAIL UPC: 3010010902, CASE & Consumer Unit BIUB DATES: Jan 02 17",Food,Battle Creek,MI,United States,20160613,20160719,20160727,74407
F-0327-2022,Kool-Aid cherry drink mix powder   19 oz. UPC 043000953532   19 oz. UPC 043000034163   63 oz. UPC 043000082201,potential for glass and metal in product,KRAFT HEINZ FOODS COMPANY,Class II,Terminated,Voluntary: Firm initiated,"Nationwide, Puerto Rico, Guam, American Samoa, Aruba, Saipan, Bermuda, Jamaica, Guyana, South Korea, Canada",Best When Used By dates between:  19 oz. 8/8/2023-8/9/2023  63 oz. 10/2/2023,Food,Chicago,IL,United States,20211111,20211217,20211222,89053
F-0001-2015,"Mini Butter Croissant 6 Pack  Ingredients: Wheat Flour (unbleached enriched wheat flour, malted barley flour, niacin, Iron, thiamin mononitrate, riboflavin, ascorbic acid, folic acid), Butter, Water, Sugar, Non Fat Dry Milk, Yeast, Salt, Dough Conditioner (dextrose, wheat flour, soybean oil, ascorbic acid, natural enzymes).  CONTAINS:  MILK, WHEAT, SOY.      NET WT 9.0 oz (0.56 lb)      COUNT/PACKAGES 1 SELL-BY DATE 04/22/2014 TOTAL PRICE $4.99      Dist. by Whole Foods Market 8190 Park Lane, Dallas, TX 75231",Undeclared egg allergen,"Whole Foods Market Brand 365, Llc",Class I,Terminated,Voluntary: Firm initiated,"Texas, Oklahoma, Arkansas, and Louisiana",UPC 2 28719 00499 1  and  PLU #8719,Food,Austin,TX,United States,20140418,20141006,20141015,68050
F-1091-2022,Potato and Cheese Pierogi  Grandma s Cuisine Potato-Cheese Pierogi  UPC: 7 1375737813 0 & 8 67355 0030 3lb/3 dozen & 14oz (397g)/1dozen Bernat s Potato & Cheese 16oz (450g) Golden Eagle Potato and Cheese Pierogis UPC: 0 94922 10425 0	16oz Zuzanna s Potato-Cheese Pierogi 16 oz.,Undeclared milk and wheat,DYMSKI PIEROGI LLC,Class II,Terminated,Voluntary: Firm initiated,"Distributed to retail stores, restaurants, and distribution centers in NJ, MA, and PA.",all lots,Food,E Stroudsburg,PA,United States,20220506,20220527,20220608,90144
F-0823-2016,HEB Lemon Seasonal Fish Fry Mix NET WT. 16 OZ (1 LB) CONT. NET 454g and HEB Lemon Seasonal Fish Fry Mix NET WT. 10 OZ  CONT. NET 284g  packed in paper box,May contain small metal fragments from wire mesh sifter.,"C. H. Guenther & Son, Inc.dba Morrison Milling",Class III,Terminated,Voluntary: Firm initiated,Nationwide throughout the US,All lots,Food,Denton,TX,United States,20151207,20160411,20160420,72822
F-1261-2015,Mango Italian Ice Product can be packaged in 2.5 gallon or 1.5 gallon plastic tubs or cardboard quart container.  Firm is unable to determine how batches were packaged.,Elevated brand ice cream products are being recalled due to the potential to be contaminated with Listeria monocytogenes.  These products contain ice cream mix produced and recalled by Snoqualmie Gourmet Ice Cream,Elevated Ice Cream Company,Class I,Terminated,Voluntary: Firm initiated,"All product was distributed in the local Port Townsend, Washington area.",Some containers may have a production date hand written on a white label. Some quart containers are stamped on the bottom with the julian date.,Food,Port Townsend,WA,United States,20141223,20150220,20150304,70354
F-1736-2018,"CUPCAKE BERRY CHANTILLY MEDIUM, 4.5 Ounce","Whole Foods Market, Inc. has initiated a recall of various bakery products  that was made in there Mid-Atlantic stores and sold between May 25th and July 13th which failed to declare soy flour (soy) as an ingredient.",Whole Foods Market Group Inc.,Class I,Terminated,Voluntary: Firm initiated,"These were made in house at Whole Foods Market locations, in the Mid Atlantic Region. No foreign accounts",22488900000,Food,Rockville,MD,United States,20180713,20180803,20180815,80528
F-1519-2013,Trophy Nut Brand 1.5 oz. Red Pistachio Tube and Nut Barrel Brand 1.25 oz. Red Pistachio Tube.,"The product is being recalled because it was manufactured using pistachios recalled by Setton Pistachios of Terra Bella, CA because it has the potential to be contaminated with Salmonella.",Trophy Nut Co Inc,Class I,Terminated,Voluntary: Firm initiated,"Distributed nationwide, including the states of: CA, IL, IN, MD, MI, MN, NC, ND, NJ, NM, NY, OH, OK, PA, SC, TN, TX, VA, VT, and VI.",Trophy Nut Brand 1.5 oz. Red Pistachio Tube UPC 74249-50779 Code Date 08/16/2009 thru 10/27/2009 and Nut Barrel Brand 1.25 oz. Red Pistachio Tube UPC 74249-27779 Code Date 8/16/2009 thru 10/6/2009.,Food,Tipp City,OH,United States,20090407,20130610,20130619,51894
F-1041-2016,"The product is labeled as follows: PediaSure Grow & Gain Vanilla, Unit size : 8 oz. , Container description : Metal Can, Total package size : 24 cans per case .","Abbott Nutrition is recalling PediaSure Grow & Gain Vanilla is product because the product may have a different color, smell, taste or texture  inconsistent with other lots of PediaSure Grow & Gain Vanilla.     Abbott Nutrition  also recognized a complaint trend for physical stability and sensory on this batch on 1/25/16 and an investigation revealed a possibility that a small portion of cans may",Abbott Nutrition,Class II,Terminated,Voluntary: Firm initiated,"Lot 57642RA00,  Beginning Date of distribution in US  10/12/15  End Date of distribution in US- 12/4/15 .      AN distributed this lot to151 Distributors, 32 Medical Facilities and 25 Other types of consignees (2 of these were internal sales reps).    No foreign accounts.      There are 12 US government consignees.","List Number 55897  , Lot 57642RA00",Food,Altavista,VA,United States,20160310,20160406,20160413,73499
F-0364-2022,"Joy's Gourmet Blast Off! Bloody Mary Mix, Net Wt. 24 Oz",Undeclared Fish and Soy,"Joy's International Foods, Incorporated",Class II,Terminated,Voluntary: Firm initiated,Domestic distribution only.,08182023,Food,Melbourne,FL,United States,20211213,20220106,20220112,89230
F-2807-2015,"Foil bags containing 2.2 lbs. each of pineapple flavored powder and sold under the Boba Direct, Inc. brand.",Bubble tea powders contain undeclared allergens.,"Boba Direct, Inc.",Class II,Terminated,Voluntary: Firm initiated,"US: IL, MO, OH, FL, and TN",Product code: PinePwdr-BD; All lots,Food,Mundelein,IL,United States,20130109,20150707,20150715,64079
F-2351-2017,"Ravioli  Orso. Product is made refrigerated.    Product is packaged in plastic containers. The plastic containers are marked on the side of the container with the customer name (middle top), date of production (bottom left), and weight of product in lbs (bottom right). Some containers have Alaska Pasta written on them.     Product is not packaged for retail and weights vary depending on orders.","Undeclared soy lecithin. The firm used Canola oil cooking spray, which contains soy lecithin, in the manufacture of product but soy or soy lecithin is not declared on finished product label.",Alaska Pasta Company,Class II,Terminated,Voluntary: Firm initiated,distributed in AK only.,No lot codes.  The date of production is marked on the side of the plastic container.,Food,Anchorage,AK,United States,20170522,20170607,20170614,77356
F-0988-2022,"Item # 721-1000, Krusteaz Belgian Waffle Mix.  Product is shelf stable and packaged in a box. net wt. 28 oz., UPC 0 41449 00186 9.",foreign materials,Continental Mills (Corporate Office),Class II,Terminated,Voluntary: Firm initiated,nationwide,Lot code KX2064 and KX2065; Best by 3/4/24 and 3/5/24,Food,Tukwila,WA,United States,20220310,20220408,20220420,89789
F-2196-2014,"Country Life TARGET MINS CALCIUM MAGNESIUM With Vitamin D3 Complex, WILD BLUEBERRY FLAVOR, LIQUID Dietary Supplement, 16 FL. OZ. (1 PINT) (472 mL), Product No. 2523, Bar Code 015794025238, and 32 FL. OZ. (1 QT) (944 mL), Product No. 2522, Bar code 015794025221 --- Manufactured for Country Life, LLC 180 Vanderbilt Motor Parkway, Hauppauge, NY 11788",The affected lots do not meet quality standards due to insoluble particulates.,Country Life,Class II,Terminated,Voluntary: Firm initiated,Nationwide and Kenya,"Code 2523: Lot 1112H6-G16 (16 fl. oz), Code 2522: Lot 1112H6-G32 (32 fl. oz.)",Food,Hauppauge,NY,United States,20140619,20140721,20140730,68597
F-1197-2023,S04380	BEEF RUB                    X1	50.00	BAG,Products may contain Salmonella,"Newly Weds Foods, Inc.",Class I,Terminated,Voluntary: Firm initiated,"ALABAMA, ARKANSAS, CALIFORNIA, COLORADO, FLORIDA, GEORGIA, ILLINOIS, INDIANA, IOWA, KANSAS, KENTUCKY, LOUISIANA, MICHIGAN, MINNESOTA, MISSISSIPPI, MISSOURI, MONTANA, NEBRASKA, NEW JERSEY, NEW YORK, NORTH CAROLINA, OHIO, OKLAHOMA, OREGON, PENNSYLVANIA, TENNESSEE, TEXAS ,WISCONSIN.  CANADA.",YE674634 YE674635,Food,Chicago,IL,United States,20230526,20230705,20230712,92423
F-0832-2023,Fresh From Meijer Chicken Cobb Salad 8.8 Oz UPC - 719283679321,Listeria monocytogenes,Meijer Inc,Class I,Terminated,Voluntary: Firm initiated,"Meijer stores in Michigan, Indiana, Illinois, Ohio, Kentucky, and Wisconsin",Sell by 3/19/2023 to 3/28/2023,Food,Grand Rapids,MI,United States,20230405,20230509,20230517,92119
F-0316-2018,"Dark Chocolate Almond Bark 10 oz.,10 lbs.","GKI Foods of Brighton, Michigan is voluntarily recalling multiple dark chocolate products because they may contain an undeclared milk allergen.","GKI Foods, LLC",Class II,Terminated,Voluntary: Firm initiated,"Domestic: MI, IN, IL, FL, TX, CA., NV, OR, NH, NY, NJ, VA, WI, KY, DE, PA, CT, PR, OH, RI, IA,",All products manufactured between 01/14/16 to 10/24/17; Lots: Lot# 01916B  Lot# 04216  Lot# 08916  Lot# 10216  Lot# 13216B  Lot# 16016B  Lot# 19316B  Lot# 19416B  Lot# 22316  Lot# 26016  Lot# 26316  Lot# 30516  Lot# 30616  Lot# 30616  Lot# 27516B  Lot# 31416  Lot# 32016  Lot# 35416B  Lot# 35516  Lot# 10817B  Lot# 11617  Lot# 11617  Lot# 12917  Lot# 15917  Lot# 17117  Lot# 19317  Lot# 19417  Lot# 21917B  Lot# 23417  Lot# 27617B  Lot# 27917    Lot# 04216  Lot# 08216B  Lot# 08216B  Lot# 10216  Lot# 10216B  Lot# 13216B  Lot# 13816  Lot# 20916  Lot# 20916  Lot# 22316  Lot# 22316  Lot# 25616B  Lot# 25816  Lot# 25816B  Lot# 25916  Lot# 25916B  Lot# 26016  Lot# 27516B  Lot# 30616  Lot# 33516  Lot# 34916  Lot# 35016  Lot# 01817  Lot# 02317  Lot# 04617  Lot# 19417  Lot# 19417  Lot# 19517  Lot# 19817  Lot# 19917  Lot# 20117  Lot# 20517    Lot# 08216B  Lot# 08916    Lot# 00616B  Lot# 01916B  Lot# 06016  Lot# 08216B  Lot# 10216B  Lot# 10216B  Lot# 13216B  Lot# 13816  Lot# 13816  Lot# 16016B  Lot# 18016  Lot# 18116  Lot# 20016  Lot# 20716B  Lot# 20916  Lot# 23516  Lot# 23916  Lot# 27516B  Lot# 32016  Lot# 33516  Lot# 33516  Lot# 34916  Lot# 35016  Lot# 35516  Lot# 35516B  Lot# 05517  Lot# 05917B  Lot# 06217  Lot# 06517  Lot# 06517  Lot# 09417  Lot# 09417  Lot# 10817B  Lot# 12917  Lot# 15917  Lot# 18617  Lot# 19317  Lot# 20517  Lot# 21217B  Lot# 21917B  Lot# 23417  Lot# 24817  Lot# 25117  Lot# 26517B    Lot# 04216  Lot# 05616  Lot# 06016  Lot# 19416B  Lot# 19516  Lot# 20016  Lot# 22316B  Lot# 23316  Lot# 23516  Lot# 26416B  Lot# 27516B  Lot# 34916  Lot# 35016  Lot# 01317  Lot# 01817  Lot# 02317  Lot# 05517  Lot# 09417  Lot# 17117  Lot# 18617  Lot# 26517B  Lot# 27917  Lot# 29217    Lot# 26316  Lot# 24817  Lot# 25017,Food,Brighton,MI,United States,20171027,20171117,20171129,78405
F-0609-2019,"Ukrop's Cuban Style Sub,  NET WT 8.3 OZ (235g),   UPC 72251525152",The products may have come into contact with equipment used to process the country ham the supplier recalled for Listeria monocytogenes.,"Ukrop's Homestyle Foods, LLC",Class I,Terminated,Voluntary: Firm initiated,"Product was shipped to 5 different states:  Virginia, West Virginia, Kentucky, Ohio, Tennessee.    Retailer List  The Kroger Co.  VA, WV, TN, KY, OH  Harris Teeter  VA only  Publix  VA only  Hudson News  VA only  Ukrops Catering  VA only",125152,Food,North Chesterfield,VA,United States,20181004,20181113,20181121,81226
F-0857-2020,"WinCo Foods frozen Berry Medley (Strawberries, Blackberries, Raspberries and Blueberries), item# 107412, packaged in polyethylene bags. Product is distributed by WinCo Foods, LLC, Boise, ID 83704.    Net weight 16 oz (1 lb or 454 g).  UPC 70552 30522.  Net weight  32 oz (2 lb or 907 g). UPC 70552 30512.    The label is read in parts: ""***WinCo FOODS*** Berry Medley***strawberries, blackberries, raspberries $ blueberries***KEEP FROZEN***"".",The product was found to be adulterated with Norovirus.,Winco Foods Llc,Class II,Terminated,Voluntary: Firm initiated,"Product was distributed in Arizona, California, Idaho, Montana, Nevada, Oklahoma, Oregon, Washington, Texas, and Utah.",Best By Code DEC/9/21.  Lot 4344905    Lot code breakdown as follows:    4 = IQF FACILITY  344 = JULIAN DATE (DECEMBER 10)  9 = YEAR 2019   05 = LINE # 5,Food,Boise,ID,United States,20200313,20200325,20200401,85219
F-2240-2012,"Dairy Fresh Special  Recipe Mustard Potato Salad, 16 oz.., 0 70163 98105 8","Recalled salads, slaw, salsa, bean and dips contained onions that were recalled by Gills Onions due to potential Listeria monocytogenes contamination.","Garden-Fresh Foods, Inc.",Class I,Terminated,Voluntary: Firm initiated,AZ  CA  FL  IA  IL  IN  MA  MI  MN  MO  OH  PA  TX  WI,"98105, 8/22/2012",Food,Milwaukee,WI,United States,20120727,20120907,20120919,62707
F-0206-2025,GOOD & GATHER	12/9oz GRDL WFL MINI HSTYLE ORG-GDGTR	UPC	085239343029 H-E-B	12/9oz GRDL WFL MINI HSTYLE ORG-HEBUT	UPC	041220708413 365 ORGANIC	12/9oz GRDL WFL MINI HSTYLE ORG - 365OR	UPC	099482436995 WEGMANS	12/9oz GRDL WFL MINI HSTYLE ORG - WEGMN	UPC	077890481448,potential to be contaminated with Listeria monocytogenes,Treehouse Foods,Class II,Terminated,Voluntary: Firm initiated,Nationwide in USA and Canada,All Batch Codes starting with 2C and within shelf-life. Best By Dates: OCT 01 2024 to OCT 11 2025,Food,Oak Brook,IL,United States,20241017,20241127,20241204,95578
F-1583-2019,"Chocolate Mint Chip Cookie Mix, 27.1 oz glass jar, 6/case",Firm's supplier notified them of potential E.coli contamination in flour they received.,Brand Castle LLC,Class I,Terminated,Voluntary: Firm initiated,"Distributed in Ohio, Alabama, New York, South Carolina, Minnesota, Missouri, Utah, Iowa, Kansas, Nebraska.","Lot# LM101518, Exp 10/15/19",Food,Bedford Heights,OH,United States,20190617,20190722,20190731,83170
F-0921-2021,Lebenswert Anfangsmilch Stage 1 Organic Infant Milk Formula,"The required pre-market notifications for these new  infant formulas have not been submitted to the FDA. Some products contain less than 1 milligram of iron per 100 Calories and may not provide adequate iron for some infants, particularly infants born prematurely or with a low birth weight, had low iron levels at birth, or are at risk for becoming iron deficient due to illness. All products are not labeled as required by 21 CFR 107 .10 and 107.20 and do not bear mandatory labeling statements in English.",Able Groupe Inc,Class I,Terminated,Voluntary: Firm initiated,All sales are direct from firm website - littlebundle.com,All codes,Food,Sparks,NV,United States,20210808,20210901,20210825,88432
F-2768-2015,"Fruit Juice Candy Bonbons de Jus de Fruits, Net Wt 8 oz (227g), UPC Code 6 923648 832113, Manufacturer. Jin Shun FA Food Co., Ltd. 147 community shops Southwest District Luoshan Street Jinjiang of Fujian, Sole Agent of U.S.A.: Fine Land Corp. 376 Vernon Ave, Brooklyn, NY 11206, Sole Agent of Canada: PT Trading Enterprises Ltd. 928 Kingsway, Vancouver, B.C. V5V 3C4.  Product of P.R.C.",The Florida Dept of Agriculture sample tested positive for lead at concentration of 0.226 ppm (ug/g).,Fine Land Corp,Class II,Terminated,Voluntary: Firm initiated,FL & NY via retail stores,MERRYY2011/10,Food,Brooklyn,NY,United States,20150511,20150624,20150701,71288
F-1177-2023,G96378	LOTTA ZING SAUCE MIX    X2	15.00	CASE,Products may contain Salmonella,"Newly Weds Foods, Inc.",Class I,Terminated,Voluntary: Firm initiated,"ALABAMA, ARKANSAS, CALIFORNIA, COLORADO, FLORIDA, GEORGIA, ILLINOIS, INDIANA, IOWA, KANSAS, KENTUCKY, LOUISIANA, MICHIGAN, MINNESOTA, MISSISSIPPI, MISSOURI, MONTANA, NEBRASKA, NEW JERSEY, NEW YORK, NORTH CAROLINA, OHIO, OKLAHOMA, OREGON, PENNSYLVANIA, TENNESSEE, TEXAS ,WISCONSIN.  CANADA.",MS249538,Food,Chicago,IL,United States,20230526,20230705,20230712,92423
F-0232-2013,#333 Caribbean Fruit Salad	5 pounds,"During an FDA inspection, microbiological swabs were collected and the results found that 21 sub samples in zones 1, 2 & 3 are positive for Listeria Monocytogenes (L.M.), Listeria innocua (L.I.) or Listeria seeligeri (L.S.).  The firm is voluntarily recalling all products manufactured from August 20th to September 10th 2012 due to the possible contamination.  All lots with sell by dates on or befo",Spartan Central Kitchen,Class II,Terminated,Voluntary: Firm initiated,MI and OH only.,All products with the sell by date on or before October 2nd.,Food,Grand Rapids,MI,United States,20120910,20121018,20121024,63159
F-0415-2019,Parasite Cleansing Kit Peppermint,"Routine quality testing identified elevated levels of lead above applicable 2232 levels, which may pose potential health risks to a portion of the population.",NUTRANEXT BUSINESS LLC,Class II,Terminated,Voluntary: Firm initiated,US and Foreign Consignees only. No government consignees.,Batch #  SC717  SC678  SC656  SC656  SC634  SC6260  SC573  SC553  SC542  SC535  SC529  SC513  SC504,Food,Sunrise,FL,United States,20181001,20181108,20181114,81215
F-0714-2021,"Banner Smoked Fish Inc. brand Sliced Gravlax (Salmon (fish), Salt, Sugar, Dill, Pepper, Sodium Nitrite)",Product may be contaminated with Listeria monocytogenes.,Banner Smoked Fish Inc.,Class I,Terminated,Voluntary: Firm initiated,"NY, NJ, IL, PA, CA, FL, NE, AZ, MA, MD, VA, NV, OR, WI, NC, SC, and GA area.",All lots; all package sizes; all product within expiry,Food,Brooklyn,NY,United States,20210601,20210624,20210630,88032
F-1998-2019,"Breader, Item Number 30753150.49, Net Wt. 50 lb, Distributed by Kerry Ingredients & Flavours, Beloit, WI",Product contains foreign material (nylon string),"Kerry, Inc",Class II,Terminated,Voluntary: Firm initiated,"Distributed to manufacturers and food service distributors in the following US states: AL, AR, CA FL, GA, MO, OH, OK, TX, and WI.","0617987101, 0620987105, 0624987102, 0624987103, 715987105, 718987105, and 0722987135",Food,Beloit,WI,United States,20190729,20190813,20190821,83498
F-1039-2014,"Garden-Fresh,	Seafood Salad Rouille,	1/5 lb.,		0 11596 55187 6,	12/6/2013;","Garden-Fresh Foods is recalling various cut vegetables,  ready-to-eat salads, slaw, spread and dip products sold under various brands and code dates manufactured prior to November 06, 2013  because they may be contaminated with Listeria monocytogenes.","Garden-Fresh Foods, Inc.",Class I,Terminated,Voluntary: Firm initiated,"IL, IN, MI, MN, MO, OH, PA, WI.","0 11596 55187 6, 12/6/2013;  ;",Food,Milwaukee,WI,United States,20131107,20131218,20131225,66819
F-1938-2013,"MAX Brand RESVERATROL, 120 Count Capsules.    Product labeling reads in part:""MAX RESVERATROL***Dietary Supplement 120 CAPSULES***Manufactured in FDA Approved Facility for:HealthMax Products Inc. Altadena, CA 91001***0 65176 30325 6"".","In response to a FDA inspection, the firm initiated this voluntary recall of various dietary supplements due to the following problems of mislabeling: 1) product named on the label is not actual product contained; 2)ingredients listed are not actual ingredients contained.",Healthmaxx Global Inc.,Class III,Terminated,Voluntary: Firm initiated,"CA, MD, and NY",Lot # A0830  UPC 0 65176 30325 6,Food,Hacienda Heights,CA,United States,20130610,20130924,20131002,65733
F-1985-2017,"Wegmans Milk Chocolate Sucker, NET WT 3 OZ.  The product is shipped within a carton labeled with an orange label as  WEGMANS SWISS RECIPE Milk Chocolate Big Ear Bunny Sucker (3 oz 36 count case).  The individual product contains a lavender label and read Wegmans Milk Chocolate Sucker,  comes in a 3-oz., clear plastic flow wrap 6  long by 2  wide.",Contains Undeclared Peanuts,"Landies Candies, Inc.",Class I,Terminated,Voluntary: Firm initiated,New York region through Wegman's Stores,Lot #35016  Best by 9-15-2017,Food,Buffalo,NY,United States,20170306,20170418,20170426,76657
F-1229-2014,"Stonemill Tabouli Salad, Formula VE.105 packaged in  2/5-lb (UPC 071117114966) carton cases.  Reser's Fine Foods, Inc., Beaverton, OR.",The recalled products are potentially contaminated with Listeria monocytogenes.,"Reser's Fine Foods, Inc.",Class I,Terminated,Voluntary: Firm initiated,"Distribution was made to AL, AR, AZ, CA, CO, CT, DE, FL, GA, HI, IA, IL, IN, KS, KY, LA, MA, MD, ME, MI, MO, MS, NC, NE, NH, NJ, NM, NV, NY, OH, OK, OR, PA, SC, SD, TN, TX, VA, WI, WV AND WY.   Distribution was also made to Canada.",Use by dates 10/16/13 - 11/15/13.,Food,Beaverton,OR,United States,20131022,20131224,20140101,66563
F-0095-2020,"Chicken Salad Croissant Sandwich, UPC 2 07275-XXXXX.  Keep Refrigerated.",Chicken Salad sandwiches have the potential to be contaminated with Listeria monocytogenes.,"Coborn's, Inc",Class I,Terminated,Voluntary: Firm initiated,"MN, ND, SD, WI","Use by Dates on or before 0ct 3, 2019",Food,Saint Cloud,MN,United States,20191001,20191030,20191030,83950
F-0554-2016,"Pantry Essentials Hot Dog Buns;  8 buns; NET WT 12 oz 340 g  UPC 0 21130 27084 2;  Distributed for: Lucerne Foods Inc.  Pleasanton, CA 94566    Contains: Wheat  May Contain eggs, milk.",Cloth material that is part of the production equipment may be in the product.,"Albertsons Companies, Inc.",Class II,Terminated,Voluntary: Firm initiated,"CA, HI, NV",Sell by 1/25/16,Food,Pleasanton,CA,United States,20160110,20160205,20160217,73040
F-1025-2018,"Mrs. Gerry's Deviled Egg Potato Salad, Packaged into the following size containers:    1.  Net Wt. 3 lb. (1.36 kg) UPC 17839-09003,     2.  Net Wt. 5 lb. (2.26 kg), UPC 17839-09005.    3.  Net Wt. 12 lb. (5.45 kg), UPC 17839-09012  Keep Refrigerated.  Manufactured by Mrs. Gerry's, Albert Lea, MN  56007",Firm is recalling various Egg Salads and Potato Salads because they may contain undeclared traces of imitation crab meat,"Mrs Gerry's Kitchen, Inc",Class II,Terminated,Voluntary: Firm initiated,"IA, IL, KS, MI, MN, MO, MT, ND, NE, SD, UT, WI",Use by:  4/23/18,Food,Albert Lea,MN,United States,20180325,20180416,20180425,79633
F-1218-2024,California Wine Wafer - Mocha Chocolate and Original Wine Wafer - Mocha Chocolate [Two sizes: retail package of 8 wafers (7 oz) and retail gift package of 2 wafers (2 oz)],Undeclared allergen (milk),Sacramento Cookie Factory,Class II,Ongoing,Voluntary: Firm initiated,"U.S. Distribution to the following states: CA, AK, IA, NY, TX, FL, WA, NJ, WA, VA, GA, TN, AZ, AL, NC. For foreign or government distribution.",All best by dates up to 4/2/2025 (shelf life is 1 year from manufacture date). Firm does not apply lot codes.,Food,Sacramento,CA,United States,20240417,20240506,20240515,94390
F-0577-2015,"Kerry 52-0189-02 All Purpose Beef & Chicken Meatball Seasoning, Net WT 43.42 lbs (19.69 Kg) , B18517.01.","Kerry Ingredients is recalling two products, Italian Pork and Beef Meatball Seasoning, and Beef and Chicken Meatball Seasoning, because they were processed on the same equipment as Breakfast Sausage Seasoning which tested positive for Salmonella.  Kerry determined that the source of the Salmonella was an ingredient used in the Breakfast Sausage Seasoning.",Kerry Foods,Class II,Terminated,Voluntary: Firm initiated,"IL, WI, KY, PA, AR, KS.    CANADA",lot 0505460104,Food,Beloit,WI,United States,20140512,20141126,20141203,68307
F-1634-2014,"Valued Naturals Natural Coconut Net wt. 8oz (216.80g) Imported by Philippines   International Foodsource LLC 52 Richboynton Rd, Dover, NJ 07801    Packaged in 8 oz bag 12 per case.",NYSDAM Laboratory Analysis Reports has determined that Valued Naturals Natural Coconut contains 28.1 ppm sulfites.,"International Foodsource, LLC",Class III,Terminated,Voluntary: Firm initiated,Nationwide,"UPC  7-90429-22603-6  Retail Lots -  62289, 62752, 63046, 63374, 63541, 63614, 63800    UPC 7-90429-22603-6  12x6x6 (5# boxes) - 63059",Food,Dover,NJ,United States,20131217,20140312,20140319,67476
F-1427-2024,Cream Cheese Stuffed Plain Mini Bagels,Contains undeclared gluten,FEEL GOOD FOODS INC,Class II,Terminated,Voluntary: Firm initiated,nationwide,Best By Dates ranging from 5/29/24 to 9/17/25 UPC:89903900283,Food,New York,NY,United States,20240410,20240627,20240703,94392
F-1859-2013,Butter (salted).  8oz round clear plastic tub and 5 gallon pail.  UPC Code 7 93573 09802 3.,Elevated coliform and standard plate count.,Contoocook Creamery,Class II,Terminated,Voluntary: Firm initiated,NH only.  No foreign distribution.,N/A,Food,Contoocook,NH,United States,20130517,20130905,20130911,65325
F-3244-2015,"FRESH ORIGINS Microgreens Celery NET WT 4 OZ San Marcos, CA 92069 packed in clear plastic clam shell.",Tested positive for Salmonella,"Hardies Fruit & Vegetable Co., LP",Class I,Terminated,Voluntary: Firm initiated,"Dallas, TX",1899,Food,Dallas,TX,United States,20150825,20150922,20150930,72041
F-1218-2018,Ben & Jerry's Non Diary Coconut 7 layer 16 fl oz    UPC: 768406744668    Target item number: 288-7-2060,Shipping container from CA to HI was not held at proper temperature which could cause food items to be contaminated with spoilage organisms or pathogens,Target Corporation,Class II,Terminated,Voluntary: Firm initiated,HI,"All product purchased at  Target store T2780, Honolulu, HI from March 23 through March 27, 2018.",Food,Minneapolis,MN,United States,20180327,20180503,20180509,79663
F-0237-2024,"Quick & Fresh, Tuna Salad Croissant, Net . Wt. 8 Oz. Single Serving, Keep refrigerated","On 02/03/2023, FRESH IDEATION FOOD GROUP, LLC dba Fresh Creative Cuisine of Baltimore, MD is  initiating a recall of  various products sold from January 24, 2023 through January 30, 2023 because the products have the potential to be contaminated with Listeria monocytogenes .","FRESH IDEATION FOOD GROUP, LLC dba Fresh Creative Cuisine",Class I,Terminated,Voluntary: Firm initiated,"The recalled product was distributed to the following states: MD, PA, DE, NY, DC, NJ, NC, CT, SC, VA, MA .",UPC Code : 813141021694,Food,Baltimore,MD,United States,20230203,20231017,20230322,91653
F-1046-2019,"CTFO Pain Relief Oral Spray with pure CBD Hemp Oil isolate Dietary Supplement, 1oz/30ml.","Recalling firm's consignee conducted third party micro testing showing microbial contamination in specific lots of the following products: CTFO Sleep Support Oral Spray (Aspergillus), CTFO Pain Relief Oral Spray (total aerobic bacteria), and CTFO Weight Loss Oral Spray (Enterobacteriaceae).","Nutrafuels, Inc.",Class II,Terminated,Voluntary: Firm initiated,US Domestic Consignees only.,Lot 8180141  Exp: 7/20,Food,Coconut Creek,FL,United States,20190111,20190220,20190227,81988
F-1239-2013,"Rye bread with the following brands:    Village Hearth , Rye Cottage Bread, NET WT 24 OZ ( 1 LB 8OZ) (680g) , East Coast Caraway Rye, NET WT 20 OZ (1 LB 4 OZ (567g) , PAN-O-GOLD VILLAGE HEARTH BAKER ST, ST. CLOUD, MN 56302.    	Cub Foods, Deli Rye, NET WT 16 OZ (1 LB) 454 g, Distributed by SUPERVALU INC., Eden prairie, MN 55344.    	Essential Everyday, Deli Rye Bread, NET WT 16 OZ (1 LB) 454 g Distributed by Supervalu Inc., Eden Prairie, MN 55344,                          Flvorite, Deli Rye, NET WT 16 OZ (1 lb) 454 g, Distributed by SUPERVALU INC., Eden prairie, MN 55344.    	Family Choice, Northern Rye Bread, NET WT 16OZ (1 LB) (454G), Seeded Bye Bread, NET WT 20 OZ (1 LB 4 OZ) (567g),  Unseeded Rye Bread, NET WT 20 OZ (1 LB 4 OZ) (567g), PAN-O-GOLD VILLAGE HEARTH BAKER ST, ST. CLOUD, MN 56302.    	Piggly Wiggly, Rye, Seeded Caraway Rye, NET WT 20 OZ (1LB 4 OZ) 568g., distributed by Piggly Wiggly LLC, Keene, NH 03431.    	Food  Club, Rye, NET WT 16 OZ (1 LB) 454g., Distributed by Topco Associates LLC, 7711 Gross Point Road, Skokie, ILL 60077.    	Shurfresh, Rye, Seeded Rye, Unseeded Rye, NET WT 16 OZ (1LB) 454g & 20 OZ (1LB 4 OZ) 567g., Distributed by Topco Associates LLC, 7711 Gross Point Road, Skokie, ILL 60077.",A recall has been initiated by Pan-O-Gold Baking Co. after they were notified by Dakota Specialty Milling of a potential foreign material (stainless steel wire from disintegrated sifter screen) risk to the rye flour Pan O Gold uses as an ingredient in all of their rye breads.,Pan -O- Gold Baking Co,Class II,Terminated,Voluntary: Firm initiated,"IL, IN, IA, MN, MT, NE, ND, SD, WI.","Feb 12 P1..., Feb 12 P3..., Feb 13 P1..., Feb 13 P3..., Feb 14 P1...,   Feb 14 P3..., Feb 15 P1..., Feb 15 P3...,Feb 16 P1..., Feb 16 P3...,Feb 17 P1...,   Feb 17 P3..., Feb 18 P1..., Feb 18 P3..., Feb 19 P1...,Feb 19 P3...",Food,Saint Cloud,MN,United States,20130206,20130319,20130327,64617
F-1900-2017,"Good Plenty Brand Supreme Abalone Noodles, 21.2 oz. box.  Each box contains Retort pouch of Noodles and Abalone.  These two pouches are packed together in the box; 10 boxes per case.","During an FDA foreign inspection, it was discovered that Wheat was not properly declared on the product labeling. Wheat is an ingredient in the noodles contained in the product. Wheat is listed in the Contains statement.",Lian Hwa Foods (USA) Inc.,Class III,Terminated,Voluntary: Firm initiated,CA only,"Noodle Pack: serial numbers :1-238, expiration date:23/Dec./2017  Abalone Pack: serial numbers : 1-217, expiration date:23/Dec./2017",Food,Union City,CA,United States,20170214,20170407,20170419,76705
F-2397-2015,"RN BlueChip: Glutamine, L-Glutamine Powder, 400 grams, Distributed by Reaction Nutrition, Carnegie, PA",Work out support nutritional supplements manufactured on shared equipment may contain unknown amounts of whey protein and soy.,Reaction Nutrition LLC,Class II,Terminated,Voluntary: Firm initiated,nationwide to retailers and consumers,"lot PB0042115, UPC 0019962168536",Food,Carnegie,PA,United States,20150415,20150605,20150617,71095
H-0255-2025,"C Sweet Sweet Kaak 12 oz.,  UPC 721782348912",Undeclared wheat,C SWEET PASTRY LLC,Class II,Terminated,Voluntary: Firm initiated,MI,Sell by 7/15/2025,Food,Dearborn,MI,United States,20250625,20250710,20250716,97156
F-1343-2013,"Assorted Non-Pareil Seeds; Ozone Confectioners, Elmwood Park, New Jersey 07407.  Non-Pareil Seeds, 10 LBS. Net","Undeclared FD&C Colors Yellow #5, Yellow #6, Red #3, Red #40, Blue #1 and Blue #2.",Ozone Confection & Bakers Supply Co.,Class II,Terminated,Voluntary: Firm initiated,"Florida, New Jersey, Pennsylvania, Massachusets and New Hampshire and Maryland.",distributed between 8/2012 and 3/1/2013.,Food,Elmwood Park,NJ,United States,20130307,20130424,20130501,64605
F-2176-2015,Inked Mango Energy Drink,May contain a trace amount of Tree Nuts (walnut) which is not listed in the ingredient list,Cott Beverages Inc.,Class II,Terminated,Voluntary: Firm initiated,"US, Canada and Panama.","UPC(473 ml): 0-61500-12211-1,   UPC(12 x 473 ml): 0-61500-12212-8;   ALL LOT CODE DATES",Food,Tampa,FL,United States,20150224,20150506,20150513,70611
F-1492-2024,"Sweet Preserved Dried Plums; Farmer's Grange; Series Food; 88g; Plastic synthetic (flexible) package; INGREDIENTS: Plum, Salt, Sugar, ADDITIVES: Clove, Cinnamon, Liquorice, Citric acid, Red #40.; Product contains sulfite; PRODUCT OF CHINA (T.F.C).",Product contains undeclared cyclamates.,Tiffany Food Corp.,Class III,Terminated,Voluntary: Firm initiated,"NY, TX, AZ, NJ, TN",Expiration: 11-06-2024,Food,Brooklyn,NY,United States,20240418,20240723,20240731,94889
F-0875-2018,Meijer Greek Yogurt 0% Blueberry 5.3 oz.    The products are packaged in a plastic cup with a foil seal and a label listing the above-mentioned UPCs.,The firm is announcing a voluntary recall of select Meijer branded Greek and Low-fat yogurt as a precautionary measure due to the potential risk of small particles of glass.,"Meijer Distribution, Inc",Class II,Terminated,Voluntary: Firm initiated,"Domestic: Meijer stores in Michigan, Ohio, Indiana, Illinois, Kentucky and Wisconsin    No Foreign or VA/DOD",Date code for all products: 3/8/2018    7-60236-12431-3        Meijer Greek Yogurt 0% Blueberry 5.3 oz.,Food,Grand Rapids,MI,United States,20180205,20180301,20180307,79163
F-1020-2014,"Garden-Fresh,	Red Cabbage Shredded,	1/5 lb.,		0 11596 50590,  	Manufactured on 10/28/2013 - 11/6/2013;  Garden-Fresh,	Red Cabbage Shredded	4/5 lb.,		0 11596 50592 3,	10/28/2013 - 11/6/2013;","Garden-Fresh Foods is recalling various cut vegetables,  ready-to-eat salads, slaw, spread and dip products sold under various brands and code dates manufactured prior to November 06, 2013  because they may be contaminated with Listeria monocytogenes.","Garden-Fresh Foods, Inc.",Class I,Terminated,Voluntary: Firm initiated,"IL, IN, MI, MN, MO, OH, PA, WI.",0 11596 50590   10/28/2013 - 11/6/2013;    0 11596 50592 3 10/28/2013 - 11/6/2013    ;,Food,Milwaukee,WI,United States,20131107,20131218,20131225,66819
F-0792-2023,"PROSANTE TVGPTN 12BF7 MNCD 50LB BG/36P, paper bag",Products with a gluten free claim may contain gluten levels above 20 ppm.,"Cargill, Inc         Corporate Headquarters",Class II,Terminated,Voluntary: Firm initiated,"Nationwide United States, Canada, Chile, Costa Rica, Guatemala, Mexico, and United Kingdom",100001377-36022CHXEA,Food,Wayzata,MN,United States,20230330,20230501,20230510,92013
F-0168-2018,"Mann's Family Favorites Broccoli Cauliflower Florets, 16 oz bags - UPC  716519012174- US    12 oz bags - UPC 716519013034 - US and Canada    Also sold under brand names of:  US  Archer Farms - 12 oz. bag:  UPC - 085239341148    HEB - 12 oz. bag  UPC - 4122097503    Signature Farms -   12 oz. bags  UPC - 021130983407  28 oz. bags  UPC -021130984497     Walmart - 12 oz. bag  UPC 681131328852-",CFIA sampled one salad product which resulted in a positive result for Listeria monocytogenes.,"Mann Packing Company, Inc.",Class I,Terminated,Voluntary: Firm initiated,US and Canada,Best if Used by - 16 oz.  10/14/2017  10/16/2017;    12 oz. bags; US  10/14/2017  10/15/2017  10/16/2017.    Archer Farms:  10/14/2017  10/15/2017    HEB:  10/14/2017  10/15/2017  10/16/2017    Signature Farms  12 oz. bags  10/14/2017  10/15/2017  10/16/2017   28 oz. bags  10/14/2017  10/15/2017  10/16/2017    Walmart 12 oz. bag  10/14/2017  10/15/2017  10/16/2017,Food,Salinas,CA,United States,20171019,20171114,20171115,78326
F-2059-2016,"Product label reads in part: ""MR.SPECIAL PANCAKES***PANCAKES & WAFFLE MIX***Peso Neto/Net Weight 11 gr""",Undeclared allergen: Soy lecithin,"Productos La Finca, Inc.",Class II,Terminated,Voluntary: Firm initiated,Puerto Rico only.,Lots: 15280 and 16118,Food,Sabana Grande,PR,United States,20160712,20160902,20160914,74684
H-0366-2026,Sapori Amaretti Almonds 175 g Cookies,Contains elevated levels of hydrocyanic acid,D. Coluccio & Sons Inc.,Class II,Ongoing,Voluntary: Firm initiated,"NY, NJ, GA, CA",Lot L355122 1 - Best Before Date: 02.05.2026 LotL355246 1 - Best Before Date: 03.09.2026,Food,Brooklyn,NY,United States,20251214,20260106,20260114,98134
F-0492-2019,"Coffee House Crunch Ice Cream, 3 gallons",Products may be contaminated with  Listeria monocytogenes.,Working Cow Homemade Inc.,Class I,Terminated,Voluntary: Firm initiated,US Consignees only. No foreign nor government consignees.,"""8/29/2017 - 10/11/2018""",Food,Saint Petersburg,FL,United States,20180928,20181113,20181121,81156
F-1602-2016,"Donut Flour, Net Wgt. 50 lbs. (22.68 kgs.), Mfg. By: Grain Craft, Birmingham, AL 35214.",Possible Peanut Protein contamination.,"Grain Craft, Inc.",Class II,Terminated,Voluntary: Firm initiated,"FL, GA, LA, MI, MO, NC, NJ, TN and TX.","SKU: 1014050, Lot codes: 79-21-030216, 101-21-032816, 79-21-030216, 101-21-032816, 765-21-032116, 69-21-032316, 70-21-032516, 58-21-032516, 50-21-040216, 229-21-030910, 401-21-031616, 581-21-031816, 760-21-032416, 850-21-032916, 62-21-032916, 221-21-041116, 244-21-041316, 412-21-041916, 21-031616-01, 21-031616-01, 21-031716-01, 21-032416-01, 21-032416-01, 21-032516-01, 21-032516-01, 21-032816-01, 21-032916-01, 21-032916-01, 21-033016-01, 21-033016-01, 21-033116-01, 21-040516-01, 21-040616-01, 21-040716-01, 21-040816-01, 21-041216-01, 21-041316-01, 21-041516-01, 21-031416-01, 21-031516-01, 21-031516-01, 21-031716-01, 21-031716-01, 21-032116-01, 21-032116-01, 21-032316-01, 21-032316-01, 21-032416-01, 21-032816-01, 21-033016-01, 21-040616-01, 21-040816-01, 21-040816-01, 21-041116-01, 21-041116-01, 21-041316-01, 21-031616-01, 21-032116-01, 21-032416-01, 21-040616-01, 21-041116-01, 21-041516-01, 21-042516-01, 21-041616-01, 21-042216, 21-042616-01, 21-031616-01, 21-031716-01, 21-031616-01, 21-031816-01, 21-031716-01, 21-031916-01, 21-032116-01, 21-032216-01, 21-031816-01, 21-031816-01, 21-032116-01, 21-032516-01, 21-032216-01, 21-032316-01, 21-032616-01, 21-032816-01, 21-032916-01, 21-032516-01, 21-032516-01, 21-032816-01, 21-033016-01, 21-033016-01, 21-033116-01, 21-040216-01, 21-040216-02, 21-040416-01, 21-040516-01, 21-040116, 21-040616-01, 21-040516-01, 21-040716-01, 21-040616-01, 21-040716-01, 21-040816-01, 21-041116, 21-041216-01, 21-041416-01, 21-041516, 21-041816-01, 21-042016-01, 21-042116, 21-042216-01, 21-042516-01, 21-042616-01, 21-042616-01, 21-042716, 21-042816-01, and 21-042916-01 and 21-042916-01.",Food,Chattanooga,TN,United States,20160524,20160706,20160713,74305
F-1671-2022,"kate farms Peptide  1.5 Cal/mL, Plain, Sole-Source Nutrition Formula.  325 mL (11 fl oz) UPC  8 51823-00646 1.  12 count case UPC 00851823006379.  Shake Well.  A ready-to-use oral and tube feeding formula with enzymatically hydrolyzed organic pea protein.  Made for Kate Farms, Inc., 101 Innovation Place, Santa Barbara, CA  93708",Findings and potential for Cronobacter sakazakii and Clostridium botulinum.,"Lyons Magnus, Inc",Class I,Terminated,Voluntary: Firm initiated,Nationwide,EXPANDED 8-10-2022        Lot Code 9031 / Best By Date 11/05/2022,Food,Fresno,CA,United States,20220722,20220830,20220907,90667
F-2433-2016,"UPC 041498205379,	Southern Grove Tuscan Trail Mix, Best By/Date Code: 4/28/2017 .",TreeHouse Foods is recalling products that may be impacted by sunflower seeds  contaminated with Listeria monocytogenes.,Treehouse Foods,Class I,Terminated,Voluntary: Firm initiated,"US: AL, AZ, AR, CA, CO, CT, FL, IL, IN, IA, KS,KY, LA, ME, MD, MA, MI, MN,  MS,  MO, NE, NV, NM, NY, NC,ND, OH, OK, OR, PA,SC, TN, TX, UT, VA, WA, WI, WY.    OUS: HONDURAS, NICARAGUA, CHILE.",Best By/Date Code: 4/28/2017,Food,Oak Brook,IL,United States,20160503,20160930,20161012,74041
F-0738-2020,"Deep-fried Donut (Banh Tieu) 3.2-ounce package in clear plastic bag, no UPC, no brand.    Product is labeled in part, ""BANH TIEU***Ingredients: bread flour, sugar, baking powder, salt, sesame seed, water, shortening oil.***Lanvin French Bakery***"".",Undeclared wheat and soybean oil.,"Lanvin French Bakery, LLC",Class II,Terminated,Voluntary: Firm initiated,Distributed to Oregon and Washington.,"02 15  02 15 means that the product is expired on February 15, 2020.",Food,Portland,OR,United States,20200212,20200221,20200304,84979
F-0369-2017,"Roland¿ Preserved Lemons, NET WT. 12.35 OZ., and Roland¿ PRESERVED LEMONS - BELDI, NET WT. 13 OZ., Item UPC 4122461002 and Case UPC 10041224610023 -- PACKED EXCLUSIVELY FOR ROLAND FOODS LLC, NEW YORK, NY 10010 --- The product is packed in a glass jar.",The product contains undeclared sulfites based on sampling and analysis by New York State Department of Agriculture and Markets and private laboratory testing.,"Roland Foods, LLC.",Class II,Terminated,Voluntary: Firm initiated,"Nationwide, Canada, and Nether Antilles","Lot # 20, Production Codes DA:169Z  P:0618 (ink jet printed on the jar lid); Lot # 21, Production Code P:Q0303 (ink jet printed on the jar lid);  Item # 61002 (on case label)",Food,New York,NY,United States,20161011,20161028,20161109,75407
F-1572-2016,"Whole wheels and cuts of Maytag blue cheese re-packaged in foil or clear plastic wrap with scale labels in various weights.  Product was labeled as Maytag Blue Raw Milk, Maytag Blue, or Maytag Iowa Blue Cheese with PLU numbers beginning with 854089001.",Product may be contaminated with Listeria monocytogenes.,Hy-Vee Stores Inc,Class I,Terminated,Voluntary: Firm initiated,"Product was distributed to IA, IL, MO, KS, NE, SD, MN, and WI.  There was no foreign/government/military distribution.","Use by dates:  Jan. 20, 2016 through May 3, 2016.",Food,West Des Moines,IA,United States,20160303,20160826,20160907,73431
F-1858-2019,SABRA ROASTED RED PEPPER HUMMUS SINGLES - 6PK  UPC: 4082234273,Products were not held at an appropriate temperature due to a mechanical malfunction during transportation.,"C & S Wholesale Grocers, Inc.",Class II,Terminated,Voluntary: Firm initiated,"Two Target Stores 1. 98 Veterans Memorial Highway in Commack, New York 2. 160 North Research Place in Central Islip, New York","Exact codes are unknown. The product being recalled was sold on June 17, 2019 at Target Stores in Commack, NY and Central Islip, NY.",Food,Westfield,MA,United States,20190617,20190724,20190731,83178
H-0417-2026,"SOMA KITCHEN NATURAL ASAFOETIDA Net Wt. 4 oz (0.25 lb) Product of India Manufactured for and Imported by: Bharat Bazar, Fremont, CA 94539 Use by : JULY-2027 Lot : NATL/ASFTP/G/24 (BB/ASFTP/G/24) UPC : 4 973993 173586 Ingredients :- Natural Hing",Undeclared wheat.,BHARAT BAZAR,Class II,Ongoing,Voluntary: Firm initiated,U.S. distribution: CA Foreign distribution: N/A,Use by : JULY-2027 Lot : NATL/ASFTP/G/24 (BB/ASFTP/G/24) UPC : 4 973993 173586,Food,Union City,CA,United States,20251205,20260123,20260204,98151
F-1098-2022,Cheese & Scallion Pierogi  Grandma s Cuisine Cheese & Scallion Pierogi UPC: 8 67355 00040 2	16oz (454g) / 1 dozen,Undeclared milk,DYMSKI PIEROGI LLC,Class II,Terminated,Voluntary: Firm initiated,"Distributed to retail stores, restaurants, and distribution centers in NJ, MA, and PA.",all lots,Food,E Stroudsburg,PA,United States,20220506,20220527,20220608,90144
F-1836-2014,Bacon Cold Pack Cheese sold under the following sizes and brands:    1.   Parkers Farm or Parkers label in 8 ounce (14002) and 14 ounce (17002) cups with snap on lid; 5 lb. Cheeseball Base - Bacon (14441) and 10 lb. (61760) pail with snap on lid;     2.  Bucky Badger in 8 oz. (31611) and 14 oz. (41611) cups with snap on lid.,"Various Peanut butters, cheese spreads, cold pack cheese, salsa, cheese balls/logs have the potential to be contaminated with Listeria monocytogenes.",Parkers Farm Inc,Class I,Terminated,Voluntary: Firm initiated,Nationwide.  No distribution outside the US.,Sell by Date before 3/20/2015,Food,Coon Rapids,MN,United States,20140321,20140416,20140423,67806
F-1916-2013,"Dietary Supplements under the same formulation, Labeled and Packaged in the Following:    MAX Brand Proste-Support, 150 Count Tablets.  Product labeling reads in part:""Manufactured for: HealthMax Products Inc. Altadena, CA 91001***"".","In response to a FDA inspection, the firm initiated this voluntary recall of various dietary supplements due to the following problems of mislabeling: 1) product named on the label is not actual product contained; 2)ingredients listed are not actual ingredients contained.",Healthmaxx Global Inc.,Class III,Terminated,Voluntary: Firm initiated,"CA, MD, and NY",Lot # D0915,Food,Hacienda Heights,CA,United States,20130610,20130924,20131002,65733
F-2581-2017,"Kite Hill Almond Yogurt, Peach,  NET WT.  5.3 oz (150G)    Case UPC: 8-56624-00415-9    Distributed by Lyrical Foods, Hayward, CA.",Lyrical Foods is voluntarily recalling four flavors of Kite Hill Almond Yogurt with best by dates 07/03/17 and 07/04/17 as some of these packages have spoiled before the best by date.,Lyrical Foods Inc,Class II,Terminated,Voluntary: Firm initiated,"US Distribution only to distributors in OR, CA, GA, CT, IA, TX, OH, CO, WA, NH, IN, NY, SC, FL, WI",Best Before 07/03/2017.,Food,Hayward,CA,United States,20170607,20170713,20170719,77471
F-0438-2021,"El Sembrador Peas and Carrots, poly bags, 12/16 oz",Product may contain a foreign object (blue plastic).,Bonduelle USA Inc.,Class II,Terminated,Voluntary: Firm initiated,FL,Daycode: K10635  UPC: 009933600210  Best By 03/23,Food,Brockport,NY,United States,20210316,20210420,20210421,87583
F-2794-2015,"Foil bags containing 2.2 lbs. each of blueberry flavored powder and sold under the Boba Direct, Inc. brand.",Bubble tea powders contain undeclared allergens.,"Boba Direct, Inc.",Class II,Terminated,Voluntary: Firm initiated,"US: IL, MO, OH, FL, and TN",Product code: BlueberryPwdr-BD; All lots,Food,Mundelein,IL,United States,20130109,20150707,20150715,64079
F-0379-2025,"Nick The Greek Spicy Yogurt Pail, 42lbs pail, UPC 10075365177756, SKU SA000085",potential for salmonella,Grecian Delight/Kronos,Class I,Terminated,Voluntary: Firm initiated,AR CA CO FL GA ID IL IN KS KY LA MD MI MN MO MS NC NJ NV NY OH PA SC TN TX VA WI,Lot 4305,Food,Elk Grove Village,IL,United States,20241202,20250103,20250115,95924
F-0096-2022,"Picket Fence Creamery, Woodward, IA, Chocolate Cherry ice cream, in Quarts, Pints, and 1/2 Pints",Undeclared soy lecithin.,Picket Fence Creamery L.L.C.,Class II,Terminated,Voluntary: Firm initiated,Distributed to grocery stores in Iowa.,best if used by  date of 3/31/22 or before,Food,Woodward,IA,United States,20210915,20211104,20211110,88727
F-2439-2016,"UPC 071725711939,	Amport Foods Milk Chocolate Peanuts, Best By/Date Code: 1/7/2017 .",TreeHouse Foods is recalling products that may be impacted by sunflower seeds  contaminated with Listeria monocytogenes.,Treehouse Foods,Class I,Terminated,Voluntary: Firm initiated,"US: AL, AZ, AR, CA, CO, CT, FL, IL, IN, IA, KS,KY, LA, ME, MD, MA, MI, MN,  MS,  MO, NE, NV, NM, NY, NC,ND, OH, OK, OR, PA,SC, TN, TX, UT, VA, WA, WI, WY.    OUS: HONDURAS, NICARAGUA, CHILE.",Best By/Date Code: 1/7/2017,Food,Oak Brook,IL,United States,20160503,20160930,20161012,74041
F-1733-2012,"Coca Cola Zero, 20 fl. oz., The Coca Cola Company.",The product may exhibit off odor and off taste due to low levels of ammonium salts that may exist in these beverages.,"Coca-Cola Refreshments, USA Inc.",Class II,Terminated,Voluntary: Firm initiated,"MO, IA and IL.","UPC 49000 04086, Optimum Taste Code; AUG062 SLA 12:52-13:44",Food,Atlanta,GA,United States,20120601,20120706,20120718,62131
F-1504-2017,"Palmer's Candies Swirled Pretzels NET WT 5 OZ (141 g) packaged in foil bags, UPC Code 77232-13990",Product contains an ingredient that was recalled by a supplier because it may be contaminated with Salmonella,"Palmer and Company, dba Palmer Candy Co",Class I,Terminated,Voluntary: Firm initiated,"Product distributed to grocery stores and grocery store distribution centers in AL, AR, AZ, CA, FL, GA, IA, IL, IN, KS, KY, LA, ME, MI, MN, MO, MS, NC, NE, NM, NV, NY, OH, OK, PA, SC, SD, TN, TX, UT, VA, WA, WI, and WY","Exp 8/30/2017, 9/7/2017",Food,Sioux City,IA,United States,20170109,20170217,20170301,76154
F-0502-2016,"Sweet Leaf Organic Raspberry Iced Tea, 16 oz glass bottle  UPC: 6-51538-06703-6",Product contains glass particles,Nestle Waters North America,Class II,Terminated,Voluntary: Firm initiated,Nationwide,"Best By Dates:  6/30/16,  8/31/16, 10/31/16",Food,Stamford,CT,United States,20151209,20160112,20160120,72821
F-1634-2022,"Sysco Imperial Med Plus 2.0 butter Pecan Nutritional Drink.  High Calorie, High Protein.   Mildly Thick Nectar Consistency.    32 FL OZ (1 QT)  946mL  UPC 0 74865-92732 1.  Reorder # 0108936.  12 count case UPC 10074865927328.      Refrigerate prior to serving.  Shake well.   Refrigerate after opening and use within 3 days.    Distributed by  Sysco Corporation, Houston, Texas  77077.",Findings and potential for Cronobacter sakazakii and Clostridium botulinum.,"Lyons Magnus, Inc",Class I,Terminated,Voluntary: Firm initiated,Nationwide,Lot Code 0012 / Best By Date 1/5/2023;     Lot Code 1412 / Best By Date 2/15/2023;           Lot Code 9512 / Best By Date 3/5/2023;     Lot Code 9902 / Best By Date 1/4/2023.        EXPANED 8-10-2022  Lot Code 0231 / Best By Date 08/12/2022.     Lot Code 0231 / Best By Date 08/13/2022.     Lot Code 0702 / Best By Date 12/06/2022.     Lot Code 1702 / Best By Date 12/07/2022.     Lot Code 6702 / Best By Date 12/12/2022.     Lot Code 7102 / Best By Date 10/14/2022.     Lot Code 8302 / Best By Date 11/04/2022.     Lot Code 8431 / Best By Date 09/10/2022.     Lot Code 9131 / Best By Date 08/12/2022.,Food,Fresno,CA,United States,20220722,20220830,20220907,90667
F-3016-2015,"Steamables California Blend, Net Wt. 10 Oz., Dist. By Fresh Frozen Foods, Inc., Jefferson, GA 30549, UPC 0-86069-11275-5,  Fresh Frozen California Blend, Net Wt. 16 Oz. (1 Lb.), Dist. By Fresh Frozen Foods, Inc., Jefferson, GA 30549, UPC 86069-20013-1, Fresh Frozen Grade A California Blend, Net. Wt. 32 Oz. (2 Lb.), Dist. By Fresh Frozen Foods, Jefferson, GA 30549, UPC 0-86069-20011-7, Fresh Frozen Grade A California Blend, Net Wt. 80 Oz. (5 Lb.) 2268g, Dist. By Fresh Frozen Foods, Jefferson, GA 30549, UPC 86069-50011-8, Fresh Frozen Grade A Premium California Blend, Net Wt. 32 Oz. (2 Lb.) 907g, Dist. By Fresh Frozen Foods, Inc., Jefferson, GA 30549, UPC 86069-20014-8, The Inn Grade A Fancy California Blend, Net Wt. 32 Oz. (2 LB) (907g), Packed For Inn Foods Inc., 310 Walker St., Watsonville, CA 95076, UPC 86289-20420-9",Listeria contamination due to various GMP violations. possible.,Inventure Foods,Class I,Terminated,Voluntary: Firm initiated,"AL, AR, AZ, CA, FL, GA, IL, IN, KS, KY, LA, MD, MA, MI, MN, MS, MO, MT, NE, NJ, NY, NC, OH, OK, PA, SC, TN, TX, VT, VA, WI and WV.","UPC 0-86069-11275-5 FF Item Number S814, UPC 0-86069-20013-1 FF Item Number 81499, UPC 0-86069-20011-7 FF Item Number 814, UPC 0-86069-50011-8 FF Item Number 815, UPC 0-86069-20014-8 FF Item Number 813, UPC 86289-20420-9",Food,Phoenix,AZ,United States,20150423,20150817,20150826,71070
F-0257-2023,Take & Bake Sourdough Biscuits UPC 44216-26512 packaged in metal tin with clear plastic nonflexible lid,Label does not include the common name for the allergens milk and wheat,Hippos and Hashbrowns,Class II,Terminated,Voluntary: Firm initiated,Texas,all best by dates until a best by date later than 05/16/2023.,Food,Dallas,TX,United States,20221121,20230112,20230118,91234
F-2152-2014,"Mocha Almond Fudge Ice Cream, Manufactured by: Koogee-Queen Anne, LLC, d/b/a The Comfy Cow 2221 Frankfort Ave, Louisville, KY 40206.","During an FDA inspection the firm was notified that their bulk product lacked labels. Due to the lack of ingredient statement, the firm failed to declare direct allergens for the products. The products also lacked the declaration that they are packaged in a facility that processes peanuts, tree nuts, wheat, milk and eggs.","Koogee-Queen Anne, LLC",Class II,Terminated,Voluntary: Firm initiated,Distributed in the states of Indiana and Kentucky,Codes on the products distributed to Comfy Cow retail locations are not tracked.,Food,Louisville,KY,United States,20140410,20140709,20140716,68486
F-1479-2020,"""SUNDIAL***Traditional Herbal Products***TRADITIONAL ORGANIC HERBS***WHITE JOINTA***1 oz.***USES: NERVES, COLD, ASTHMA, BRONCHITIS, MUCOUS FEVER MENSTRUAL PROBLEMS***""; packaged in clear plastic zip-top bags",Recall required by Order of Permanent Injunction. The products are misbranded and deemed unapproved drugs based on labeling claims.,Sundial Herbal Products,Class II,Terminated,FDA Mandated,NY,"Product manufactured, processed, packed, held, and/or distributed during the time period beginning 1/1/2014 through 5/27/2020.",Food,Bronx,NY,United States,20200630,20200915,20200909,85882
F-0362-2025,"Beef & Lamb Gyro Sandwich Express Meal Kit. Net wt. 31.8oz. UPC 0 13454 38313 1.   Each kit contains 6 Pitas, Gyro Meat, Tzatziki Sauce 3oz. cups, Fire Feta Sauce, Feta Cheese Crumbles.  Packaged in clear plastic clamshell. Distributed by Fresh Creative Foods, Vista CA.",Salmonella. Beef & Lamb Gyro Sandwich Express Meal Kit contains implicated cucumber in the tzatziki sauce 3oz. cup.,"Reser's Fine Foods, Inc.",Class I,Terminated,Voluntary: Firm initiated,"Distributed in AZ, CA, CO, FL, GA, IL, IN, KS, LA, MD, MN, MO, NC, NY, OH, OK, TX, UT and WY.",Kit has use by dates:   12/24/2024  12/25/2024 12/28/2024  1/2/2025  1/6/2025,Food,Beaverton,OR,United States,20241206,20241231,20250108,95937
F-0777-2017,Gourmet Chocolate Dipped Cookies  Net Wt. 46 oz UPC 269969414994,Cookies may contain metal pieces.,Wakefern Food Corp.,Class II,Terminated,Voluntary: Firm initiated,"CT, DE, MD, PA, NY, & NJ",Gourmet Chocolate Dipped Cookies  Net Wt. 46 oz UPC 269969414994  08/30/16,Food,Elizabeth,NJ,United States,20160805,20161219,20161228,75248
F-0049-2025,"Item FLD1040A, Wild Leeks, distributed in plastic clamshell containers. Net wt. 0.315lb.  The H-Mart label declares: Wild Leeks, Sugar, Soy Sauce.",Soy Sauce is declare but Wheat and Fish (Anchovy) are not declared.,Lemonland Food Corp,Class II,Terminated,Voluntary: Firm initiated,Distributed in WA,Exp dates: 9/10/24 and 9/11/24,Food,Kent,WA,United States,20240911,20241016,20241023,95379
F-2769-2017,HFS 10/6lb Breaded Crispy Style Cod Fish Portions  Item Number: 10003220,Product may contain undeclared milk.,High Liner Foods Inc.,Class II,Terminated,Voluntary: Firm initiated,Nationwide,Lot Number: 0047040211; 0047040110,Food,Portsmouth,NH,United States,20170609,20170815,20170823,77489
F-1560-2015,"Hazelnut Gelato, sold under Snoqualmie Ice Cream brand.  Product is sold in 1.5 gallon plastic tubs, in addition to other unknown size/containers. No UPC.",Hazelnut Gelato is being recalled due to the potential to be contaminated with Listeria monocytogenes.,Snoqualmie Gourmet Ice Cream,Class I,Terminated,Voluntary: Firm initiated,distributed nationwide,"Production dates from January 1, 2014 through December 15, 2014.",Food,Snohomish,WA,United States,20141221,20150701,20150708,70075
F-0723-2015,"Lg. Fruit Crostata, 21 oz., UPC 20829300000;   Sm. Fruit Crostata, 7 oz., UPC 20829900000;   Lg. Nectarine Crostata, 21 oz., UPC 20823100000;   Sm. Nectarine Crostata, 6 oz.,  UPC 20832600000","Wegmans Food Markets, Inc. voluntarily recalled fresh individually sold, bagged and sliced fresh plums, nectarines and peaches, peach salsa and several in-store baked desserts that may contain fresh peaches, nectarines, and/or plums.  The fruit may be contaminated with Listeria monocytogenes.","Wegmans Food Markets, Inc.",Class II,Terminated,Voluntary: Firm initiated,"New York, Pennsylvania, Maryland, Virginia, New Jersey, Massachusetts","Lg. Fruit Crostata, 21 oz.: UPC 20829300000 and no other coding; Sm. Fruit Crostata, 7 oz.: UPC 20829900000 and no other coding; Lg. Nectarine Crostata, 21 oz.: UPC 20823100000 and no other coding; Sm. Nectarine Crostata, 6 oz.: UPC 20832600000 and no other coding.",Food,Rochester,NY,United States,20140720,20141215,20141224,68832
F-0482-2018,"Wegmans Dark Chocolate Strawberries 13.5oz (383g) tub, UPC: 0 77890 38187 8",Chocolate products contain undeclared milk,"First Source, LLC",Class II,Terminated,Voluntary: Firm initiated,"AR, AZ, CA, CO, FL, GA, IL, KY, LA, MA, MD, ME, MN, NC, NJ, NM, NV, NY, TX, UT, VA, VT, and WV  Foreign: Canada",All date codes,Food,Tonawanda,NY,United States,20171030,20171213,20171220,78399
F-1254-2020,"Gluten-Free Organic Mesa Sunrise Cereal USA, Nature's Path brand.  Shop Order # 127895. Product is Ready to eat breakfast cereal and shelf stable.  Packaged in poly film bag.  Each bag has a net Wt. 26.4 oz., each case has 6 bags.  Case UPC: 0 58449 77901 8.    The label is read in parts: ""***Gluten-Free***MESA SUNRISE REAL Crunchy Cereal *** CORN, FLAX, BUCKWHEAT, QUINOA & AMARANTH *** INGREDIENTS: Corn meal and/or yellow corn flour, cane sugar, flax seeds, buckwheat flour, quinoa, amaranth, sea salt, tocopherols (vitamin E) ***Produced in a facility that uses tree nuts, peanuts, and soy***"".",Undeclared Wheat and/or Barley.,"Natures Path Foods USA, Inc.",Class II,Terminated,Voluntary: Firm initiated,"CO, IN, NC, NH, TX, and WI.","Best Before 2020 Nov 12.  Lot No 201112.  Shop Order 127895.  Julian Pack Date 138.  Pallet ID s: 127895-106, 127895-107, 127895-108, and 127895-109.",Food,Blaine,WA,United States,20200807,20200820,20200826,86206
H-0090-2026,"Fresh Creative Foods (FCF) item #404637 Basil Pesto Bowtie Pasta Kit Item V, UPC#13454 38053. Perishable/Refrigerated product. Net wt. 10.5625lbs. This kit contains 2/3lbs. sealed bags of affected Bowtie Pasta, and it is not sold directly to consumers.",Salad Kits are recalled due to potential contamination with Listeria monocytogenes.,"Reser's Fine Foods, Inc.",Class I,Completed,Voluntary: Firm initiated,"Item #404736 was distributed in AZ, CA, CO, UT, and WA. Item #404637 was distributed in AZ, CA, CO, and TX. Item #404284 was distributed in AZ, CA, CO, FL, GA, IN, MD, MO, OR, PA, TX, UT, and WA.",Use by Dates:  9/13/2025 9/16/2025 9/18/2025 9/19/2025 9/20/2025 9/21/2025 9/23/2025 9/24/2025 9/25/2025 9/26/2025 9/27/2025 9/28/2025 9/29/2025 9/30/2025 10/1/2025 10/2/2025 10/3/2025 10/4/2025,Food,Beaverton,OR,United States,20250926,20251017,20251029,97713
F-1662-2013,"Item Number: 192874  Item Description: BAG CLR SUNFLOWER MEAT W/SLT  Case Pack: 12  Package Size: 7 OZ Clear Plastic Bag (Pic-A-Nut Label on Front, Nutritional Label on Back)  UPC Number: 070207000424","Contamination with Listeria monocytogenes, an organism which can cause serious and sometimes fatal infections in young children, frail or elderly people, and others with weakened immune systems. Although healthy individuals may suffer only short-term symptoms such as high fever, severe headache, stiffness, nausea, abdominal pain and diarrhea, Listeria infection can cause miscarriages and stillbirt","Lipari Foods, Inc.",Class I,Terminated,Voluntary: Firm initiated,"Ohio, Michigan, West Virginia, Kentucky, Tennessee, Pennsylvania, Wisconsin, Illinois, and Indiana.",Lot Number: 15201304  Best By Date: 4/15/2014,Food,Warren,MI,United States,20130604,20130711,20130717,65392
F-0789-2014,"Bulk B807 True Botanica Digestive, packaged in varying quantities within poly bags within corrugated boxes (for domestic distribution) or fiber drums (for international distribution) (SKU 83377);",Firm is recalling dietary supplements containing a raw material which may contain >0.3 ppb chloramphenicol,National Enzyme Co,Class II,Terminated,Voluntary: Firm initiated,"Domestic distribution of the product is nationwide with direct accounts in 27 states in all geographical regions. Foreign distribution consists of direct accounts in the following countries: Canada, China, Malaysia, Norway, Slovakia, South Korea, Sweden, Taiwan, and the United Kingdom.",Lot #: 83377001,Food,Forsyth,MO,United States,20131030,20131213,20131225,66658
F-0693-2019,"Chocolaty Chip Cookie Dough ice cream (item #67016), packaged in 1.75 qt. container. UPC 0 72830 07016 4.    The label is read in parts: ""***Tillamook ***ICE CREAM *** CHOCOLATY CHIP COOKIE DOUGH *** CONTAINS: MILK, WHEAT, SOY, TREE NUTS (COCONUT), EGG.  IT IS MADE WITH EQUIPMENT THAT ALSO MAKES PRODUCTS CONTAINING PEANUTS.***""","Chocolaty Chip Cookie Dough ice cream (item #67016), packaged in 1.75 qt. containers, is recalled because product contains trace amounts of undeclared color additives Amaranth and Yellow No. 6 in the chocolate freckles and chocolate fudge pieces ingredients.",TILLAMOOK COUNTY CREAMERY ASSOC,Class II,Terminated,Voluntary: Firm initiated,"distributed in AZ, CA, CO, GA, ID, MN, NV, OR, TX, UT, and WA.",-BEST IF USED BY AUG 18 2019  -BEST IF USED BY SEP 25 2019  06-26 8268 HH:MM  -BEST IF USED BY OCT 08 2019  06-26 8281 HH:MM  -BEST IF USED BY OCT 24 2019  06-26 8297 HH:MM,Food,Tillamook,OR,United States,20181116,20181206,20181212,81601
F-2444-2017,"1/2"" Thick Cut Beer Battered Onion Rings: ALE HOUSE BEER BATTERED STEAK CUT ONION RINGS NET WT. 10 lb (4.45 kg) - 33074",Product may contain undeclared milk.,Oxford Frozen Foods Plant 1,Class II,Terminated,Voluntary: Firm initiated,"RI, ME, NY, CT, PA, VA, NJ, MA, NC, WI, NH",Jan 11/17 to Jun 6/17 YYMMDD 170111 to 170606,Food,Oxford Station,Nova Scotia,Canada,20170607,20170706,20170712,77483
F-2069-2012,"Small Soup Vegetable Mix:-(Item #CC4)  Spanish Onions {1/4"" dice), Carrots, Celery  Medium Soup Mix Vegetables (Item #CC5)  Spanish Onions (1/2"" dice), Carrots. Celery  5 lb poly bags  Packed by: Fresh Ideas Co., 18 Bunker Hill Industrial Park, Boston, MA 02129  Item # 00254",Products contain recalled Gill's Onions due to Listeria monocytogenes,Fresh Ideas Inc.,Class I,Terminated,Voluntary: Firm initiated,"MA, ME, RI, NH, CT, VTM, NY AND Nj","Use By: 7/19/12,  7/20/12, 7/21/12, 7/22/12, 7/24/12, 7/25/12",Food,Boston,MA,United States,20120726,20120827,20120905,62758
F-1502-2017,"Palmer's Candies Peppermint Bark A) NET WT 9 OZ (255 g) packaged in plastic clamshell containers, UPC Code 77232-17270; B) NET WT 10 OZ (283 g) packaged in paper bags, UPC 77232-23091; C) NET WT 8 OZ (226 g) packaged in paper boxes UPC 77232-12146; C) NET WT 9 OZ (255 g) packaged in plastic clamshell containers UPC 77232-16309; D) NET WT 9 OZ (255 g) packaged in paper boxes UPC 77232-16042; E) 10 lbs. Net Weight (4.54 kg) packaged in cardboard boxes UPC 77232-10770",Product contains an ingredient that was recalled by a supplier because it may be contaminated with Salmonella,"Palmer and Company, dba Palmer Candy Co",Class I,Terminated,Voluntary: Firm initiated,"Product distributed to grocery stores and grocery store distribution centers in AL, AR, AZ, CA, FL, GA, IA, IL, IN, KS, KY, LA, ME, MI, MN, MO, MS, NC, NE, NM, NV, NY, OH, OK, PA, SC, SD, TN, TX, UT, VA, WA, WI, and WY","Exp 7/12/2017, 7/13/2017, 7/14/2017, 7/17/2017, 7/18/2017, 7/19/2017, 7/20/2017, 7/21/2017, 7/24/2017, 7/27/2017, 7/28/2017, 8/1/2017, 8/2/2017, 8/3/2017, 8/4/2017, 8/7/2017, 8/9/2017, 8/10/2017, 8/18/2017, 8/19/2017, 8/21/2017, 8/29/2017",Food,Sioux City,IA,United States,20170109,20170217,20170301,76154
F-0278-2013,#024 Diced Pepper & Onions	9 ounces,"During an FDA inspection, microbiological swabs were collected and the results found that 21 sub samples in zones 1, 2 & 3 are positive for Listeria Monocytogenes (L.M.), Listeria innocua (L.I.) or Listeria seeligeri (L.S.). The firm is voluntarily recalling all products manufactured from August 20th to September 10th 2012 due to the possible contamination. All lots with sell by dates on or before",Spartan Central Kitchen,Class II,Terminated,Voluntary: Firm initiated,MI and OH only.,All with sell by dates on or before 15-Sep with UPC 0-11213-90412,Food,Grand Rapids,MI,United States,20120910,20121018,20121024,63159
F-1894-2016,Cafe Favorites  Oven Roasted Turkey Breast & Cheese Deli Flatz-IW  Code #C22348/22348,Potential Listeria monocytogenes contamination.,"Let's Do Lunch, Inc.",Class I,Terminated,Voluntary: Firm initiated,U.S. distribution nationwide.     No foreign distribution.,Lot #040115-050616,Food,Gardena,CA,United States,20160523,20160805,20160817,74243
F-3175-2017,"B2ADU3,  BATTER MX X1*,  NET WT 50 LBS, Manufactured By: Newly Weds Foods, Inc., Chicago, IL 60639",Product may contain undeclared milk.,Newly Weds Foods Inc,Class II,Terminated,Voluntary: Firm initiated,"Nationwide, Mexico, Canada",Product #B2ADU3; Lot #WN040217D,Food,Chicago,IL,United States,20170503,20170817,20170726,77194
F-1451-2019,"CHOCOLATE ALMOND CHOCOLATE MEIJI, 3.1 oz.  Item number 64344    UPC 074410643447 - only on those bars with English labeling.    Distributed by Wismettac Asian Foods, Inc.","Some chocolate products imported from Japan do not have the English label for Nutrition facts, ingredients or allergens, which include milk, soy, egg, tree nuts.","Wismettac Asian Foods, INC",Class II,Terminated,Voluntary: Firm initiated,"AZ, CA, CO, NV, TX, UT and one customer in Mexico",Bars with Japanese Bar code of JAN(4902777004532),Food,Santa Fe Springs,CA,United States,20190516,20190612,20190619,82925
F-0978-2021,"Vita Aid SynerClear (Unflavoured), VA-925.  The product is a powder, packaged in a plastic bottle and a white cap, with a net weight of 650g.",Undeclared Milk.  Products may be contaminated with milk residue.,Naturo Aid Pharmaceutical Inc.,Class II,Terminated,Voluntary: Firm initiated,"Distributed in Arizona, California, Florida, Kansas, Minnesota, Montana, New Jersey, Oregon, Pennsylvania, and Washington.",Lot 136077P1 (expiry date 12/2023); Lot 144876P1A (expiry date 03/2023).,Food,Maple Ridge,N/A,Canada,20210525,20210913,20210922,88438
F-1325-2020,"Poppy Seed Bagel, San Francisco Street Bakery brand, keep at ambient temperature.  Packaged in flex poly bags for bulk or various quantities specific to customer order. No UPC.    The bagel bulk product label read: POPPY SEED BAGEL: Bread Flour (Unbleached Wheat Flour, Vitamin C, Niacin, Reduced Iron, Thiamine Mononitrate, Riboflavin, Folic Acid), Poppy Seed, Water, Salt Yeast, Brown Sugar.","The firm used pan release spray, which contains soy lecithin, on equipment and finished products labels do not declare soy lecithin.",San Francisco Street Bakery Inc.,Class II,Terminated,Voluntary: Firm initiated,distributed in WA only.,"Production dates July 6-7, 2020.  No code or expiration date noted on the packages.  Firm color codes tie closures representing the days of the week.",Food,Olympia,WA,United States,20200723,20200826,20200819,86112
F-1456-2019,"Performance Mushrooms product is dried mushroom blend of 4 different mushroom mycelial biomass powders cultured on certified organic oats, brand Laird Superfood, uses as Beverage Booster and Functional Fuel Supplement.    Product is packaged in 3.17 oz (90 gram) stand up with zipper, heat-sealed pouches. There are 6 pouches per case or 24 pouches cases.",The product  is incorrectly labeled with 14 mg of Iron and 78% DV when the actual amount is 14 mcg of Iron and 0% DV.,LAIRD SUPERFOOD INC,Class III,Terminated,Voluntary: Firm initiated,distributed nationwide and in Canada.,"Lot numbers: 2401192904.  B000975-3.5-0711.  B000975-3.5-0712.  B001010-3.5-0208.   B001010-3.5-0211.   B001010-3.5-0212.   B000979-2L-0927.  B000979-2L-0928 .    Best By dates are 10/2020, 12/2020, and 06/2021.",Food,Sisters,OR,United States,20190524,20190612,20190619,82954
F-3608-2017,"Natural Grocers Organic Deglet Noor Dates, Target weight is 0.60 - 0.70 lb random weight package, Zip lock plastic bag.",Recalling Natural Grocers brand Organic Deglet Dates because it may contain undeclared coconut,"Vitamin Cottage Natural Food Markets, Inc.",Class II,Terminated,Voluntary: Firm initiated,"45 retail locations in Washington, Oregon, Idaho, Montana, Wyoming, Utah, Colorado, Arizona, New Mexico, Texas, Missouri .  No foreign/VA/Govt/Military consignees.",Lot code 198-17 packed on date is on the front label beneath the Net Weight.,Food,Lakewood,CO,United States,20170912,20170929,20171011,78120
F-0285-2016,"Basma 3 Chris Court Dayton, New Jersey 08810  Tel.:7323559600 Fax: 7323559644  16 oz package    This golden raisin product is labeled in a foreign language.",Product contains undeclared sulfites.,UNITED TRADING CENTER INC,Class I,Terminated,Voluntary: Firm initiated,"NY, PA",no code on bag,Food,Dayton,NJ,United States,20150915,20151223,20151230,72268
F-0795-2017,"Turkey, Bacon and Swiss on Macaroni Salad wrapped in clear film, 8 oz.   Undeclared allergens - Wheat, Soy (oil, flour), Milk, Egg","Crescent vending sandwiches failed to declare allergen ingredients: wheat, soy (oil) and milk.",Crescent Vending Co. Inc.,Class II,Terminated,Voluntary: Firm initiated,Distributed in the state of Pennslyvania.,No codes associated with this product.,Food,Oreland,PA,United States,20161104,20161219,20161228,75607
F-1552-2023,"100 vegetarian  Fenugreek Capsules 90 count, 600mg, packaged in 150cc Amber Glass Packer  with White Polypropylene Cap.",Foreign material: pieces of a pen (writing utensil).,"Vitality Works, Inc",Class II,Terminated,Voluntary: Firm initiated,"55 Retail customers, representing 284 individual stores.  All customers are located within the United States. There is no foreign distribution. There is no distribution to US Government agencies or departments. Distribution is by small parcel shipper (UPS, FedEx).  Distribution Chain Notification Date: August 24, 2023",Lot 2023-06871  (Lot numbers are generated by our ERP system and use the 4-digit year followed by a 5-digit sequential number.) Expires: 07/2028 Bottom Code: FENUGRK PCAP 202306871 EXP 07/28,Food,Albuquerque,NM,United States,20230822,20230922,20231004,92936
F-0606-2017,"Safecor Vitamin B-1 (THIAMINE) 100 mg tablets  NDC: 48433-0108-01  Distributed by: SAFECOR HEALTH, 317 NEW BOSTON STREET, WOBURN, MA",Box labeled Thiamine Hydrochloride instead of Thiamine Mononitrate,"Safecor Health, LLC",Class III,Terminated,Voluntary: Firm initiated,Nationwide,"Safecor Health Lot # A15012, A15021, 16A004, 16A015 and 16A035",Food,Woburn,MA,United States,20160912,20161206,20161214,75196
F-1586-2016,"Maytag Blue cheese cut and wrapped in clear plastic wrap at store level, sold in various sizes (approximately 3-4 oz pieces), labeled with company issued Maytag Blue cheese label and Schnuck Markets scale label, UPC 0021806200000.",Product may be contaminated with Listeria monocytogenes.,Schnucks Markets Corporate Office,Class I,Terminated,Voluntary: Firm initiated,"Product was distributed to MO, IL, and IA.  There was no military/foreign/government distribution.",Product was sold from 2/4/2016 throught 2/29/2016,Food,Saint Louis,MO,United States,20160229,20160902,20160914,73445
F-0612-2016,"Pint Umpqua Dairy 4% Cottage Cheese, item no. 04308, Net wt. 16 oz. UPC 0 71203 00248 1    24 oz. Umpqua Dairy 4% Cottage Cheese, item no. 04286, UPC 0 71203 00255 9.    3 lbs.  Umpqua Dairy 4% Cottage Cheese, item no. 03980, UPC 0 71203 00280 1.",Umpqua Dairy 4% Cottage Cheese was made from milk which was tested presumptive positive for beta lactam antibiotics. The firm did not conduct any confirmation test.,Umpqua Dairy Products Co,Class II,Terminated,Voluntary: Firm initiated,"distributed in AK, ID, CA, MT, OR, and WA.",Sell by 1/13/16,Food,Roseburg,OR,United States,20160114,20160217,20160224,73097
F-1541-2018,Meijer DILL PICKLE FLAVORED CLASSIC CRUNCH POTATO CHIPS***UPC 719283594365***LOT CODE***,Milk allergen was not declared on the labeling of the product.,"Shearers Foods, Llc",Class I,Terminated,Voluntary: Firm initiated,"Products were distributed in Michigan only to their distributor. However, products were eventually distributed to OH, MI, IN, IL, KY and WI.",UPC: 719283594365    Lot Code 04110831 Sell By 07/16/18  Lot Code 04210831 Sell By 07/16/18  Lot Code 04311632 Sell By 07/16/18  Lot Code 04111732 Sell By 07/16/18  Lot Code 04312430 Sell By 07/23/18  Lot Code 04213135 Sell By 07/30/18  Lot Code 04114434 Sell By 08/13/18,Food,Massillon,OH,United States,20180529,20180608,20180620,80191
H-0272-2026,Deep-brand Indian Kitchen Quick Cubes Ready For Cooking Green Chili of India Net Wt. 10 oz. (283 g) KEEP FROZEN,Product tested positive Salmonella .,CHETAK NEW YORK LLC,Class I,Terminated,Voluntary: Firm initiated,United States,"Lot: 25020, 25021",Food,Union,NJ,United States,20250905,20251211,20251217,97631
F-2219-2017,Moondance desserts gluten free Chocolate Chip Cookie Bar 12 oz (340g)  UPC 36211 68096 9,undeclared milk,"Moondance Heavenly Desserts, LLC",Class II,Terminated,Voluntary: Firm initiated,"Product was shipped to the following states: CA, FL, GA, IN, MI, NJ, OH, RI & PA.",All lots,Food,Cincinnati,OH,United States,20170417,20170516,20170524,77041
F-0566-2023,"Fresh Creative Cuisine, Smoked Turkey & Swiss Croissant, Net . Wt. 7 Oz. Single Serving, Keep refrigerated","On 02/03/2023, FRESH IDEATION FOOD GROUP, LLC dba Fresh Creative Cuisine of Baltimore, MD is  initiating a recall of  various products sold from January 24, 2023 through January 30, 2023 because the products have the potential to be contaminated with Listeria monocytogenes .","FRESH IDEATION FOOD GROUP, LLC dba Fresh Creative Cuisine",Class I,Terminated,Voluntary: Firm initiated,"The recalled product was distributed to the following states: MD, PA, DE, NY, DC, NJ, NC, CT, SC, VA, MA .",UPC Code : 813141020093,Food,Baltimore,MD,United States,20230203,20231017,20230322,91653
F-1049-2023,A89471	BATTER MIX   X1	50.00	BAG,Products may contain Salmonella,"Newly Weds Foods, Inc.",Class I,Terminated,Voluntary: Firm initiated,"ALABAMA, ARKANSAS, CALIFORNIA, COLORADO, FLORIDA, GEORGIA, ILLINOIS, INDIANA, IOWA, KANSAS, KENTUCKY, LOUISIANA, MICHIGAN, MINNESOTA, MISSISSIPPI, MISSOURI, MONTANA, NEBRASKA, NEW JERSEY, NEW YORK, NORTH CAROLINA, OHIO, OKLAHOMA, OREGON, PENNSYLVANIA, TENNESSEE, TEXAS ,WISCONSIN.  CANADA.",SE102022A SE102122A SE102922A SE110322A,Food,Chicago,IL,United States,20230526,20230705,20230712,92423
F-0113-2024,"Orchard Bistro, Garden salad with Dressing Net Wt. 8.2 Oz. Single Serving, Keep refrigerated","On 02/03/2023, FRESH IDEATION FOOD GROUP, LLC dba Fresh Creative Cuisine of Baltimore, MD is  initiating a recall of  various products sold from January 24, 2023 through January 30, 2023 because the products have the potential to be contaminated with Listeria monocytogenes .","FRESH IDEATION FOOD GROUP, LLC dba Fresh Creative Cuisine",Class I,Terminated,Voluntary: Firm initiated,"The recalled product was distributed to the following states: MD, PA, DE, NY, DC, NJ, NC, CT, SC, VA, MA .",UPC Code : 813141022639,Food,Baltimore,MD,United States,20230203,20231017,20230322,91653
F-0853-2021,"5000 Years Foods NO MSG SLICED CABBAGE KIMCHI in 5GAL plastic tubs, and 128 oz, 64 oz, 32 oz, & 16 oz glass jars",potential to be contaminated with Listeria monocytogenes,"5000 Years Foods, Inc.",Class II,Terminated,Voluntary: Firm initiated,The recalled product was distributed in ILLINOIS where the product was further distributed and it reached customers through distributors to retail stores potentially nationwide.,09052021 through 09252021,Food,Chicago,IL,United States,20210706,20210810,20210818,88262
F-1702-2015,"Bone Rebuilder, 120 tablets",Health One Pharmaceuticals is recalling dietary supplements due to significant violations of the cGMP regulations for dietary supplements.,Health One Pharmaceuticals Inc,Class II,Terminated,Voluntary: Firm initiated,"Nationwide in US: CA, TN, WA, ID,     and worldwide:  Hong Kong, Vietnam, China, Singapore",2367,Food,City Of Industry,CA,United States,20150204,20150330,20150408,70344
F-1985-2012,"Tomales Bay Foods brand Artisan Cheese in PARTIAL WHEELS of Cheese,   from cheese makers in US (VA, VT, Ca, WI, OR, WA and UT) and Ireland, Italy, Switzerland, France, Holland and Greece.  Varieties include Appalachian, Coolea, Cabot clothbound Cheddar, Big Rock Blue, Goat Gouda, Holey Cow, Big Woods Blue, Fiore Sardo,, Valdeon, Pecorino Romano, Sottocenere, Capriago, Capricious, Cave Aged Gruyere, Cave Aged Marisa, Fenacho, Pondhopper, Comte, L'Amuse Signature Gouda, Dante Waxed Rind, Dry Jack Special Reserve, Mezzo Secco,  Extra Mature Bandage Cheddar,  San Joaquin Gold, Flagship Reserve Truckle, Fontina Vallet Pietro, Grana Padano, Parmigiano Reggiano Organic,  Taleggio Organic,  Comte Reserve Ete, Loma Alta,  Mt. Viko Barrel Aged Feta,  Pepato, San Andreas Bellwether Farms, Reading, Tarentaise, Seahive, St. George, Toma and Wagon Wheel.  Cheese is cut per order and wrapped in cheese paper and marked with a magic marker indicating the type of cheese, poundage and pack date as well as a Tomales Bay Foods label. There are no code numbers or expiration dates marked on the product.",Firm received a positive environmental for Listeria Monocytogenes from their internal testing samples.,"Tomales Bay Foods, Inc.",Class II,Terminated,Voluntary: Firm initiated,"Part One:  CA, VA, VT, WI, OR, UT and Italy, Spain, Switzerland, France, Holland, Greece.  Part Two:  Dates of Distribution: 6/2512 - 7/27/12  Pattern: CA, NC, FL","All product cut and wrapped on July 24 and 25, 2012.",Food,Petaluma,CA,United States,20120728,20121204,20121212,62710
F-1528-2013,"Blessing Brand Wild White EZ Peel Shrimp, 16/20 CT.    4 x 5 lbs cartons. The product is bagged in 5 lbs clear plastic bags, the only label iss on the master carton.  The product is sold in a seafood retail case.    Product labeled as:""WILD WHITE EZ PEEL SHRIMP 16/20 CT WILD CAUGHT PRODUCT OF USA CHEM FREE INGREDIENTS: Shrimp, Salt***PACKED BY: BLESSINGS, INC.***.","Blessing Seafood, Inc. is voluntarily recalling one lot of Blessing Inc. Wild White EZ Peel Shrimp due to undeclared sulfites.","Blessing Seafood, Inc.",Class I,Terminated,Voluntary: Firm initiated,"The 16-20 EZ Peel Shrimp was distributed by Perishable Distributors of Iowa (PDI) and sold from February 12 to May 23, 2013 at the seafood display counters in the retail markets seafood section of Hy-Vee stores located in eight states: Iowa, Nebraska, Kansas, Illinois, Missouri, South Dakota, Minnesota, and Wisconsin, and at Cedar Valley Fish Market in Waterloo, Iowa.","Lot # 13047-1, 13048-1, and 13048-3",Food,Tucson,AZ,United States,20130524,20130613,20130619,65291
F-2075-2019,"PRIVATE SELECTION FROZEN TRIPLE BERRY MEDLEY, 16 oz",Possible Hepatitis A contamination.,The Kroger Co,Class I,Terminated,Voluntary: Firm initiated,"Product was sent to nine distributors in the states of Indiana, Oregon, Washington, Arizona, Colorado, California and Utah.  (The distribution center in Indiana further distributed the product to eight Kroger distribution centers.)  Product was then distributed to 2301 retail locations in the states of Alabama, Alaska, Arizona, Arkansas, California, Colorado, Georgia, Idaho, Illinois, Indiana, Kansas, Kentucky, Louisiana, Michigan, Mississippi, Missouri, Montana, Nebraska, Nevada, New Mexico, Ohio, Oregon, South Carolina, Tennessee, Texas, Utah, Virginia, Washington, West Virginia, and Wyoming",BEST BY: 06-19-20; UPC: 0001111087808,Food,Cincinnati,OH,United States,20190607,20190820,20190828,83083
F-0475-2024,Le Croissant Turkey & Cheddar Net Wt. 5.5oz (156g) UPC:766375261629 Packaged in clamshell container. Sold as single unit and 6-unit pack under Food Unlimited brand,Undeclared milk and soy,The Coastal Companies DBA Hearn Kirkwood,Class II,Terminated,Voluntary: Firm initiated,"Distributed to consignees in Alabama, Connecticut, Washington, D.C., Delaware, Florida, Georgia, Kentucky, Maryland, Michigan, North Carolina, Ohio, Pennsylvania, Tennessee, Virginia, and West Virginia.",Use By Date of 10/27/2023 through 11/8/2023,Food,Jessup,MD,United States,20231103,20231129,20231206,93386
F-0665-2023,"Stir-Fried Kimchi distributed in un-labeled plastic containers 12oz.  Containers were then labeled at H-mart, G-mart, or M2M retail store.","Stir-Fried Kimchi was recalled due to undeclared Fish (Anchovy), Shrimp, Wheat, and Sesame Oil.",Lemonland Food Corp,Class II,Terminated,Voluntary: Firm initiated,Distributed in Washington,"Feb. 16, 2023 to Feb. 23, 2023.",Food,Kent,WA,United States,20230223,20230324,20230405,91798
F-1576-2013,"See's Dark  Raisins:    Ingredients: Raisins, Sugar,chocolate, cocoa butter, butter (milk), vanilla, soy lecithin,  Dextrin, Confectionery glaze.  May contain traces of eggs, tree nuts and peanuts.    Sold in Net Wt. 8 oz (227 g) clear plastic packages or purchased by customer at counter in See's Stores.  UPC 7 37666 08305 3    Manufactured by: See's Candy Shops Incorporated  So. San Francisco, CA 04080",Potential for nuts and/or nut and egg residue may be present in some of the dark and milk chocolate covered raisins.,See's Candies Inc.,Class I,Terminated,Voluntary: Firm initiated,240 stores and  10 See's licensees nationwide and 6 international retail stores.,All lots.,Food,South San Francisco,CA,United States,20130614,20130627,20130703,65474
F-1732-2024,"Lunds & Byerlys Fresh Guacamole Dip, Net Wt 14 oz (396g).  UPC 0 72431-66072 6.  Keep Refrigerated.",Guacamole products may be contaminated with Listeria monocytogenes.,"Metro Produce Distributors, Inc.",Class I,Terminated,Voluntary: Firm initiated,MN,Use By:  02-AUG-24,Food,Minneapolis,MN,United States,20240731,20240813,20240821,95087
F-1695-2013,"Item Number: 366568  Item Description: TUB LG MIX DIET DELIGHT  Case Pack: 12  Package Size: 14 OZ 2-Piece Clear Plastic Tub (No Label on Top, Nutritional Label on Bottom)  UPC Number: 094776081769","Contamination with Listeria monocytogenes, an organism which can cause serious and sometimes fatal infections in young children, frail or elderly people, and others with weakened immune systems. Although healthy individuals may suffer only short-term symptoms such as high fever, severe headache, stiffness, nausea, abdominal pain and diarrhea, Listeria infection can cause miscarriages and stillbirt","Lipari Foods, Inc.",Class I,Terminated,Voluntary: Firm initiated,"Ohio, Michigan, West Virginia, Kentucky, Tennessee, Pennsylvania, Wisconsin, Illinois, and Indiana.","Lot Numbers: 09201304, 20201305  Best By Dates: 4/9/2014, 05/20/2014",Food,Warren,MI,United States,20130604,20130711,20130717,65392
F-0514-2024,Wilcox SUPER PREMIUM Salted Caramel Brownie; 1.5 QT (UPC 04372601520) and Pint (UPC 04372601620),Products may be contaminated with Listeria monocytogenes.,WILCOX ICE CREAM,Class I,Completed,Voluntary: Firm initiated,"VT, NH, MA, and NY.",All Sizes with Best By/Sell By dates of 9/13/24 to 11/14/24:,Food,East Arlington,VT,United States,20231115,20231208,20231220,93452
F-1124-2015,"Orange Ginger ice cream; Bulk product is labeled with flavor name and date code, which is affixed to the plastic container (1, 1.5 and 3 gallon).",The recalling firm was notified that raw materials used in producing the ice cream products have the potential to be contaminated with Listeria monocytogenes,Numbskull LLC,Class I,Terminated,Voluntary: Firm initiated,Washington and Idaho ice cream scoop shops and restaurants.,"All codes manufactured from January 1, 2014 - December 15, 2014. (""MMDD"" and ""XXXX""-Snoqualmie Gourmet Ice Cream Code)",Food,Spokane Valley,WA,United States,20141223,20150211,20150218,70150
F-0617-2017,"Meijer brand No Salt Added Original Kettle Cooked Potato Chips, 8.5oz bag.  15 bags per case.",Undeclared allergens: milk (whey) and soy.,"Shearers Foods, Llc",Class I,Terminated,Voluntary: Firm initiated,The product was distributed to the following states: MI.,"Lot #: OCT 31 2016, Expiration Date: 10/31/16",Food,Massillon,OH,United States,20160908,20161207,20161214,75140
F-2614-2015,Blue Bell Ice Cream Chocolate Chip Cookie Dough 3 Gallon,Five patients who were treated in a single hospital in Kansas were infected with one of four rare strains of Listeria monocytogenes.,"Blue Bell Creameries, L.P.",Class I,Terminated,Voluntary: Firm initiated,"FL, GA, SC, NC, VA, OH, KY, TN, AL, MS, IN, IL, MT, AR, LA, TX, Ok, KS, NM, CO, WY, AZ, NV and Bermuda, Belize, Saudia Arabia, Yemen, Oman, UAE, Qatar, Egypt, Jordan, Kuwait, Dominican Republic, Panama, Turks and Caicos, Haiti, Trinadad and Tobago, Puerto Rico, Chile, Peru, China, Mexico, Philippines, Tortola, St. Thomas and St. Croix, Anguilla, St, Kitts and Nevis, Montserrat, and Dominica",all lot codes within expiry,Food,Brenham,TX,United States,20150313,20150619,20150701,70738
F-0027-2024,"Quick & Fresh, Albacore Tuna Finger Sandwiches, Net . Wt. 6.5 Oz. Single Serving, Mylar Wrap, Keep refrigerated","On 02/03/2023, FRESH IDEATION FOOD GROUP, LLC dba Fresh Creative Cuisine of Baltimore, MD is  initiating a recall of  various products sold from January 24, 2023 through January 30, 2023 because the products have the potential to be contaminated with Listeria monocytogenes .","FRESH IDEATION FOOD GROUP, LLC dba Fresh Creative Cuisine",Class I,Terminated,Voluntary: Firm initiated,"The recalled product was distributed to the following states: MD, PA, DE, NY, DC, NJ, NC, CT, SC, VA, MA .",UPC Code : 813141025777,Food,Baltimore,MD,United States,20230203,20231017,20230322,91653
F-0697-2014,"Key Lime Sugar Cookie, 3-oz (85g), individually wrapped in plastic and labeled in part: Manufactured for Simply D'lish, LLC.; Aurora, IL 60504; www.simplydlish.biz","On the back label of the individual cookie, the milk allergen was not declared in the allergen statement, however, butter was listed as an ingredient.","Simply D'Lish, LLC",Class II,Terminated,Voluntary: Firm initiated,"US: IL, WI","Lot Code: 13217, 13220, 13235",Food,Aurora,IL,United States,20131029,20131203,20131211,66734
F-1067-2014,"Garden-Fresh,	Sweet & Sour Cucumber,	2/5 lb.,		 0 11596 52014 8,	11/15/2013 - 11/30/2013;","Garden-Fresh Foods is recalling various cut vegetables,  ready-to-eat salads, slaw, spread and dip products sold under various brands and code dates manufactured prior to November 06, 2013  because they may be contaminated with Listeria monocytogenes.","Garden-Fresh Foods, Inc.",Class I,Terminated,Voluntary: Firm initiated,"IL, IN, MI, MN, MO, OH, PA, WI.","0 11596 52014 8, 11/15/2013 - 11/30/2013;",Food,Milwaukee,WI,United States,20131107,20131218,20131225,66819
F-1488-2024,Starter Bakery Multigrain Sourdough Bread with UPC 8 50025 60902 9,"Allergen (sesame seeds) declared in the ingredient statement but missing from the ""Contains"" statement",STARTER BAKERY,Class II,Terminated,Voluntary: Firm initiated,Distribution in CA only. No foreign distribution.,"Best by date codes: 062124, 062224, 062324, 062424, 062524, 062624, 062724",Food,Berkeley,CA,United States,20240621,20240717,20240724,94875
F-0593-2018,"Sysco Imperial Glazed Hot Bacon Dressing; Net Contents 1 GAL; Distributed by Sysco Corporation, Houston, Texas  77077; Code: B12917",A plastic foreign object was inadvertently introduced into the product stream. The firm is recalling product as not all plastic has been accounted.,"Ventura Foods, LLC",Class II,Terminated,Voluntary: Firm initiated,Nationwide,Code: B12917 ;  lot date 11/29/2017,Food,Chambersburg,PA,United States,20171207,20180119,20180124,78713
F-2951-2017,"Dierbergs Kitchen, Santa Fe Grilled Chicken Wrap, NET WT. 11 oz, UPC 0 231789 804996",Undeclared milk in wraps.,"Dierbergs Markets, Inc Corporate Office",Class I,Terminated,Voluntary: Firm initiated,Product was distributed to the firm's retail grocery stores in eastern Missouri and western Missouri.,7/2/17 and earlier.,Food,Chesterfield,MO,United States,20170628,20170727,20170802,77665
F-0984-2018,"Gourmet Cream Cheese Cinnamon Rolls, packaged in a 16 oz. plastic clam shell container and sold under the Schwartz Brothers Bakery brand. The product UPC is 7 17887 65082 1.    The product is read in parts: ""***GOURMET CREAM CHEESE CINNAMON ROLLS***NET WT. 16 OZ***Produced By Schwartz Brothers Bakery Seattle, WA 98108***Contains Milk, Wheat, Soy.  May Contain Egg, Peanuts, Tree Nuts***"".",Gourmet Cream Cheese Cinnamon Roll is recalled due to undeclared egg.,Schwartz Brothers Restaurants dba Schwartz Brothers Bakery,Class II,Terminated,Voluntary: Firm initiated,distributed in WA,sell by date 03/15/18.,Food,Seattle,WA,United States,20180311,20180330,20180404,79497
F-1363-2024,"Grande Bravo 300 Functional Whey Protein  SKU 32102.  34% Protein.   Grade A.  Pasteurized.  Net Wt 50 lbs.  Ingredients: Whey Protein Concentrate  Contains Milk.   Grande Custom Ingredients Group, 250 Camelot Drive, Fond du Lac, WI",Possible Salmonella contamination.,GRANDE CHEESE COMPANY,Class I,Terminated,Voluntary: Firm initiated,"AR, CA, CO, GA, ID, IL, IN, KS, KY, LA, MA, MI, MN, MO, NC, NJ, NY, OH, PA, SD, TN, TX, UT, WI.   Outside the US to Canada, Ecuador, and Japan.","Batch Numbers:   ANS828-1, ANS828-2, ANS828-3, ANV506-1, ANV506-2, ANV506-3, ANX882-1, ANX882-2, ANX882-3, ANZ662-1, ANZ662-2, ANZ662-3, AOA584-1, AOA584-2, AOA584-3, AOC487-1, AOC487-2, AOC487-3, AOE028-1, AOE028-2, AOE028-3, AOE030-1, AOE030-2, AOE030-3,",Food,Fond Du Lac,WI,United States,20240501,20240613,20240619,94540
F-1321-2013,"Bakehouse Granola, 12 oz, 340 g   Scholar's Inn Bakehouse Granola 16 oz, 454 g All Natural, Baked locally","Bake House Granola, does not list the source of the unsalted butter ingredient as milk, an allergen.  People who have an allergy or severe sensitivity to milk, run the risk of serious or life-threatening allergic reaction if they consume these products.","SIB, Inc.",Class II,Terminated,Voluntary: Firm initiated,retail grocery stores in Indiana and  1 retail store in Illinois,"12 oz bags: UPC 0063565507524, Best by 5/14/13-7/1/13 Lots 213A, 213B, 214A, 214B, 216A, 216B, 217A, 217B, 220B, 221A, 221B, 224B, 226A, 226B, 227A, 227B, 228A, 228B, 307A, 307B, 308A, 313A, 313B, 314A, 314B, 316A, 316B, 320A, 320B, 321A, 321B, 323A, and 323BC    16oz bags: UPC: 635655005249  Best by: 3/9/13 -5/9/13 Lots 1209A, 1209B,  1209AB, 1209BB, 1210A, 1210B, 1210AB, 1210 BB, 108A, 108B, 113A, 113 B, 116A, 116B, 117A, 117B,118A, 118B, 123A, 123B, 124A, 124B, 130A, 203A, 203B, 131A, 131B, 206A, 206B, 207A, 207B, 209A, 209B, and 209C",Food,Bloomington,IN,United States,20130325,20130422,20130501,64772
F-0082-2021,Seasonal Trio  32oz UPC 681131180696 packaged in clear plastic container,Potential to be contaminated with Listeria monocytogenes,Country Fresh Inc.,Class I,Terminated,Voluntary: Firm initiated,"AR, IL, IN, KS, KY, LA, MO, OK, and TX.",Best Before 10/02-11/2020;   Lot# URE0103  Lot# URE0103  Lot# URS0103,Food,Grand Prairie,TX,United States,20201001,20201105,20201021,86538
F-1179-2022,ELITE WHITE CHOCOLATE BAR	UPC:815871011471 & 815871012799. Net Wt. 3.53 oz (100g). Red packaging.,Potential contamination with Salmonella,ELITE CONFECTIONERY LTD,Class I,Terminated,Voluntary: Firm initiated,Distributed in the US nationwide,All lots,Food,Nof Ha-Galil,,Israel,20220428,20220604,20220615,90105
F-1678-2023,Mini Sorbet Pops; parve; 7 PACK / SINGLE; UPC: 0-91404-15305-8,Products may be contaminated with Listeria monocytogenes.,ICE CREAM HOUSE,Class I,Terminated,Voluntary: Firm initiated,"OH, NJ, NY",No codes.,Food,Brooklyn,NY,United States,20230822,20230928,20231004,92966
F-1722-2022,Brioche-Style Slider Roll 24-pack (033474512021),Products may be contaminated with Cronobacter sakazakii and/or Clostridium botulinum,"Piantedosi Baking Co., Inc.",Class II,Terminated,Voluntary: Firm initiated,"MA, ME, NH, NY, VT, RI, CT, NJ, VA, FL, NC, SC, IL, MS, CO",Lot Codes: 22081; 22088; 22095; 22102; 22109 Expiration: 3/22/2023; 3/29/2023; 4/5/2023; 4/12/2023; 4/19/2023,Food,Malden,MA,United States,20220817,20220908,20220914,90802
F-3241-2017,"B52432, BREADER X3@, NET WT 50 LBS, Manufactured By: Newly Weds Foods, Inc., Chicago, IL 60639",Product may contain undeclared milk.,Newly Weds Foods Inc,Class II,Terminated,Voluntary: Firm initiated,"Nationwide, Mexico, Canada",Product #B52432; Lot #WN013017D;  WN013117D;  WN031817D,Food,Chicago,IL,United States,20170503,20170817,20170726,77194
F-1308-2015,Adams Pantry Basics Multi-Season Seasoned Salt Net Wt. 30 oz (851 g) UPC: 041313024888;  50# Multi Seasoning Item Code: 06095 Item UPCA: 041313060954; 25# Multi Seasoning Item Code: 06096 Item UPCA: 041313060961,Product may contain undeclared peanut protein.,Adams Extract & Spice LLC,Class I,Terminated,Voluntary: Firm initiated,"AL, AR, CA, CO, FL, ID, IL, IN, , KS, KY, LA, MI, MO, MS, NC, NE, NJ, NM, OH, OK, TX, UT, WA","Best Buy Dates:28-Aug-16, 30-Sep-16, 02-Oct-16, 17-Oct-16, 05-Nov-16, 05-Dec-16; Lot# (25# only) P9A625001, P9A5YN001; Lot # (50# only) P9A7WZ001, P9A7XO001",Food,Gonzales,TX,United States,20141226,20150223,20150304,70117
F-2733-2017,"HFS 1/10.35 lb Whole Grain Oven Ready Potato Breaded Pollock Wedges 3.6 oz,, Item Number: 53374",Product may contain undeclared milk.,High Liner Foods Inc.,Class II,Terminated,Voluntary: Firm initiated,Nationwide,Lot Number: 0027051210; 0027072110; 0027023210; 0027072210; 0027023110; 0027051110,Food,Portsmouth,NH,United States,20170609,20170815,20170823,77489
F-2192-2019,PitaPal Mezza Sundried Tomato Hummus  11 oz. UPC 851351007336 packaged in Plastic tub with clear lid with green rim.,Product has potential to be contaminated with Listeria monocytogenes,Pita Pal Foods LP,Class I,Terminated,Voluntary: Firm initiated,Nationwide throughout the US,Use By: 07/25/19 thru 9/18/19,Food,Houston,TX,United States,20190715,20190916,20190925,83343
F-0419-2022,BlakeFit Everyday All-in-one Lime Watermelon 44oz Jar UPC CODE X002J9E9KD 323359000058,During an FDA investigation the firm was notified that the product contains undeclared milk.,NutraCap Labs LLC,Class I,Terminated,Voluntary: Firm initiated,"Product was shipped to the following states: AL, AR, AZ, CA, CO, CT, FL, GA, ID, IL, IN, KY, LA, MD, MN, NC, NJ, NV, NY, OH, OR, SC, TN, TX, VA & WA.",LOT #2009073 EXP DATE 09/2022 LOT #2105233 EXP DATE 05/2023,Food,Norcross,GA,United States,20211109,20220111,20220119,89000
F-1515-2022,Dose Vital VIP Products Vital Honey With Caviar and Tongkat Ali Powder; 12 sachets-15g,Undeclared Tadalafil,MKS Enterprise LLC,Class I,Terminated,Voluntary: Firm initiated,"Distributed to consumers in IL, ND, IN, NC, CA, MD, and VA.",All lots,Food,Passaic,NJ,United States,20220718,20220802,20220810,90624
F-0585-2020,"Dierbergs Kitchen Remoulade packaged in 12 OZ containers, UPC 2393330149 and 24616200000",The firm received a recall notice for hardboiled eggs that were potentially contaminated with Listeria monocytogenes. The eggs were subsequently used to manufacture various salad and deli products.,"Dierbergs Markets, Inc Corporate Office",Class I,Terminated,Voluntary: Firm initiated,Distributed to consumers at Dierbergs Market retail grocery stores.,Use by 1/5/20 and earlier,Food,Chesterfield,MO,United States,20191224,20200131,20200122,84569
F-1360-2013,"Pina Colada Dessert Bar  , 4 oz. Undeclared FD&C Red # 40 in clear flexible plastic, ingredients: water, sugar, partially hydrogenated palm kernel oil, nonfat milk solids, cream of coconut, whey powder,","Product labeling is incorrect, FD&C colors are undeclared.","Paleteria Y Neveria La Rosita, LLC",Class III,Terminated,Voluntary: Firm initiated,"Domestic: MI, IN retail stores",firm does not code product,Food,South Bend,IN,United States,20130406,20130426,20130508,64945
F-2175-2017,"ORIGINAL KB KILLER BROWNIE¿ 3x35 CT NET WT 36 LBS (16.33 kg) CONTAINS: Milk, Nuts: Pecans, Soy, Wheat UPC 10858061005031. Item #48-2016",The firm was notified by a customer that they received product that was mislabeled due to undeclared peanuts.,Killer Brownie Distributing LLC,Class I,Terminated,Voluntary: Firm initiated,"Product was shipped to the following states: MN, NY, OH, PA & WI.",BEST BY 2/20/2018 & 2/21/2018,Food,Dayton,OH,United States,20170401,20170503,20170510,76929
F-1603-2022,"Aloha Organic Protein Drink, Chocolate Sea Salt, Plant-based protein.  Net 11 FL OZ (330 mL) Tetra Pak container UPC 8 42096-11235 5.  Sold in 4 count package wrap with UPC  842095122354.  Shake Well.  Best Chilled.     Manufactured for:  Aloha, Littleton, CO  80127",Findings and potential for Cronobacter sakazakii and Clostridium botulinum.,"Lyons Magnus, Inc",Class I,Terminated,Voluntary: Firm initiated,Nationwide,Lot Code 8312 / Best By Date 07/12/2023  Lot Code 9312 / Best By Date 07/13/2023.      EXPANDED 8-10-2022  Lot Code 0702 / Best By Date 05/05/2023.     Lot Code 1702 / Best By Date 05/06/2023.     Lot Code 3221 / Best By Date 10/05/2022.     Lot Code 4221 / Best By Date 10/06/2022.     Lot Code 5431 / Best By Date 02/04/2023.     Lot Code 6431 / Best By Date 02/05/2023.     Lot Code 6821 / Best By Date 12/07/2022.,Food,Fresno,CA,United States,20220722,20220830,20220907,90667
F-2267-2014,"Noni Supplement, Capsules",GM Manufacturing is recalling dietary supplements due to significant violations of the cGMP regulations for dietary supplements.,GM Manufacturing Inc.,Class II,Terminated,Voluntary: Firm initiated,CA,9/23/13 > 9/30/13,Food,Gardena,CA,United States,20140703,20140731,20140806,68717
F-0797-2018,"Larabar Chocolate Chip Cookie Dough, 5 - 1.6 oz (45g) bars Net Wt 8.0 oz(226g), UPC 21908-48817.  Case UPC 000-21908-41675-5","Larabar Chocolate Chip Cookie Dough, 5 count, are being recalled because they may contain individually wrapped and labeled Coconut Cream Pie Bars.","General Mills, Inc",Class II,Terminated,Voluntary: Firm initiated,"CA, OR, WA",Best if Used By 01MAY2018,Food,Minneapolis,MN,United States,20180125,20180212,20180221,79025
F-1984-2016,"OSSIE'S PICKLED LOX & CREAM, NET WT. 8 OZ., UPC 739885104113; -- Far Rockaway, NY 11691 --- The product is packed in a plastic deli tub.",The product has the potential to be contaminated with Listeria monocytogenes based on the presence of the bacteria in the plant.,SM Fish Corp.,Class I,Terminated,Voluntary: Firm initiated,New York and New Jersey,Best By date codes of 7/21/16 through 08/20/16 (located on the bottom of the plastic tub),Food,Far Rockaway,NY,United States,20160729,20160825,20160831,74823
F-0581-2020,Daniel Boulud brand Baja flavored (8oz) smoked salmon products manufactured on 11/19/19 by Catsmo Acquisition LLC packaged in vacuum pouches.,Product may be contaminated with Listeria monocytogenes.,CATSMO LLC,Class I,Terminated,Voluntary: Firm initiated,"NY, CT, NJ, MN, NC, FL, VA, MA, IL, PA, and Washington D.C.",Lot Codes:  7424  Expiration date: 12/11/19,Food,Wallkill,NY,United States,20191210,20200131,20200212,84461
F-0990-2023,"Miyako Select Shredded Crab Meat Keep Refrigerated #1485 Ingredients: Fish Protein (Pollock, Threadfin Bream and/or Flying Fish), Water, Potato Starch, Modified Food Starch, Contains less than 2% of the following: Sugar, Salt, Sorbitol, Carrageenan, Natural and Artificial Flavors (Hydrolyzed Soy Protein, Qab Extract), Carrageenan, Sodium Tripolyphosphate, Tetrasodium Pyrophosphate, Carmine, Natural and Artificial Color. Contains: Fish (Pollock, Threadfin Bream and/or Flying Fish), Soy, Crustacean Shellfish (Swimming Crab) Net Weight 12/2.5 Ib Distributed By: MUTUAL TRADING CO, El MONTCAE 91731 30 lbs. (12 packages/2.5 lb vacuum sealed in clear film, pasteurized)  Crab Flavored Seafood Shred Style 91403 AS10C Ingredients: Fish Protein (Pollock, Whiting and or Threadfin Bream), Water, Potato Starch, Modified Food Starch, Contains less than 2% of the following: Sugar, Sat, Sorbitol, Natural and Artificial Flavors (Hydrolyzed Soy Protein, Crab Extract), Carrageenan, Sodium Tripolyphosphate, Tetrasodium Pyrophosphate, Carmine, Natura and Artificial Color. Contains: Fish Pollock, Whiting and or Threadfin Bream), Soy, Crustacean Shellfish Swimming Crab) Net Weight 4/2.5 lb Keep Refrigerated Product of U.S.A. Aquamar, Rancho Cucamonga, CA 91730 30 lbs. (12 packages/2.5 lb vacuum sealed in clear film, pasteurized)  Crab Flavored Seafood Shred Style 92407 KS21 Ingredients: Fish Protein (Pollock, Threadfin Bream and or Flying Fish), Water Potato Starch, Modified Food Starch, Contains less than 2% of the following: Sugar, Salt, Sorbitol, Carrageenan.  Natural and Artificial Flavors (Hydrolyzed Soy Protein, Crab Extract), Carrageenan, Sodium Tripolyphosphate, Tetrasodium, Carmine, Natural and Artificial Color Contains: Fish (Pollock, Threadfin Bream and/or Flying Fish), Soy, Crustacean Shellfish (Swimming Crab). Net Weight 12/2.5 lb Keep Frozen Product of U.S.A. Aquamar, Rancho Cucamonga, CA 91730 30 lbs. (12 packages/2.5 lb vacuum sealed in clear film, pasteurized)  Crab Flavored Seafood  Shred Style  91408  KSA Ingredients: Fish Protein (Pollock, Threadfin Bream and or Flying Fish), Water Potato Starch, Modified Food Starch, Contains less than 2% of the following: Sugar, Salt, Sorbitol, Carrageenan.  Natural and Artificial Flavors (Hydrolyzed Soy Protein, Crab Extract), Carrageenan, Sodium Tripolyphosphate, Tetrasodium Pyrophosphate, Carmine, Natural and Artificial Color Contains: Fish (Pollock, Threadfin Bream and/or Flying Fish), Soy, Crustacean Shellfish (Swimming Crab). Net Weight 12/2.5 lb Keep Refrigerated Product of U.S.A. 30 lbs. (12 packages/2.5 lb vacuum sealed in clear film, pasteurized)",Product found to contain undeclared wheat and eggs,Aquamar Inc,Class I,Terminated,Voluntary: Firm initiated,"U.S. distribution to the following: AZ, CA, NV, TX, WA, GA, IL, MN, NC, CO, NJ, FL  Foreign distribution to the following: CA (British Columbia, Alberta)","Item 1485 - Surimi Seafood Shred Miyako: Lot numbers (expiration dates): 02/13/23, 03/07/23, 03/14/23, 04/17/23, 05/08/23, 05/23/23, 06/06/23, 06/20/23, 07/10/23, 07/26/23  Item 91403   AS10C ICM Shred 4/2.5Lb KS10-0440-C: Lot numbers (expiration dates) 02/08/23, 11/01/22, 11/29/22, 12/12/22, 12/22/22.  Item 91408 KSA ICM Shred 12/2.5Lb KS22-1240-C: Lot numbers (expirations dates) 12/13/23, 02/21/23, 03/28/23, 04/19/23, 05/24/23, 06/26/23, 08/08/23  Item 92407 KS21 ICM Shred 12/2.5Lb KS23-1240-Z, Frozen Lot numbers (production dates julian code) 10223, 03923, 25723, 30522, 23022",Food,Rancho Cucamonga,CA,United States,20230519,20230620,20230628,92381
F-1685-2022,"Sweetums 24% sucrose solution with preservative. Vials containing 1ml or 2ml of 24% sucrose in purified water.  Product is administered by drop using vials and tip allows controlled administration directly to tongue or buccal surface.  Product is only used in the hospital setting including the NICU.     -VPSU15032250, 1mL vial, bagged qty 250","Firm received complaints of leaking, black liquid, and black particulates in the product vials.","Clinical Innovations, LLC",Class II,Terminated,Voluntary: Firm initiated,Nationwide - all 48 states plus Washington DC and Puerto Rico.  Australia and United Arab Emirates (Dubai).,VPSU15032250 21029a 03/31/2023 VPSU15032250 21031a 03/31/2023,Food,Murray,UT,United States,20220719,20220901,20220907,90607
F-1284-2024,Charles Boggini Pink Lemonde; 1 or 5 U.S. Gallons,Products contain undeclared FD&C Red No. 40,Charles Boggini Company Llc,Class II,Terminated,Voluntary: Firm initiated,"CT, PA, NY, NJ, AZ, MI, IL, NV, CA",Lot/Unit Numnber: 1-017,Food,Coventry,CT,United States,20240329,20240603,20240612,94334
F-1532-2012,"KERRY, MELOBLEND 737, CODE:QO-05358, CONTAINS MILK,  Item # I7126.465,  Net Wt 50 Lb (22.68Kg)",Kerry has decided to voluntarily recall its lactic acid containing products because they are contaminated with  metal fragments.,Kerry Foods,Class II,Terminated,Voluntary: Firm initiated,"AZ, CA, MN, NV, NC, OR, IL, IN, MO, NE, OH, PA, TN, TX, WI.    CANADA, CHILE",0416205401,Food,Beloit,WI,United States,20120601,20120618,20120627,62019
F-1099-2014,"Grandpa's	,Red Skin Potato Salad,	2/5 lb.,		0 11596 51080 4,	11/22/2013 - 12/10/2013;  Grandpa's,	Red Skin Potato Salad,	12/16 oz,.	0 11596 14061 2,	0 11596 24061 9,	11/25/2013 - 12/10/2013;","Garden-Fresh Foods is recalling various cut vegetables,  ready-to-eat salads, slaw, spread and dip products sold under various brands and code dates manufactured prior to November 06, 2013  because they may be contaminated with Listeria monocytogenes.","Garden-Fresh Foods, Inc.",Class I,Terminated,Voluntary: Firm initiated,"IL, IN, MI, MN, MO, OH, PA, WI.","0 11596 51080 4, 11/22/2013 - 12/10/2013;  0 11596 14061 2, 0 11596 24061 9, 11/25/2013 - 12/10/2013;",Food,Milwaukee,WI,United States,20131107,20131218,20131225,66819
F-0978-2017,"Colon Therapy, bulk capsules","Pursuant to a consent decree that prohibits the company and its owners for marketing dietary supplements until they, among other things, recall and destroy the dietary supplements that have been manufactured or distributed since April 2, 2014, hire a cGMP expert and receive written permission from FDA to resume operations.",Sunset Natural Products Inc.,Class II,Terminated,FDA Mandated,"Products distributed to Florida, Nevada and the Dominican Republic","As persuant to the Consent Decree, the firm agreed to ""recall and destroy, under FDA's supervision, in accordance with the procedures provided in paragraph 6, ALL dietary supplements that were manufactured, prepared, processed, packed, labeled, held and/or distributed between April 2, 2014 and the date of entry of this Decree.""  The Decree was entered on September 25, 2015.    Known lots and expiration dates: Lot # 020514 Exp. Date 05/17, Lot # 030514 Exp. Date 05/17, Lot # 040514 Exp. Date 05/17, Lot # 140514 Exp. Date 06/17, Lot # 150514 Exp. Date 06/17, Lot # 440514 Exp. Date 05/17, Lot # 500514 Exp. Date 05/17, Lot # 510514 Exp. Date 05/17, Lot # 520514 Exp. Date 05/17, Lot # 530514 Exp. Date 05/17, Lot # 540514 Exp. Date 06/17, Lot # 550514 Exp. Date 06/17,  Lot # 560514 Exp. Date 06/17, Lot # 570514 Exp. Date 06/17, Lot # 580514 Exp. Date 06/17, Lot # 590514 Exp. Date 06/17, Lot # 600514 Exp. Date 06/17, Lot # 600514 Exp. Date 06/17, Lot # 610514 Exp. Date 06/17, Lot # 620514 Exp. Date 07/17, Lot # 020714 Exp. Date 07/17, Lot # 240714 Exp. Date 07/17,Lot # 250714 Exp. Date 07/17, Lot # 260714 Exp. Date 07/17, Lot # 270714 Exp. Date 07/17, Lot # 280714 Exp. Date 07/17, Lot # 290714 Exp. Date 07/17, Lot # 300714 Exp. Date 07/17, Lot # 310714 Exp. Date 08/17, Lot # 320714 Exp. Date 08/17, Lot # 330714 Exp. Date 08/17, Lot # 340714 Exp. Date 08/17, Lot # 350714 Exp. Date 08/17, Lot # 380714 Exp. Date 09/17, Lot # 390714 Exp. Date 09/17, Lot # 400714 Exp. Date 09/17, Lot # 410714 Exp. Date 10/17, Lot # 280814 Exp. Date 10/17, Lot # 290814 Exp. Date 10/17, Lot # 300814 Exp. Date 10/17, Lot # 310814 Exp. Date 10/17, Lot # 320814 Exp. Date 10/17, Lot # 230914 Exp. Date 09/17, Lot # 270914 Exp. Date 10/17, Lot # 081014 Exp. Date 11/17, Lot # 091014 Exp. Date 11/17, Lot # 020615 Exp. Date 07/18, Lot # 040615 Exp. Date 07/18, Lot # 170615 Exp. Date 07/18, Lot # 180615 Exp. Date 08/18, Lot # 390615 Exp. Date 08/18, Lot # 480615 Exp. Date 08/18, Lot # 160715 Exp. Date 07/18",Food,Miami,FL,United States,20151013,20161228,20170104,74054
F-0965-2018,Product Name 	Lot Number or ID     Premix Roasted Chicken 1258969	660025,"Griffith Foods, Inc. has initiated a voluntary recall of multiple products following a supplier's recall of Autolyzed Yeast Powder due to the presence of Salmonella.",GRIFFITH FOODS,Class II,Terminated,Voluntary: Firm initiated,"Domestic: IL, TX, VA, WI, OK, MS    Foreign: Canada",Product Name  Lot Number or ID     Premix Roasted Chicken 1258969 660025,Food,Alsip,IL,United States,20180314,20180323,20180404,79550
H-0264-2025,"FG20004 	Cucumber, Sliced packaged in poly bag, and cardboard case. 16 lbs per case",Potential to be contaminated with Listeria monocytogenes,AND GO CONCEPTS DBA SALAD AND GO,Class I,Terminated,Voluntary: Firm initiated,Arizona and Nevada,2514111  2514311,Food,Coppell,TX,United States,20250527,20250711,20250723,97011
F-1792-2013,"1) terrafina Natural Roasted Unsalted Pistachios, Net wt. 10 oz (283g) UPC 847938103201, 2) terrafina Natural California Unsalted Pistachios, Net wt. 13 oz (368g) UPC 847938063208, 3) terrafina Natural California Unsalted Pistachios, Net wt. 18 oz (510g) UPC 847938032051, 4) terrafina Natural California Unsalted Pistachios, Net wt. 20 oz (567 g) UPC 847938073207, 5) terrafina Natural California Unsalted Pistachios, Net wt. 7 oz (198g) UPC 847938003204.",Potential Salmonella contamination.,Terrafina,Class I,Terminated,Voluntary: Firm initiated,"NY, NJ, FL","Item numbers: 1) 9320 with Best before 7/1/2013 to 1/31/14,  2) S320 with Best before 7/1/2013 to 1/31/14, 3) M320 with Best before 7/1/2013 to 1/31/14,   4) L320 with Best before 7/1/2013 to 1/31/14, 5) R320 with Best before 7/1/2013 to 1/31/14",Food,Bronx,NY,United States,20130607,20130830,20130911,65497
F-2418-2015,"250cc White Plastic Container containing 120 capsules, labeled Natural Creations New Zealand Colostrum, Colostrum Supplement, MFG. FOR: Natural Creations, Woodbine, IA 51579, 712-647-1600",Natural Creations announces allergy alert and voluntary recall of New Zealand Colostrum dietary supplement due to unidentified allergen inclusion (milk).,Natural Creations Inc,Class II,Terminated,Voluntary: Firm initiated,"Distributed to 29 retailers nationwide.  No foreign, government/military/VA accounts.","Lot numbers: 1112301 (exp. 1/15) and 3102914 (exp.  2/17), all products with all expiration dates.",Food,Woodbine,IA,United States,20150508,20150609,20150617,71245
F-2106-2014,"Egg Noggin' Ice Cream. Manufactured by: Koogee-Queen Anne, LLC, d/b/a The Comfy Cow 2221 Frankfort Ave, Louisville, KY 40206.","During an FDA inspection the firm was notified that their bulk product lacked labels. Due to the lack of ingredient statement, the firm failed to declare direct allergens for the products. The products also lacked the declaration that they are packaged in a facility that processes peanuts, tree nuts, wheat, milk and eggs.","Koogee-Queen Anne, LLC",Class II,Terminated,Voluntary: Firm initiated,Distributed in the states of Indiana and Kentucky,1aEGG121113,Food,Louisville,KY,United States,20140410,20140709,20140716,68486
F-0341-2021,Tahina Sesame Paste packaged in 1lb and 2lb plastic jars and 10kg metal containers; UPC CODES 6215000382207,Product tested positive for Salmonella.,KAREEM MART INC,Class I,Terminated,Voluntary: Firm initiated,"The products covered by this recall may have been distributed to a distributor and retail stores in the following states: Illinois, Montana, Michigan, New York, North Carolina, Ohio, Pennsylvania, and Virginia.","Lot 1, DATE OF EXPIRATION 07-01-2022, numbers in firm systems are KH100P045, KH100P090, KH100M100",Food,Garden City,MI,United States,20210225,20210316,20210324,87438
F-0972-2019,Belgioioso CHEESE GORGONZOLA WHEEL HALF 8#,"The firm discovered that one of their coolers malfunctioned and the food was not held at an appropriate temperature.  Because the holding temperature could affect food safety, this food could be unsafe for consumption.",Sysco Charlotte,Class II,Completed,Voluntary: Firm initiated,"Product was shipped to GA, NC & SC.",SUPC #6545537,Food,Concord,NC,United States,20181101,20190219,20190227,81491
F-0749-2013,Zingerman's Bakehouse Hot Cocoa Cake Net wt. 3 LB; 1.25 LB,"Zingerman's BAKEHOUSE pastry labels were found  not identifying the source of butter and cream ingredients as milk; the source of flour as wheat, and lacking identity of soy allergen found in products.","Zingerman's Bakehouse, Inc.",Class II,Terminated,Voluntary: Firm initiated,Michigan and Ohio,none,Food,Ann Arbor,MI,United States,20121102,20121204,20121212,63640
F-1185-2017,"Vanilla Type Flavor, Nat & Art, NET WEIGHT: 22.68 KGS, FONA International, Inc., 1900 Averill road, Geneva, IL 60134",Possible contamination of product with Salmonella.,FONA Int'l,Class I,Terminated,Voluntary: Firm initiated,"IL, WI, NJ, TX, Canada (Ontario)","Product Code: 926.0357u Lot: H232292, H250103, H216039, H273051, H230038, H313064",Food,Geneva,IL,United States,20161207,20170109,20170118,75900
F-0120-2013,"Licorice Sticks sold under the following brand names:  1) Orange Patch Country Store Licorice Sticks, New Wt, 12 oz.  Packaged in plastic bag; 2) Desert Delite Licorice Sticks, New Wt, 12 oz.  Packaged in plastic bag; 3) 17th Street Market Licorice Sticks, New Wt, 12 oz.  Packaged in plastic bag; 4)  Flagstaff Farmers Market Farm Fresh Licorice Sticks, New Wt, 16 oz.  Packaged in plastic bag; 5) Farmers Market Licorice Sticks, New Wt, 8 oz., Packaged in plastic bag; 6) AJ's Fine Foods Licorice Sticks, New Wt, 16 oz.  Packaged in plastic bag; 7) Schneph Farms Licorice Sticks, New Wt, 8 oz.  Packaged in plastic bag; 8)  Carlo's Produce Licorice Sticks, New Wt, 16 oz.  Packaged in plastic bag; 9) Emery's Berry Patch Licorice Sticks, New Wt, 16 oz.  Packaged in plastic bag; 10) Ben Becnel's Fruit Outlet Licorice Sticks, New Wt, 8 oz.  Packaged in plastic bag; 11) The Country Store Licorice Sticks, New Wt, 12 oz.  Packaged in plastic bag; 12) Woody's SmokehouseLicorice Sticks, New Wt, 8 oz  and 12 oz.  Packaged in plastic bag; 13) Hubbell Trading Post National Historic Site Licorice Sticks, 8 oz; 14) El Rancho Marketplace Licorice Sticks, New Wt, 16 oz.  Packaged in plastic bag; 15) Jacob Lake Inn Licorice Sticks, New Wt, 8 oz.  Packaged in plastic bag; 16) S&T Enterprises Licorice Sticks, New Wt, 1 lb, Packaged in plastic bag; 17) Arizona Snack Company Licorice Sticks, New Wt, 12 oz,  Packaged in plastic bag; 18) Upchurch Candy Licorice Sticks, New Wt, 1 lb,  Packaged in plastic bag; 19) Power Road Farmers Market Licorice Sticks, New Wt, 1 lb, Packaged in plastic bag; 20) Mountain Top Licorice Sticks, New Wt, 8 oz,  Packaged in plastic bag; 21) Linn's Licorice Sticks, New Wt, 12 oz,  Packaged in plastic bag; 22) Rosabella's Garden Bakery Licorice Sticks, New Wt, 4 oz,  Packaged in plastic bag; 23) DiiIorio Farms & Roadside Market Licorice Sticks, New Wt, 8 oz,  Packaged in plastic bag; 24) Foster's Product and Corn Maze Licorice Sticks, New Wt, 12 oz,  Packaged in plastic bag; 25) Carleton Farm ProduceLicorice Sticks, New Wt, 8 oz and 12 oz,  Packaged in plastic bag; 26) High Valley Orchard Licorice Sticks, New Wt, 16 oz,  Packaged in plastic bag; 27) Murray Farms Licorice Sticks, New Wt, 1 lb,  Packaged in plastic bag; 28) Venison World.Com Licorice Sticks, New Wt, 8 oz,  Packaged in plastic bag; 29) Panorama Orchards, Inc. Licorice Sticks, New Wt, 8 oz,  Packaged in plastic bag; 30) Jay Country Store Licorice Sticks, New Wt, 1 lb,  Packaged in plastic bag; 31) Klicker's Licorice Sticks, New Wt, 16 oz,  Packaged in plastic bag; 32) Rosie's Farm Market Licorice Sticks, New Wt, 8 oz,  Packaged in plastic bag; 33) Stowe Mercantile Licorice Sticks, New Wt, 16 oz, Packaged in plastic bag; 34) Venice Gourmet Licorice Sticks, New Wt, 16 oz, Packaged in plastic bag; 35) Ragged Point Licorice Sticks, New Wt, 4 oz,  Packaged in plastic bag; 36) Rawhide at Wild Horse Pass Licorice Sticks, New Wt, 8 oz, Packaged in plastic bag; 37) Petty's Meat Market Licorice Sticks, New Wt, 8 oz, Packaged in plastic bag; 38) Fly High with Pax Snax Licorice Sticks, New Wt, 12 oz,  Packaged in plastic bag; 39) Bulk Foods Licorice Sticks, New Wt, 12 oz, Packaged in plastic bag; 40) Guantanamo Bay Gourmet Licorice Sticks, New Wt, 12 oz, Packaged in plastic bag; 41) Newport Harbor Gourmet Licorice Sticks, New Wt, 12 oz, Packaged in plastic bag; 42) Omni Resort Amelia Island Plantation Licorice Sticks, New Wt, 8 oz, Packaged in plastic bag; 43) The Big Easy Licorice Sticks, New Wt, 12 oz, Packaged in plastic bag; 44) Baker's Bay Associates Licorice Sticks, New Wt, 1 lb, Packaged in plastic bag; 45) Arizona Beagle Rescue Licorice Sticks, New Wt, 8 oz, Packaged in plastic bag; 46) Thomas Family Farm Licorice Sticks, New Wt, 4 oz, Packaged in plastic bag;",We were notified by American Licorice Co. through email that levels for lead above those allowed by the FDA were found during testing.  We have voluntarily recalled our entire product purchased from them for the required time range.,Lehi Valley Trading Co.,Class II,Terminated,Voluntary: Firm initiated,"US States: AZ, NJ, NM, NJ, TX, LA, CA, WI, WA, VT, GA, and FL.  No international distribution.","1) Lot 0080245 and 0082378; 2) Lot 0080004; 3) Lot 0078721, 0085067, and 0081239; 4) 0079221, 0087572, 0084904, 0085398, 0086739, 0087046, 0084165, 0080870, 0080624, and 0082512; 5) Lot 0081294 and 0084453; 6) Lot 0086594, 0085743, 0083970, and 0078875; 7) Lot 0082198; 8) Lot 0085611; 9) Lot 0084498 and 0087230; 10) Lot 0079267l; 11) Lot 0086428, 0084609, 0083481; 0080971, and 0082505; 12) Lot 0087053, 0085253, 0082141,12 oz lots: 0082104, 0087463, 0085694, 0081038, 0084133; 13) Lot 0082299, 0082831, and 0086308; 14) Lot 0086200; 15) Lot 0083767; 16) Lot 0079247, 0079882, 0079656, 0080974, 0080424, 0080162, 0082436, 0081929, 0082184, 0081669, 0081406; 17) Lot 0081455, 0087359, and 0085778; 18) Lot 0084625; 19) Lot 0080277 and 0085536; 20) Lot 0081641; 21) Lot 0087089, 0085763, and 0083603; 22) Lot 0081624; 23) Lot 0084818; 24) Lot 0083720 and 0085577; 25) Lot 0084051, 0084446636, and 0082785; 26) Lot 0082692; 27) Lot 0083835; 28) Lot 0082977; 29) Lot 0087130; 30) Lot 0081515 and 0086922; 31) Lot 0085107; 32) Lot 0087178, 0084560, 0085493, and 0083401; 33) Lot 0085201 and 0086876; 34) Lot 0086301; 35) Lot 0084388 and 0080814; 36) Lot 0080394 and 0082341; 37) Lot 0086413; 38) Lot 0085563, 0082279, and 0081286; 39) Lot 0082916, 0080326, 0082012, 0079777, 0085413, 0087392, 0084263; 40) Lot 081277 and 0079762; 41) Lot 0081875; 42) Lot 0085390; 43) Lot 0082072; 44) Lot 0086147 and 0079417; 45) Lot 0082142; 46)  Lot 0087501     Amounts distributed: 1) 24/12oz bags; 2) 36/12oz bags; 3) 120/16oz bags; 5) 72/8oz bags; 6) 48/16oz bags; 7) 24/8oz bags; 8) 12/16oz bags; 9) 24/16oz bags; 10) 24/8oz bags; 11) 60/12oz bags; 12) 72/18oz bags, 60/12oz bags; 13) 72/8oz bags; 14) 12/16oz bags; 15) 24/8oz bags; 16) 132/1lb bags; 17) 36/12oz bags; 18) 12/1lb bags; 19) 24/1lb bags; 20) 24/8oz bags; 21) 36/12oz bags; 22) 24/4oz bags; 23) 24/8oz bags; 24) 24/12oz bags; 25) 24/12oz  and 72/8oz bags; 26) 12/16oz bags; 27) 24/1lb bags; 28) 24/8oz bags; 29) 24/8oz bags; 30) 24/1lb bags; 31) 12/16oz bags; 32) 96/8oz bags; 33) 24/16oz bags; 34) 12/16oz bags; 35) 48/4oz bags; 36) 48/8oz bags; 37) -; 38) 36/12oz bags; 39) 81/12oz bags; 40) 24/12oz bags; 41) 12/12oz bags; 42) 24/8oz bags; 43) 12/12oz bags; 44) 24/1lb bags;  45) -; 46: 24/4oz bags;",Food,Mesa,AZ,United States,20120906,20121016,20121024,63206
F-0294-2024,"3 Gallon, plastic container of mint chip flavored ice cream","Undeclared wheat, soy and coconut",Katies Korner Inc.,Class II,Terminated,Voluntary: Firm initiated,OH,Manufacturing code: 230911033,Food,Hubbard,OH,United States,20230914,20231018,20231025,93090
F-3487-2017,"Whole Foods Smoked Whitefish Fillet, packed in bulk boxes.  Labeling states: Smoked on: 08/09/17, Sell Through: 09/04/17.  Smoked fish portions are placed inside of a box lined with a plastic bag, which is hand-tied when the box is filled.  Weights of each box vary.",Rushing Waters Fisheries is recalling 3 smoked fish products because they may have been underprocessed.,"Rushing Waters Fisheries, LLC",Class III,Terminated,Voluntary: Firm initiated,IL,"Lot #1139, Smoked on: 08/09/17, Sell Through: 09/04/17",Food,Palmyra,WI,United States,20170811,20170901,20170913,77944
F-0027-2020,Popchips Sour Cream & Onion Potato Popped Chips;  5 oz. bag and 8 oz. bag    UPC: 0 82666 50070 4 - 5 oz.            0 82666 77700 7 - 8 oz.,Some batches of PopChips may contain gluten levels that exceed the firms specification.,SONORA MILLS FOODS INC DBA POPCH,Class II,Terminated,Voluntary: Firm initiated,"Il, CA, CP. OR, TX, WA, TX, NV, UT, AZ and Canada and Kuwait.",8 oz. -AUG 0720;  5 oz. AUG  0620 - Popchips and Safeway;   AUG 0720; AUG 2820 - Popchips only.,Food,Playa Vista,CA,United States,20190910,20191009,20191016,83799
F-2517-2014,"Boku Super Food 3.0, Product Sizes: 10 oz.",Boku is recalling Super Food because it may be contaminated with Salmonella.,BoKU International,Class I,Terminated,Voluntary: Firm initiated,Online sales direct to customers,Lot No. FM06070714A,Food,Ventura,CA,United States,20140730,20140922,20141001,68938
F-0719-2019,"Pictsweet Farms Steam'ables Asparagus Spears  8oz. pouch, 10 per case  UPC 0 70560 97799 9   Frozen",Product was presumptive positive for Listeria monocytogenes.,"Hart Freeze pack, LLC",Class II,Terminated,Voluntary: Firm initiated,MI,Date codes: 2118XD and 2138XD   printed on pouch and outer cases  Best by dates: Jul 30 2020 and Aug 01 2020,Food,Hart,MI,United States,20181109,20181212,20181205,81548
F-0571-2022,"""Organic Baby Arugula"" (salad product) packed in 5oz. and 16oz. packages",potential to be contaminated with Listeria monocytogenes,Fresh Express Inc (Div of Chiquita Brands),Class I,Terminated,Voluntary: Firm initiated,"Products were distributed to 110 domestic distributors (in CT, IA, IL, IN, KY, MA, MD, ME, MI, MN, MO, ND, NH, NJ, NY, OH, PA, RI, VA, and WI) and 3 foreign distributors (Canada).",Z324-Z350,Food,Streamwood,IL,United States,20211218,20220122,20220202,89269
F-0156-2017,"Package contains a business card for ""***BAGEL SHOP***""    ""***Sesame Seed:  Flour, Filtered Water, Organic Shortening, Olive Oil, Malt, Sugar, Sea Salt, Yeast, Organic Sesame Seeds.***""    2 bagels per package - plastic bag with twist tie.",Undeclared wheat,Union Bagel Shop,Class II,Terminated,Voluntary: Firm initiated,"Products were only distributed to one retail store located in Grande, OR",None,Food,Union,OR,United States,20160407,20161014,20161026,73911
H-0193-2026,"Twin Sisters Creamery Whatcom Blue cheese, 2.5lb. round cheese wheel, made with raw milk and aged at minimum of 60 days. Ingredients: cultured raw cow's milk, salt, enzymes, penicillium roqueforti. Made in Ferndale, WA. www.twinsisterscreamery.com.",Raw milk Whatcom Blue cheese is recalled due to E. coli O103:H2.,"Twin Sisters Creamery, LLC",Class I,Ongoing,Voluntary: Firm initiated,Distributed in OR and WA,#450 Made on 5/27/2025 - Batch Code 250527B Sell by 2/21/2026 #452 Made on 6/10/2025 - Batch Code 250610B Sell by 3/7/2026 #454 Made on 6/18/2025 - Batch Code 250618B Sell by 3/15/2026 #455 Made on 6/24/2025 - Batch Code 250624B Sell by 3/21/2026 #456 Made on 7/01/2025 - Batch Code 250701B Sell by 3/28/2026 #459 Made on 7/22/2025 - Batch Code 250722B Sell by 4/18/2026   Letter B indicates product is Whatcom Blue.,Food,Ferndale,WA,United States,20251024,20251119,20251126,97880
F-1608-2024,"Dolcezza Peanut Butter Stracciatella Gelato 16 fl oz/1 pint, UPC 857838006090. Packaged in paper containers, 8 containers per case.",Possible contamination with Listeria monocytogenes,"Totally Cool, Inc.",Class II,Terminated,Voluntary: Firm initiated,Distributed nationwide.,All Best By Dates Between: 05/20/24 to 06/20/25 Plant Code: 24-65,Food,Owings Mills,MD,United States,20240613,20240801,20240807,94829
F-1989-2014,"Arena Ethnobotanicals and Kratom Pro, sizes: 1oz, 4oz, and 8oz.","Prep Enterprises is recalling Captain Kratom, Arena Ethnobotanicals and Kratom Pro products because they may be contain Kratom (mitragyna speciosa).",Prep Enterprises Llc,Class II,Terminated,Voluntary: Firm initiated,"The products were sold to wholesale distributors in the following states: Alabama, Arizona, California, Texas, Washington, Nevada, New York,  Illinois, Missouri, Kentucky, Florida, Oklahoma, Idaho, Colorado, Wisconsin, Massachusetts, and Ohio.    Wordwide to Canada.",,Food,Carlsbad,CA,United States,20140501,20140602,20140611,68164
F-0489-2020,"Nestle Toll House Oatmeal Raisin Cookie Bar (16.5oz), UPC 050000062195",Potential presence of food-grade rubber pieces.,Gerber Products Company dba Nestle Infant Nutrition,Class II,Terminated,Voluntary: Firm initiated,All consignees are in the US,"BATCH CODE(S): 9196, 9214, 9226, 9235, 9253    Batch Code date Breakdown: YDDD Y-Year (2019)  JJJ: Julian date (189)",Food,Arlington,VA,United States,20191030,20200109,20200115,84172
F-2305-2017,"AUNT JEMIMA(R) 14 BLUEBERRY WAFFLES, NET WT 17.18oz UPC 019600062202",Potential for Listeria monocytogenes contamination,"Pinnacle Foods, LLC",Class II,Completed,Voluntary: Firm initiated,Nationwide,ALL,Food,Parsippany,NJ,United States,20170505,20170605,20170614,77197
F-2209-2019,PitaPal Edamame Dip with Pretzels 4.1 oz. UPC 851351007091 packaged in Clear tub with clear lid with green rim.,Product has potential to be contaminated with Listeria monocytogenes,Pita Pal Foods LP,Class I,Terminated,Voluntary: Firm initiated,Nationwide throughout the US,Use By: 07/25/19 thru 9/18/19,Food,Houston,TX,United States,20190715,20190916,20190925,83343
H-0068-2026,"Cut Fresh Fruit Mix.  Contains:  Cantaloupe, Honeydew, Pineapple, and Red Grapes.  Keep Refrigerated. Packed under the following brands and sizes:    1.  Fruit Mix CHPG (MCT) 1/5 lb.   2.  Fruit Medley ""HC"" 24/8 oz.  Harvest Cuts  UPC 7 90629-08008 7.   3.  Fruit Mix CHPG (PAIL) 1/5 lb.  UPC 7 90629-11369.    Packed by WPS, Minneapolois, MN",Potential Listeria monocytogenes contamination.,WHOLESALE PRODUCE SUPPLY LLC DBA,Class I,Terminated,Voluntary: Firm initiated,"IA, IL, ND, NE, WI","1.  Lot Number:  X0924992, Expiration 10/5/2025, and Lot Number:  X0924992, Expiration 10/5/2025.   2.  Lot Number:  X0925250, Expiration 10/4/2025.   3.  Lot Number:  X0924991, Expiration  10/5/2025.",Food,Minneapolis,MN,United States,20250926,20251015,20251022,97709
F-1613-2017,"Ground Turmeric packaged as follows:  a) FOOD LOCKER(R) , 16 oz, PHENIX FOOD SERVICE, PHENIX CITY, AL  36867  b) Ground Turmeric, Net Wt. 4 oz.,",The firm received a notice from their supplier that a sample of ground turmeric was tested and found to have elevated levels of lead.,J M Exotic Foods Inc,Class I,Terminated,Voluntary: Firm initiated,"GA, AL","a)  Lot number:  16110118  b)  Lot numbers:  16131185, 16165184",Food,Moody,AL,United States,20160802,20170316,20170322,74866
H-0328-2026,"Celebration Herbals Senna Leaf Herbal Tea 24 Teabags, net wt. 1.48oz. UPC 628240201829",possible salmonella,CELEBRATION HERBALS US,Class II,Terminated,Voluntary: Firm initiated,"FL, IN, MA, MI, MS, NY, PR, WI",Lot code: 251004 BB: 2028-Oct-29,Food,Lockport,NY,United States,20251125,20251219,20251224,98115
F-0133-2013,"Garden Highway, Chef Essentials, Mango Salsa, Net Wt  7 oz, UPC 8.26766-42208.1, Ingredients: Mango, Lime Juice, Red Onion, Mint, Jalapeno Pepper, Packed in It's Own Juice","In cooperation with the FDA warning to not consume mangoes from Agricola Daniella, Mexico.  FreshLine of Indianapolis, Indiana, has initiated a voluntary recall of a limited quantity of expired products that contain fresh-cut mangoes due to the potential risk that the mangoes may contain Salmonella.","Caito Foods Service, Inc.",Class I,Terminated,Voluntary: Firm initiated,"4 Distributors in WI, IN, IL, CA with further nationwide distribution to retail stores","Item  382987,  Best By 8/04/2012- 09/16/12",Food,Indianapolis,IN,United States,20120915,20121017,20121024,63193
F-0542-2014,"Garden-Fresh Farm Stand Pasta Salad,Product Code  0 11 11596 52204 9, 1/5 lb","Garden-Fresh Foods is recalling various ready-to-eat salads, slaw, and dip products sold under various brands and codes because they may be contaminated with Listeria monocytogenes.","Garden-Fresh Foods, Inc.",Class I,Terminated,Voluntary: Firm initiated,"CA, IL, IN, MA, MI,MN, MO, OH, PA, WI.",0 11 11596 52204 9= 10/30/2013 - 11/20/2013    ; ;,Food,Milwaukee,WI,United States,20131030,20131202,20131211,66677
F-1530-2024,Diamond Shruumz Chocolate Bars Dark Chocolate UPC 755003858829,Toxic levels of muscimol,"Prophet Premium Blends, LLC",Class I,Terminated,Voluntary: Firm initiated,"U.S. distribution to the following: AK, AL, AR, AZ, CA, CO, CT, DC, DE, FL, GA, HI, IA, ID, IL, IN, KS, KY, MA, MD, ME, MI, MN, MO, MS, MT, NC, ND, NE, NH, NJ, NM, NV, NY, OH, OK, OR, PA, PR, RI, SC, SD, TN, TX, UT, VA, VT, WA, WI, WV, WY  No foreign distribution.",All lots or best buy dates and any products that do not have any lot codes or best buy dates.,Food,Santa Ana,CA,United States,20240627,20240730,20240807,94869
F-0711-2015,"Odwalla Chocolate Protein Shake, 15.2 fl. oz, and 32 fl. oz bottles, Distributed by: Odwalla, Inc., Dinuba, CA 93618.",There is the potential that some of the bottles could exhibit spoilage before end of shelf life.,Coca-Cola Company  (The),Class II,Terminated,Voluntary: Firm initiated,U.S. Nationwide,"UPC: 014054 13505 2, Production Date: 09/19/14 and 09/20/14, Best By Date: DEC 18 14 and DEC 19 14 (15.2oz) and UPC: 0 14054 13504 5, Production Date: 09/13/214 and 09/14/14, Best By Date: DEC 12 14 and DEC 13 14 (32.0 oz)",Food,Atlanta,GA,United States,20141023,20141212,20141224,69801
F-0164-2022,"Carolina Ingredients Smoked Peppered Bacon Seasoning Mfr. By: Carolina Ingredients, LLC Rock Hill, SC 29730",The firm was notified by their customer of possible lead  in their products. The firm sent samples of the product to a lab,Carolina Ingredients,Class II,Completed,Voluntary: Firm initiated,All product was shipped to one customer in GA.,Fill in,Food,Rock Hill,SC,United States,20211007,20211115,20211124,88833
F-1407-2015,"Weis  Veggie Chips  Net Wt. 6 oz.  Packed For Weis Markets, Inc. Sunbury, PA 17801  With code dates: 10 Dec 2014 thru 7 Apr 2015    Natures Place  Veggie chips  Net Wt. 6 oz  Distributed By: DZA Brands, LLC, Salisbury NC 28147/Scarborough, ME 04074  With code dates: 15 Dec 2014 thru 10 Apr 2014      Market Basket  Veggie Chips   Net Wt. 6 oz  Distributed by: DeMoulas Supermarkets, Inc. Tewksbury, MA 01876  With code dates: 22 Jan 2015 thru 21 Mar 2015",Firm's sodium claims of 55 g/serving is incorrect. Product analyzed and found to contain shows approx. 290 mg/serving size,Keystone Food Products Inc,Class III,Terminated,Voluntary: Firm initiated,ME VT NH MA RI CT NY PA,10 Dec 2014 thru 7 Apr 2015  15 Dec 2014 thru 10 Apr 2014  22 Jan 2015 thru 21 Mar 2015,Food,Easton,PA,United States,20141216,20150309,20150318,70067
F-0476-2023,"Bistro To Go, Egg Salad Wheat, Net Wt. 5.5 Oz. Single Serving, Keep refrigerated","On 02/03/2023, FRESH IDEATION FOOD GROUP, LLC dba Fresh Creative Cuisine of Baltimore, MD is  initiating a recall of  various products sold from January 24, 2023 through January 30, 2023 because the products have the potential to be contaminated with Listeria monocytogenes .","FRESH IDEATION FOOD GROUP, LLC dba Fresh Creative Cuisine",Class I,Terminated,Voluntary: Firm initiated,"The recalled product was distributed to the following states: MD, PA, DE, NY, DC, NJ, NC, CT, SC, VA, MA .",UPC Code : 813141022127,Food,Baltimore,MD,United States,20230203,20231017,20230322,91653
F-0403-2023,"Cayenne Pepper  1 pound jars, and 5 pound jars",Product was found to have an elevated amount of Aflatoxin,Tampico Spice Company Inc,Class II,Terminated,Voluntary: Firm initiated,"CA, WA, AZ, OR, UT, TX, NV, NJ",Lot #2112245,Food,Los Angeles,CA,United States,20230202,20230303,20230301,91624
H-0124-2026,"Ready Meals Smoked Mozzarella With Hot Links Extra Large, UPC 200003 #####. Product was made in-store with store generated scale label applied to the container.    Sold under store banners Carrs-Safeway, Eagle, and Safeway in AK",Listeria monocytogenes. Albertson's store-made deli items contain a recalled Penne pasta ingredient which was recalled due to Listeria monocytogenes.,Albertsons Companies LLC,Class I,Terminated,Voluntary: Firm initiated,"Distributed in AK, AR, AZ, CA, CO, HI, LA, NE, NM, NV, OK, SD, TX, UT, and WY.",Sell Thru Dates: SEP 25 25 Thru OCT 4 25,Food,Boise,ID,United States,20250926,20251022,20251029,97724
F-1796-2015,"Cajun Seasoning, 4 oz., UPC: 811267011735.  Product is packaged in a plastic bottle with a black flip-top lid.",Product may contain undeclared peanut protein.,The Spicemill LLC.,Class I,Terminated,Voluntary: Firm initiated,Product was distributed in the State of CT.,"Lot Code:  1432421, Best By: 12/16,1/17",Food,Manchester,CT,United States,20150128,20150330,20150408,70423
F-0193-2021,"OUR SPECIALTY; Cake Truffles; Variety; Chocolate; Cookies 'N Creme; NO: Artificial Colors, Flavors, or High  Fructose Corn Syrup; Net Wt. 19.5 oz(1 LB 3.5 oz) (552 g)",Product contains undeclared wheat.,Rich Products Corp,Class II,Terminated,Voluntary: Firm initiated,"OK, MO, NC, MS, LA, KS",UPC: 87574 55501   Lot: C189 0239,Food,Buffalo,NY,United States,20201222,20210105,20210113,87025
F-2617-2016,"Federico's Mexican Cookies Excelente Variedad, Net Wt. 21oz, 10packs/case, UPC 9154450521.",Federico's Bakery is recalling Mexican Cookies because it contains undeclared milk as the sub ingredient for butter.,Federico's Bakery,Class II,Terminated,Voluntary: Firm initiated,CA,none,Food,Duarte,CA,United States,20160912,20160927,20161005,75169
F-1276-2013,"Taco Seasoning, Net Wt. 1.25 lb and 5.75 lb. Distributed by Decoty Coffee Company, San Angelo, TX 76903, 800-588-8001. The products come in 1.25lb and 5.75lb sizes and are distributed in plastic spice containers with resealable lids.","Recently, DeCoty Taco Seasoning, 1.25 lb (Lot numbers 010111-021313) and 5.75 lb (Lot numbers 010111-021313), were recalled for the undeclared ingredient Soy. Tests show that these lot numbers of this product also contain the undeclared ingredient Wheat Gluten, therefore represents a potential health hazard.","Decoty Coffee Company, Inc",Class II,Terminated,Voluntary: Firm initiated,"Mainly in TX, but internet sales were nationwide.",The item code numbers are 71400 (1.25 lb) and 71410 (5.75 lb) with lot numbers from 010111 through 021313.,Food,San Angelo,TX,United States,20130325,20130328,20130403,64721
F-1280-2022,"dibz Lunch Blox.  Entree, Grain, Veggie, Fruit",Potential Salmonella contamination.,General Mills James Ford Bell Technical Center,Class I,Terminated,Voluntary: Firm initiated,"CA, GA, LA, MI, MO, NH, NJ, NY, OR, PA, TX","Lunch ID's:  1016.2, 1017.3, 1025.1, 1026.2, 1026.3, 1029.2, 1029.3, 1032.3, 1032.4, 1033.1, 1034.3, 1034.4, 1035.1, 1036.4. 1036.5, 1038.3, 1042.1, 1046.1, 1050.2, 1051.2",Food,Golden Valley,MN,United States,20220522,20220608,20220615,90290
F-1526-2013,"IGA Brand Vanilla & Chocolate Ice Cream, 1.75 Quart","Undeclared allergens: Almonds, Coconut, Soy Lecithin",Dairy Fresh LLC,Class I,Terminated,Voluntary: Firm initiated,"FL, GA KY, NC, OH, PA, SC, TN and WV.","UPC #4137046131, Plant Code 3783, Sell by dates: 06-08-13  07-19-13, 08-02-13, 08-13-13 and 08-27-13.",Food,Winston Salem,NC,United States,20130508,20130612,20130619,65142
F-1181-2013,Publix 7 inch Chocolate with Chocolate butter cream layer cake  Scale ID Number * 002-95954-00000 *The last five digits of the scale ID number contain the unit price. For example $4.99 would have the last five digits ending 00499.,Maplehurst Deli-Bake South Inc. the cake supplier notified Publix Super market of a contamination with Listeria Monocytogenes on 11/15/2012.,"Publix Super Markets, Inc.",Class I,Terminated,Voluntary: Firm initiated,Florida,"Recalled products were distributed from November 11, 2012 through November 15, 2012.",Food,Lakeland,FL,United States,20121115,20130313,20130320,64493
F-2620-2016,"Triana Family Brioche Donuts Bavarian Cream Net Wt. 0.75 LBS (340 g)  12 -24 Jabez St., Newark, NJ 07106 UPC 000260003995    packaged in a clear plastic clam shell container",Brioche Donuts- Bavarian Cream contain undeclared FD&C yellow #5 and FD&C yellow #6.,"PAO DE MILHO III, LLC",Class II,Terminated,Voluntary: Firm initiated,NJ,9/13/2016,Food,Newark,NJ,United States,20160830,20160928,20161005,75185
F-0490-2016,"Keim's Garden Harvest pickled zesty mustard eggs Ingredients: eggs, water, vinegar, sugar, salt***yellow #5, red #40*** Manufactured by: Keim's Garden Harvest (937) 515.4518 2232 Honeysuckle Lane Wellston OH 45692 1 PT (17 oz 502 ML) UPC 6 09788 83464 9, 32 oz 6 09788 83459 5",The firm was manufacturing acidified foods without a license.,Garden Harvest,Class II,Terminated,Voluntary: Firm initiated,"Product was shipped to the following states: OH, FL, WV",All Codes,Food,Mc Arthur,OH,United States,20150812,20160114,20160120,71962
F-1749-2013,"Jacqueline's GOURMET COOKIES Raspberry Burst Cookies, Net Wt. 11 oz (8 units in total) packed in clear plastic with white labeling---Shelf life is 12 months frozen and 7 days after baked.",Undeclared Milk allergen,Price Chopper Golub Corperisable Warehouse,Class II,Terminated,Voluntary: Firm initiated,"Price Chopper stores in NY, NH, MA, VT, PA and CT.","Store Item Code: 3552393, UPC:4173522009   Lot Numbers: PB18363-4, PB18363-5, PB18363-6, PB18363-7, PB18363-8, PB18363-9, PB18363-15, PB18363-16, PB17833-3, PB18325-3, PB20781-3, PB20781-4, PB20781-5, PB20781-6",Food,Schenectady,NY,United States,20130621,20130725,20130731,65557
F-1035-2020,"Banana Chocolate Creme Chocolate covered protein bars, packaged in metalized polypropylene wrappers, packed in 6 count to 18 count boxes, net wt. ranges from 53 to 58 grams.",Products may be moldy prior to the end of the stated shelf life.,BUILT BRANDS LLC,Class II,Terminated,Voluntary: Firm initiated,Nationwide in U.S. and Canada.,"2004524, date 20045, Expiration 10/14/2020;  2005724, date 20057, Expiration 10/26/2020;",Food,American Fork,UT,United States,20200624,20200728,20200805,85963
F-1852-2014,Cheddar Cheese Ball and Logs sold under the following sizes and brands:    1. Aldi label in 10 ounce balls (1087 / #7713) in film overwrap;     2.   Win Schuler Original label in 10 ounce balls (55560) and logs (55570) in film overwrap; 3. CP in 8 ounce cheese logs (CH111000) in film overwrap.,"Various Peanut butters, cheese spreads, cold pack cheese, salsa, cheese balls/logs have the potential to be contaminated with Listeria monocytogenes.",Parkers Farm Inc,Class I,Terminated,Voluntary: Firm initiated,Nationwide.  No distribution outside the US.,Sell by Date before 3/20/2015,Food,Coon Rapids,MN,United States,20140321,20140416,20140423,67806
F-1028-2023,A21470	BATTER MIX X1	50.00	BAG,Products may contain Salmonella,"Newly Weds Foods, Inc.",Class I,Terminated,Voluntary: Firm initiated,"ALABAMA, ARKANSAS, CALIFORNIA, COLORADO, FLORIDA, GEORGIA, ILLINOIS, INDIANA, IOWA, KANSAS, KENTUCKY, LOUISIANA, MICHIGAN, MINNESOTA, MISSISSIPPI, MISSOURI, MONTANA, NEBRASKA, NEW JERSEY, NEW YORK, NORTH CAROLINA, OHIO, OKLAHOMA, OREGON, PENNSYLVANIA, TENNESSEE, TEXAS ,WISCONSIN.  CANADA.",SE012523A SE110222C SE110722A,Food,Chicago,IL,United States,20230526,20230705,20230712,92423
F-1467-2012,"Santos Brand, Garam Masala (Indian Spice Mix) packed in clear plastic bags,  7 ounces, 16 ounces","The recall was initiated after it was discovered during a routine inspection that the products i.e. various kinds of flours, legumes and spices were cross packaged on shared equipment with peanuts and wheat flour.  The products i.e. various kinds of flours, legumes and spices were distributed in packaging that did not reveal the presence of peanuts or wheat, but may contain traces of it.",Santos Inc.,Class I,Terminated,Voluntary: Firm initiated,Distributed to retail markets in Northern California.,There is no UPC code/lot code/expiration date on products.,Food,San Leandro,CA,United States,20120518,20120618,20120627,61893
F-0037-2022,"Chocolate & the Chip  Peanutbutter Spice Cookies: 4 oz / 114 grams per pack. Cookies are packaged in uniform pairs in a food grade clear resealable bag and label  Corrected Ingredients:  Ingredients: All purpose flour (bleached wheat flour, malted barley flour, niacin, reduced iron, ascorbic acid, thiamin mononitrate, riboflavin, folic acid, ascorbic acid) unsalted butter (pasteurized cream, natural flavorings), eggs, semi sweet chocolate chips (sugar, chocolate, cocoa butter, milkfat, soy lecithin, natural flavors), light brown sugar, white granulated sugar, peanut butter (Roasted peanuts 91.5% Dextrose - 6% Hydrogenated vegetable oil (rapeseed, cottonseed, soybean) - 2% Salt - .5%), cinnamon chips (Sugar, partially hydrogenated palm kernel oil, cocoa powder, natural and imitation cinnamon flavor, salt, soy lecithin, and vanillin, pure vanilla extract (vanilla bean extractives in water and alcohol), Himalayan salt, baking soda (sodium bicarbonate), instant decaf coffee (decaffeinated instant coffee, caramelized sugar), cinnamon, salt flakes. Contains: wheat, milk, eggs, soy, tree nuts (peanuts)   Labels found during the inspection had undeclared wheat, milk, soy. Firm had listed ingredients on packaging but what was missing were the sub ingredients and allergen containment.",Inspection by the California Department of Public Health found undeclared allergens in numerous bakery products.,Chocolate and the Chip,Class II,Terminated,Voluntary: Firm initiated,Nationwide distribution,"Product manufactured from July 1, 2021 to 9-30-21.",Food,Inglewood,CA,United States,20211005,20211020,20211027,88824
F-0913-2024,"Fresh Local , Country Corner Dairy,  YELLOW COLBY CHEESE, INGREDIENTS: Pasteurized Milk, Salt , Rennet, Calcium Chloride,  Cheese Culture, Contains Milk. Product comes in various sizes, 6 oz. up to 42 lbs. and is in vacuum sealed plastic packaging.",Product was made with a lack of proper pasteurization.,"Country Corner Dairy, LLC",Class II,Terminated,Voluntary: Firm initiated,"The recall product was distributed to the following states : MD, VA",100923,Food,Cullen,VA,United States,20240201,20240222,20240228,93957
F-0736-2018,"Wienke's Market Strawberry Raspberry Jam, Net Wt. 8 oz (226g), UPC 14106-00235.    Refrigerate after opening.  Ingredients:  strawberries, raspberries, sugar, pectin.",Jams and Jellies are made with butter which is not declared on the label.,Wienke LLC,Class II,Terminated,Voluntary: Firm initiated,"AL, AK, IA,, IL, MI, MN, OR, PA, UT, WI","Jams and Jellies produced prior to January 17, 2018",Food,Algoma,WI,United States,20180119,20180202,20180214,78982
F-0845-2017,"Harris Teeter, Kabob Kit 23oz",Products may be contaminated with Listeria monocytogenes.,"Country Fresh Products, LLC",Class I,Terminated,Voluntary: Firm initiated,"AL, FL, GA, KY, LA, MD, MS, NC, SC, TN, VA and WV.","BEST IF USED BY dates between August 11, 2016 through August 17, 2016.",Food,Houston,TX,United States,20160825,20170105,20170111,75061
F-0656-2020,"Premo and Fresh Grab Chicken Salad Wedge Sandwich, 5 oz., UPC: 612510002032",Products recalled due to potential contamination with Listeria monocytogenes,"Lipari Foods Operating Company, LLC.",Class I,Terminated,Voluntary: Firm initiated,"The products were distributed exclusively by Lipari Foods in Warren, Michigan to food service and retail stores throughout Alabama, Florida, Iowa, Illinois, Indiana, Kentucky, Maryland, Michigan, Minnesota, Missouri, Ohio, Pennsylvania, Tennessee, West Virginia, and Wisconsin.",All product with Best By date of 2/6/20 and prior,Food,Warren,MI,United States,20200106,20200206,20200212,84660
F-1154-2016,"Iowa Select Herbs LLC, Burdock Root, www.iowaselectherbs.com, 4 fl. Oz.., Cedar Rapids, IA 52402","Pursuant to a consent decree for injunctive relief the recalling firm was ordered to recall all products because they are misbranded, unapproved new drugs and adulterated dietary supplements.",Iowa Select Herbs LLC,Class III,Terminated,FDA Mandated,"The recalled product was distributed to retail stores in CA, FL, GA, IA, MI, MO, MT, NY, and SC and consumers nationwide and internationally in Denmark, Canada, UK, Australia, and Serbia.","Lot - 20771, Expires - 04/2020",Food,Cedar Rapids,IA,United States,20150911,20160502,20160511,72083
F-0302-2021,"20 Mile Rhubarb, Organic Frozen Custard, Contents:  One U.S. Pint and 86 oz. Scoopers.  UPC 50005-48811.  Made by Barron County Organics, LLC, 10-Mile Organic and Local General Store, 796 29 3/4 Ave. Barronett, WI  54813.",Ingredients were not pasteurized after blending as required by State of Wisconsin.,Barron County Organics,Class II,Terminated,Voluntary: Firm initiated,MN and WI,"Batch #   00063020-011, 00071620-011.",Food,Barronett,WI,United States,20210203,20210217,20210224,87244
F-0504-2018,"DARK CHOCOLATE CHERRY, 16 oz., 25 pound bulk case","Rockys Historic Eastern Market initiated a voluntary recall of DARK CHOCOLATE CHERRY, and DARK CHOCOLATE CRANBERRY due to undeclared allergen milk following a supplier's recall.",Rocky'S Historic Eastern Market,Class II,Terminated,Voluntary: Firm initiated,Domestic: MI,"Distributed between 7/15/2016 to 10/30/2017, there are no lot codes or UPC codes",Food,Detroit,MI,United States,20171108,20171218,20171227,78597
F-2662-2017,"Whole Foods 12/12oz Oven Ready Breaded Calamari Rings,  Item Number: B1322",Product may contain undeclared milk.,High Liner Foods Inc.,Class II,Terminated,Voluntary: Firm initiated,Nationwide,Lot Number: 0027114130,Food,Portsmouth,NH,United States,20170609,20170815,20170823,77489
F-1347-2017,"E.S.P. Pre-Workout, Energy Stimulant Pre-workout, Powder, 300 g, blue raspberry flavor  (UPC 764779-410728.","Products contain Picamilon and/or methylpentane citrate (DMBA),  which are not recognized as a dietary ingredients","IQ Formulations, LLC",Class II,Terminated,Voluntary: Firm initiated,Unknown,"Lots: 1600807 (Exp 01/11/2019), 1520115 (Exp 12/26/2019), 1603701 (Exp 02/06/2019), 1603702 (Exp 02/06/2019), 1603901 (Exp 02/08/2019), 1603903 (Exp 02/08/2019), 1600806 (Exp 01/11/2019), 1603902 (Exp 02/09/2019), 1604602 (Exp 02/15/2019), 1604601 (Exp 02/15/2019), 1604701 (Exp 02/16/2019), 1604604 (Exp 02/15/2019), 1604603 (Exp 02/15/2019), 1604702 (Exp 02/22/2019), 1604404 (Exp 02/13/2019), 1605601 (Exp 02/25/2019), 1605510 (Exp 02/24/2019), 1605602 (Exp 03/03/2019), 1605509 (Exp 02/24/2019), 1619601 (Exp 07/14/2019), 1619601 (Exp 07/14/2019), 1620401 (Exp 07/22/2019), 1620402 (Exp 07/22/2019), 1620403 (Exp 07/22/2019), 1600708 (Exp 07/08/2019), 1603602 (Exp 02/05/2019), 1603604 (Exp 02/25/2019), 1603603 (Exp 02/05/2019), 1604205 (Exp 02/11/2019), 1604204 (Exp 02/11/2019), 1604203 (Exp 02/11/2019), 1604301 (Exp 02/12/2019), 1604302 (Exp 02/12/2019), 1604303 (Exp 02/12/2019), 1605307 (Exp 02/22/2019), 1605106 (Exp 02/20/2019), 1605105 (Exp 02/20/2019), 1605506 (Exp 02/24/2019), 1605507 (Exp 02/24/2019), 1605508 (Exp 02/24/2019), 1622304 (Exp 08/10/2019), 1603904 (Exp 02/08/2019), 1603905 (Exp 02/08/2019), 1604003 (Exp 02/09/2019), 1604004 (Exp 02/09/2019), 1604005 (Exp 02/09/2019), 1604002 (Exp 02/09/2019), 1604006 (Exp 02/09/2019), 1604806 (Exp 02/17/2019), 1604709 (Exp 02/16/2019), 1604708 (Exp 02/16/2019), 1604903 (Exp 02/18/2019), 1604805 (Exp 02/17/2019), 1604807 (Exp 02/17/2019), 1604003 (Exp 02/09/2019), 1605610 (Exp 02/25/2019), 1604001 (Exp 02/09/2019), 1600707 (Exp 01/09/2019), 1603204 (Exp 02/03/2019), 1603601 (Exp 02/05/2019), 1603509 (Exp 02/04/2019), 1604103 (Exp 02/10/2019), 1604201 (Exp 02/11/2019), 1604101 (Exp 02/10/2019), 1604202 (Exp 02/11/2019), 1604102 (Exp 02/10/2019), 1604104 (Exp 02/10/2019), 1605003 (Exp 02/19/2019), 1605002 (Exp 02/19/2019).1605007 (Exp 02/19/2019), 1604905 (Exp 02/18/2019), 1604906 (Exp 02/18/2019), 1604904 (Exp 02/18/2019), 1605001 (Exp 08/05/2019), 1622303 (Exp 08/10/2019).",Food,Sunrise,FL,United States,20160816,20170125,20170201,75110
F-0119-2025,"Oregon Orchards Banana Smoothie Mix. Product is packaged in the same square 0.5gallon HDPE plastic bottles and the volume is 68 fl oz.  Ingredients: Sugar, banana puree, water, natural flavor, citric acid, xanthan gum, sodium benzoate (to help protect flavor-1/10 of 1%), vanilla extract. Made by: MyChai, Inc. 1110 SE Centennial St. # 6, Bend, OR 97702  Up until fall of 2023, expiration dates were 2 years from the date of production. In the fall of 2023 expiration dates were extended an additional year to 3 years from the production date.",Acidified product is recalled due to lack production record.,My Chai Inc,Class III,Terminated,Voluntary: Firm initiated,Nationwide,Batch numbers and Expiration Dates:  RC080321-BANASM 8/3/23 RC060321-BANASM 6/3/23 RC111921-BANASM 11/19/23 AH042822-BANASM 4/27/24 RC062422-BANASM 6/23/24 RC091622-BANASM 9/15/24 RC071523-BANASM 7/14/25 RC112023-BANASM 11/19/26,Food,Bend,OR,United States,20240821,20241104,20241113,95346
F-2387-2012,"Starbucks¿ Seasonal Harvest Fruit Blend, 6oz, UPC 6211171390, Use by dates 8/22/2012 through 9/7/2012 and 9/4/2012 & 9/5/2012.","Firm is voluntarily recalling, out of an abundance of caution, packaged fruit products containing mangoes, distributed through August 30th 2012, since they contain Daniella Brand mandoes, which have been recalled by supplier Splendid Products, due to potential contamination with Salmonella Braenderup.",Ready Pac Foods Inc,Class I,Terminated,Voluntary: Firm initiated,"Nationwide to following US States and Canada: Alaska, Alabama, Arkansas, Arizona, California, Colorado, Connecticut, Delaware,  District of Columbia, Washington D.C., Florida, Georgia, Hawaii, Iowa, Idaho, Illinois, Indiana, Kentucky,  Louisiana, Massachusetts, Maryland, Michigan, Minnesota, Missouri, Mississippi, Montana, Nebraska,  Nevada, New Hampshire, New Jersey, New Mexico, New York, North Carolina, North Dakota, Ohio,  Oklahoma, Oregon, Pennsylvania, Rhode Island, South Carolina, South Dakota, Tennessee, Texas, Utah,  Virginia, Vermont, Washington, Wisconsin, Wyoming, and Canada.","UPC 6211171390, Use by dates 8/22/2012 through 9/7/2012 and 9/4/2012 & 9/5/2012.",Food,Irwindale,CA,United States,20120831,20120924,20121003,63062
F-0302-2025,"Baker Farms CURLY MUSTARD 16 oz NET WT 16 oz UPC 8 13098 02018 4 Baker Farms 3667 Ellenton-Norman Park Road Norman Park, GA 31771",The firm was notified by the Texas Department of Agriculture that the product test positive for Listeria monocytogenes.,"Terry and Joe Baker Farms, LLC dba Baker Farms",Class I,Terminated,Voluntary: Firm initiated,"Product was shipped to distribution centers in the following states: AL, AR, FL, GA, KY, LA, MS, TN & TX.",Lot code: bak144-6806 BEST BY 11-21-2024,Food,Norman Park,GA,United States,20241129,20241218,20241225,95877
F-0890-2017,2/1 GL JAR SYSCO IMP. SPRING MIX,Simply Fresh Fruit is recalling cantaloupe and fruit mixes with cantaloupe because they may be contaminated with Listeria monocytogenes.,Simply Fresh Fruit,Class I,Terminated,Voluntary: Firm initiated,"Nationwide in US: AL, AZ, CA , CO, FL, GA, LA, MI, ND, OH, SC, TN, UT, VA",5/4/2016,Food,Vernon,CA,United States,20160414,20161222,20161228,73868
F-1163-2017,"LONGAN ARIL, Net Wt: 7.4oz (210g), contains yellow and orange labeling","The item is subject to Import Alert 21-04 in that it appears to bear or contain cyclamate and dulcin which are unsafe food additives, the item does not declare saccharin on it's labeling and the the product appears to contain or bear the following unsafe color additive such as FD&C Yellow #5 (C.I. No. 19140 - tartrazine) FD&C Red #3 (C.I. No. 45430 - Erythrosine), and Carmoisine (C.I. No. 14720 - former ext. D&C Red #10).",Midwest International Corp,Class II,Terminated,Voluntary: Firm initiated,"IL, MA, TX thru 5 retail stores",MFD 06/16/2016  EXP 06/15/2018,Food,Brooklyn,NY,United States,20161123,20170103,20170111,75808
F-0061-2017,"Archer Farms Strawberry Danish | NET WT 14 OZ  (397g) | Distributed by Target Corporation Minneapolis, MN 55403 | UPC 085239101094",Presence of small metal shavings.,"Gold Standard Baking, Inc.",Class II,Terminated,Voluntary: Firm initiated,Nationwide,"Lot: 6196; Best By: July 13, 2017",Food,Chicago,IL,United States,20160908,20161007,20161019,75129
F-0609-2017,"HARVEST SNAPS, SNAPEA CRISPS, BLACK PEPPER FLAVORED GREEN PEA CRISPS, NET WT 3.3 OZ (93g)",One lot of black pepper flavored green pea crisps may contain wasabi ranch flavored green pea crisps which contain milk which is not declared on the black pepper flavored product.,"Calbee North America, LLC",Class I,Terminated,Voluntary: Firm initiated,Nationwide,"MAR3117 0141S, Exp 2017-03-31",Food,Boardman,OR,United States,20161116,20161207,20161214,75805
F-1626-2012,"Sysco brand Garden with Romaine, 4 x 5 lb bag, UPC: n/a; Product is a salad item; bagged in clear polyethylene film (foodservice) and polypropylene/polyethylene (retail). Refrigerate and consume within Best By date. Product is processed and packaged by River Ranch Fresh Foods, LLC","River Ranch was notified that two separate samples of products pulled by the FDA which were produced by River Ranch, tested positive for Listeria monocytogenes.",River Ranch Fresh Foods  LLC,Class I,Terminated,Voluntary: Firm initiated,Products were released for distribution in US and Canada.,Best By code dates between 12MAY2012 - 29MAY2012; 12MAY2012 - 22MAY2012. The code date is located in the upper right hand corner of the bags.,Food,Salinas,CA,United States,20120518,20120808,20120815,61901
F-1567-2017,"Grove Fresh Pasteurized Apple Juice from concentrate, 4-ounce cartons, 100 % Pure.",The firm received several customer complaints regarding foreign material in the product.  The firm tested seven of the returned product units and found that they were positive for undeclared milk.  The product has been recalled due to undeclared milk.,"Dairy Maid Dairy, LLC",Class I,Terminated,Voluntary: Firm initiated,"Geographic areas of distribution: Maryland and Connecticut    The firm sold product to 14 of direct account customers. All direct account customers were distributors, schools, prisons, and similar institutions.",Mar 08 PLT-24008,Food,Frederick,MD,United States,20170216,20170303,20170315,76586
F-0636-2024,"Sprouts Tropical Fruit Blend NET WT 10 OZ (283g) UPC 8 26766 89490 1 Manutfactured Exclusively for Sprouts Farmers Market Phoenix, Arizona 90504",Salmonella,Renaissance Food Group,Class I,Terminated,Voluntary: Firm initiated,"Product was shipped to the following states: AL, GA, FL, NC, SC","SELL BY 11/1/2023, GHGA 297, SELL BY 11/8/2023, GHGA 304",Food,Conley,GA,United States,20231124,20231219,20231227,93502
F-1139-2019,"Whole Foods Hipster Chipster Cookies;  9 oz. container with 6 cookies;  UPC 0247449 006990  Sold at Whole Foods, Yulupa Ave., Santa Rosa, CA",Report of anaphylactic reaction reported following the consumption of mislabeled cookies - undeclared walnuts.,Whole Foods Market,Class I,Terminated,Voluntary: Firm initiated,Santa Rosa CA only,Sell by dates through 2-4-2019 on press as a precaution.  Last product produced had best by date of 1-29-18.,Food,Emeryville,CA,United States,20190201,20190301,20190313,82050
F-1330-2016,"Raw Meal Organic Vanilla Spiced Chai Powder; Organic Shake and Meal Replacement; 909 g, 455 g, and 10-ct tray (65 g each).  Packaged in plastic bottle with colored label.",Products possibly contaminated with Salmonella,Garden Of Life Llc,Class I,Terminated,Voluntary: Firm initiated,"Distributed nationwide throughout the U.S.A.      Also distributed internationally to the following countries: AU, BG, CA, CZ, DE, GB, HK, IE, IN, SE, SG, NL.","Lot code (Exp Date): 47215500 (09/01/2017), 47215501 (09/01/2017), 47226300 (10/31/2017), 47247600 (10/31/2017), 47206000 (09/30/2017), 47215600 (08/31/2017), 47247601 (11/30/2017), 47202000 (08/01/2017), 47215400 (08/01/2017), 47183200 (08/01/2017), 47183201 (09/30/2017).",Food,West Palm Beach,FL,United States,20160129,20160511,20160518,73211
F-1885-2019,SIMPLY LIGHT LEMONADE JUICE DRINK - 52 FL OZ  UPC: 2500010061,Products were not held at an appropriate temperature due to a mechanical malfunction during transportation.,"C & S Wholesale Grocers, Inc.",Class II,Terminated,Voluntary: Firm initiated,"Two Target Stores 1. 98 Veterans Memorial Highway in Commack, New York 2. 160 North Research Place in Central Islip, New York","Exact codes are unknown. The product being recalled was sold on June 17, 2019 at Target Stores in Commack, NY and Central Islip, NY.",Food,Westfield,MA,United States,20190617,20190724,20190731,83178
F-0363-2022,"Nature's Own Honey Wheat Bread, NET WT 20 oz (1LB 4 OZ) 567g, DISTRIBUTED BY FLOWERS BAKERIES, LLC THOMASVILLE, GA 31757 Single loaf UPC 0 72250 03706 8 & Double pack UPC 0 72250 00539 5",Undeclared milk,Flowers Foods (Corporate Offices),Class I,Ongoing,Voluntary: Firm initiated,"Product was shipped to the following states: AZ, CA, CO, NM, NV, and WY.",BEST IF USED BY 12-26-21 Product Codes 128 346 03:00 through 128 346 05:00,Food,Thomasville,GA,United States,20211217,20220105,20220112,89239
F-1784-2022,"Dragon Fruit Mix.   Contains:  Mango, Dragon Fruit, Pineapple, Clementines, Blueberries.   Keep Refrigerated.   Item 89348.  Net Wt. 16 oz.  Kowalski's Markets.",Various vegetable and fruit products are recalled due to inadequate sanitizer in wash water.,"Russ Davis Wholesale, LLC",Class II,Terminated,Voluntary: Firm initiated,"IA, MI, MN, ND, SD, WI","Lot Code:   X5942772, X5948023, X5953275, X5959340, X5964729, X5969951, X5976102, X5981660, X5986905, X5993058, X5998376.         Use by Dates:   7/9-8/1/2022",Food,Inver Grove Heights,MN,United States,20220729,20220922,20220928,90694
H-0191-2026,"Item IL1014A, PIGGY Lotte Crispy Crunch Ice Cream Cone, Strawberry flavor, Keep Frozen, (4/5/160ML), UPC 8801118255045. Product of Korea.  The label of recalled product declared: Ingredients: Cone snack, Strawberry syrup, Biscuit, Chocolate spray, Topping Chocolate, Ice cream mix (Sugar, Mixed milk powder, Processed Butter, Processed oligosaccharide, Mixed formulation, Natural vanilla flavor, synthetic vanilla flavor, water) CONTAIN: Milk.",Undeclared peanut.,"Seoul Trading, Inc.",Class I,Terminated,Voluntary: Firm initiated,Distributed in OR and WA,Expiration Date: 2/13/2026 Batch 240531-IL1014A-001,Food,Auburn,WA,United States,20250110,20251113,20251119,97886
F-0700-2014,"Sea Salt Chocolate Chip Cookie, 3-oz (85g), individually wrapped in plastic and labeled in part: Manufactured for Simply D'lish, LLC.; Aurora, IL 60504; www.simplydlish.biz","On the back label of the individual cookie, the milk allergen was not declared in the allergen statement, however, butter was listed as an ingredient.","Simply D'Lish, LLC",Class II,Terminated,Voluntary: Firm initiated,"US: IL, WI",Lot Code: 13220,Food,Aurora,IL,United States,20131029,20131203,20131211,66734
F-1015-2022,Produce Packaging Inc. brand Spicy Southwest Grain Bowl in a 11.75oz plastic bowl with a plastic lid. One bowl per case.,Undeclared wheat on product label.,Produce Packaging Inc,Class I,Terminated,Voluntary: Firm initiated,Products were distributed to IL and OH.,Lots: X0736829 and X0740519    Product Number: PP#51648    Best Buy Dates: 04/12/22-04/20/22,Food,Willoughby Hills,OH,United States,20220414,20220427,20220504,90017
F-1893-2015,"Karm'l Dapple;  Net Wt. 4 oz. (124g)  Red/Crunch  Sold in Single size and 3 pack and Halloween.  Ingredients: Fresh Selected Apples, Sugar, Water, Corn Syrup, Nonfat Dry Milk Solids, Cottonseed shortening and/or soybean oil,Peanuts and/or corn and soy cereal parts, flour, salt, lecithin, soda, Artifical Flavors and colors (FD&C Yellow #6, Yellow # 5, Blue# 1 and Red #40  Allergy Information: This product is manufactured on equipment that also processes peanuts and tree nuts (almonds, Walnuts, Pecans, Cashews and macadamia nuts).  UPC 0 79002 22434 9   A product of California Snack Foods, Inc.  So. El. Monte, CA 91733",Firm was notified by supplier of apples that Caramel apples may be associated with a current Listeria Monocytogenes outbreak.,California Snack Foods Inc,Class I,Terminated,Voluntary: Firm initiated,"5 grocery chains in AZ, CA, NV, TX and UT and walk up customers at CA Snack Food store on premises.","Best Buy dates of August 15, 2014 and November 28, 2014",Food,S El Monte,CA,United States,20141227,20150406,20150415,70124
F-1054-2015,"Port Townsend Lavender ice cream, labeled in part, ""***Full Tilt ice cream Port Townsend Lavender***Ingredients: Cream, milk, skim milk, sugar, infusion of lavender buds, guar gum, carob bean gum, soy lecithin, carrageenan***Seattle WA 98106 www.fulltilticecream.com***"".      Ice cream is packaged in 16 oz paper containers, and 1.5 gallon and 3 gallon plastic tubs.  UPC code: 713757814621 for 16 oz container only","Full Tilt Brand ice cream is being recalled due to the potential to be contaminated with Listeria monocytogenes. These products contain ice cream mix, an ingredient manufactured and recalled by Snoqualmie Gourmet Ice Cream, Inc.",Full Tilt Ice Cream,Class I,Terminated,Voluntary: Firm initiated,Distributed nationwide.,All products are coded with 7 digit code ending in 14x (ie: 0219142) produced before 12/19/2014.,Food,Seattle,WA,United States,20141222,20150210,20150218,70158
F-0949-2013,"Kinnikinnick Foods Pie Crusts, 10.2 oz, Item  code: 21-35265, UPC 6-20133-00600.",Unified Grocers is recalling Kinnikinnick Pie Crust because it contains undeclared egg allergen.,Unified Grocers Inc.,Class I,Terminated,Voluntary: Firm initiated,"WA, OR",Lot code: BB2013DE12,Food,City Of Commerce,CA,United States,20121231,20130128,20130206,64058
F-1643-2016,"Dr. Praeger's Tex Mex Veggie Burgers, 6 x 10 oz. (283g)/box, Best if used by: Jan -4-2018, UPC (01) 6 0080868 00048 , Dr. Praeger's Sensible Foods, Elmwood Park, NJ 07407",Dr. Praeger's Sensible Food/Ungar's Food Products is voluntarily recalling various not-ready-to eat frozen products because they may be contaminated with Listeria monocytogenes.,Dr. Praeger'S Sensible Foods,Class I,Terminated,Voluntary: Firm initiated,US Nationwide and Foreign,Lot #N16AE-11R    VBTM06  Case code: H16AI-03A Retail unit code: H16AI  Best by: 3/08/2018,Food,Elmwood Park,NJ,United States,20160513,20160708,20160720,74182
F-0127-2018,"Traditional Polenta, San Gennaro brand, Pre-cooked Ready to Heat & Serve, 12/18 oz packages, UPC# 7-62676-15000-6     Traditional Polenta, San Gennaro brand, Pre-cooked Ready to Heat & Serve, 6/18oz packages, UPC# 7-62676-15000-6    Traditional Polenta, San Gennaro brand, Pre-cooked Ready to Heat & Serve, 12/24 oz packages, UPC# 7-62676-12400-7    Traditional Polenta, San Gennaro Canadian brand, Pre-cooked Ready to Heat & Serve, 12/24 oz packages, UPC# 7-62676-12400-7    Traditional polenta, Sun of Italy brand, Pre-cooked Ready to Heat & Serve, 12/24oz packages, UPC# 0-33698-81697-4    Traditional Polenta, Scarpone's brand, Pre-cooked Ready to Heat & Serve, 12/1 KG packages,  UPC# 7-77465-00236-7    Traditional Polenta, Italy brand, Pre-cooked Ready to Heat & Serve, 12/24oz packages, UPC#0-71742-99951-8    Ingredients: Water, Yellow Corn Meal,  Salt, Tartaric Acid, Ascorbic Acid, Beta Carotene","Date coding ink was being printed directly on the food contact surface of packaging, allowing the ink to be in direct contact with the product.  The ink is not approved for food use.","San Gennaro Foods, Inc",Class III,Terminated,Voluntary: Firm initiated,"CA, CO, FL, GA, IL, IN, MD, ME, MI, NJ, NY, OR, PA, SC, TX, VA, WA, WI and Canada.","12/18oz codes: 010318, 010818, 012318, 012918, 021418, 022118, 030118, 030618, 031318, 040218, 040518, 040918, 041018, 041818, 042518, 051518, 052418, 061918.    6/18oz codes: 040218, 040918, 052418, 061918.     12/24oz codes: 012518, 020718,  021418, 030718, 031918, 032018, 041018, 042418, 050818, 050918, 061418.    12/24oz Canadian codes: 18JA25, 18FE14, 18MR19, 18MA09, 2018MA17.    Sun of Italy codes: 020718, 041018.    Scarpone's codes: 17117, 218AU17.     Italy code: 081418.",Food,Kent,WA,United States,20171013,20171108,20171115,78290
F-1211-2019,"Premium Sustainable Atlantic Salmon (Farm Raised);  22 lb. case - Master carton - corrugated cardboard box. Internal Packaging: IQF vacuum packed with tray.  Origin: Chili  Packed for Osamu Corporation, Carson, CA  For   institutional use only",Direct customer tested Premium Sustainable Atlantic Salmon (Farm Raised) from Chile and had a positive result for Listeria monocytogenes.,Procesadora Aguas Claras LTDA.,Class I,Terminated,Voluntary: Firm initiated,"AL, AZ, CA, FL, GA, WA WY","581213, Expiration 11-06-2020",Food,Calbuco,N/A,Chile,20190304,20190329,20190410,82318
F-1468-2018,"Fresh Microgreen Mix, Greenbelt Microgreens brand, net wt. 75 gram. Product is packaged in a clear plastic clam shell container.  UPC 8 90082 00041 4",Fresh Microgreen Mix product is recalled due to a potential to be contaminated with Listeria monocytogenes.,Greenbelt Greenhouse Ltd,Class I,Terminated,Voluntary: Firm initiated,distributed in OR and WA in the U.S.,Best Before:  4/24/18  4/30/18,Food,Maple Ridge,N/A,Canada,20180424,20180515,20180516,79970
F-0171-2015,"Good Herbs, Inc., CT, 1 & 4 oz bottle, 550 Oliver Dr Troy, MI 48084 The Quality Herb That Works",Products not manufactured under GMP's,"Good Herbs, Inc.",Class II,Terminated,Voluntary: Firm initiated,"National: AZ, CA, CT, FL, IN, ME, MI, MO, MS, NC, NH, NY, OH, OR, RI, TX, VA & WY  International: None reported","All lots distributed on or after October 17, 2013.",Food,Troy,MI,United States,20140325,20141030,20141105,68420
F-1562-2018,HEB Creamy Creations Orange & Cream Swirl Sherbet quart,May contain broken metal pieces,H-E-B GROCERY COMPANY LP DBA HEB,Class II,Terminated,Voluntary: Firm initiated,Texas and Mexico,UPC 4122083897; Best if used by: 12/10/2018 through 12/11/2018,Food,San Antonio,TX,United States,20180530,20180613,20180620,80210
F-0304-2025,"Item 42081001, 104023600 SPICY BREADING EXPORT, 50 lb. bag",potential for pieces of metal in product,GRIFFITH FOODS LTD,Class II,Terminated,Voluntary: Firm initiated,"IL, NY, NC, WI, TX, TN, GA",LOT 575830,Food,Alsip,IL,United States,20241101,20241219,20241225,95763
F-1837-2017,"Kwei Chow brand Mustard Strip with chili in oil, net weight 7.05 Oz, sauce in glass jars, shelf stable",Products contain undeclared wheat.,"Kwei Chow Sauce Industry Co., Ltd.",Class II,Terminated,Voluntary: Firm initiated,Product was distributed to at least three distributors in the US.,"Manufacturing Date  2017.01.04., 2016.10.07., 2016.01.13., 2015.11.30., 2015.09.23., 2015.08.25., 2015.04.29., 2015.03.10., 2015.01.28.      Ship dates 2017.01.12., 2017.01.12., 2016.01.21., 2015.11.26., 2015.09.10., 2015.09.10., 2015.03.26., 2015.03.26., 2015.02.12.    Expiry dates2019.01.03., 2018.10.06., 2018.01.12., 2017.11.29, 2017.09.22., 2017.08.24., 2017.04.28., 2017.03.09, 2017.01.27.    Codes W20190103, W20181006, W20180112, W20171129, W20170922, W20170824, W20170428, W20170309, W20170127",Food,New Taipei City,N/A,Taiwan,20170320,20170331,20170412,76812
F-0692-2017,"Pesto Pasta Salad with Arugula, Net Wt. 16oz, UPC 857898004333",Green Cuisine is recalling Pesto Pasta Salad with Arugula because it may be contaminated with Listeria monocytogenes.,"Green Cuisine, Inc.",Class I,Terminated,Voluntary: Firm initiated,"US: CA, NV, and AZ",Lot code: 06/20,Food,San Fernando,CA,United States,20160616,20161209,20161221,74450
F-2617-2017,"Nutrifuel - Paleo Nutrition Bar    Gluten Free, All Natural, 15 g protein    1.90oz. (54 g)    YouBar Inc. Monterey Park, CA.",Firm was notified by supplier that cashew butter used in protein bars is under recall due to the potential of Listeria monocytogenes.,YouBar,Class I,Terminated,Voluntary: Firm initiated,Direct customers,1287-02    Expiration date: 11/4/2017,Food,Monterey Park,CA,United States,20170614,20170719,20170726,77596
F-1848-2012,"Diced Red Onions, 7oz, UPC 643550000412;  Diced Red Onions, Oignons rouge frais, en des, 198 grams, UPC 643550000450.  Diced Red Onions, 5lbs., ""Gills Onions"" Label, no UPC;  Diced Red Onions, 5lbs, ""Crossvalley"" label, no UPC.  Diced Red Onions, 5lbs, ""Markon"" label, no UPC.  Diced Red Oninos, 5lbs, ""Cisco"" label, no UPC.",Gills Onions is recalling diced and slivered red and yellow onions and diced celery and onion mix because they may be contaminated by Listeria monocytogenes.,"Gills Onions, LLC",Class I,Terminated,Voluntary: Firm initiated,Nationwide in the US and to Canada,"USA Lot code: 22RAA1A2184 for 7oz., and   Canada Lot code: 22RAA1A2184 for 198g.    Recall expanded to include following lots:    USA lot code:  All lots on or before August 3, 2012.    Canada Lot code:  all lot codes on or before August 3, 2012.",Food,Oxnard,CA,United States,20120717,20120806,20120815,55924
F-0080-2016,"Nabulsi Cheese  16 oz, 25 lb    UPC Codes:  7 96252 03225 7, 7 96252 00225 0, 7 96252 00223 6,  7 96252 00125 3    Product is vacuumed packed or packaged in pails.",Karoun Dairies is recalling all cheese manufactured from an identified manufacturer due to potential Listeria monocytogenes contamination.,Karoun Dairies,Class I,Terminated,Voluntary: Firm initiated,U.S. distribution nationwide.  Foreign distribution to the following; Canada and Malaysia,Use by Dates up to:  12/29/2015,Food,San Fernando,CA,United States,20150916,20151021,20151028,72213
F-0630-2022,"Wayfare Dairy Free Butter Salted & Whipped,",Product showed suspected mold growth prior to expiration date.,"WayFare Health Foods, LLC.",Class II,Terminated,Voluntary: Firm initiated,"Distributed to food distributors in CA, FL, MD, MI, MT, NE, NY, PA, TX, and WA and directly to consumers from the firm's online store.",Best By: 03/23/2022,Food,Nebraska City,NE,United States,20220106,20220202,20220209,89371
F-1180-2014,"Reser's Honey Chicken Salad Kit, Formula DR.105B32, packaged in 6/40-oz carton cases. Distributed by Reser's Fine Foods, Beaverton, OR.  UPC 7111711428",The recalled products are potentially contaminated with Listeria monocytogenes.,"Reser's Fine Foods, Inc.",Class I,Terminated,Voluntary: Firm initiated,"Distribution was made to AL, AR, AZ, CA, CO, CT, DE, FL, GA, HI, IA, IL, IN, KS, KY, LA, MA, MD, ME, MI, MO, MS, NC, NE, NH, NJ, NM, NV, NY, OH, OK, OR, PA, SC, SD, TN, TX, VA, WI, WV AND WY.   Distribution was also made to Canada.",Use by dates 10/22/13 - 12/07/13.,Food,Beaverton,OR,United States,20131022,20131224,20140101,66563
F-0763-2021,"Designed by Nature Cow's Milk Formula:  12 oz. plastic pouch.    Easy to Digest, Nutritionally Alive, Developed for All Life Stages.  For the Little Ones in Your Life.    UPC: 0 19962 28421 2","Products are deficient in multiple nutrients required for infant formula, and the firms contract manufacturer does not test for Cronobacter, a pathogen that can be particularly dangerous to infants and is sometimes found in powdered infant formulas.",Designed by Nature LLC,Class I,Terminated,Voluntary: Firm initiated,US distribution only from firms website,"DN-10001-KG LOT#1200-009;  Expiration dates between May 01, 2021 thru June 11, 2022.",Food,Long Beach,CA,United States,20210614,20210706,20210630,88119
