price_id,product_code,price,price_is_discounted,price_without_discount,currency,date,receipt_quantity,product_name,product_brands,product_categories,product_nutriscore,product_image_url,store_name,store_city,store_country,store_lat,store_lon,created
1,1541513213246,27.7,False,,EUR,2023-11-27,,,,[],,,L'Éléfàn,Grenoble,France,45.1750672,5.7304083,2023-11-27T11:37:13.979801Z
2,1541513213253,27.7,False,,EUR,2023-11-27,,,,[],,,L'Éléfàn,Grenoble,France,45.1750672,5.7304083,2023-11-27T11:37:15.342832Z
3,1541513213260,26.38,False,,EUR,2023-11-27,,,,[],,,L'Éléfàn,Grenoble,France,45.1750672,5.7304083,2023-11-27T11:37:16.613932Z
4,1541513213277,39.57,False,,EUR,2023-11-27,,,,[],,,L'Éléfàn,Grenoble,France,45.1750672,5.7304083,2023-11-27T11:37:17.886599Z
5,1541513213284,59.36,False,,EUR,2023-11-27,,,,[],,,L'Éléfàn,Grenoble,France,45.1750672,5.7304083,2023-11-27T11:37:19.167029Z
6,1541513213291,46.17,False,,EUR,2023-11-27,,,,[],,,L'Éléfàn,Grenoble,France,45.1750672,5.7304083,2023-11-27T11:37:20.348694Z
7,1541513213307,11.87,False,,EUR,2023-11-27,,,,[],,,L'Éléfàn,Grenoble,France,45.1750672,5.7304083,2023-11-27T11:37:21.527838Z
8,1541513213314,9.89,False,,EUR,2023-11-27,,,,[],,,L'Éléfàn,Grenoble,France,45.1750672,5.7304083,2023-11-27T11:37:22.700897Z
9,1541513213338,7.65,False,,EUR,2023-11-27,,,,[],,,L'Éléfàn,Grenoble,France,45.1750672,5.7304083,2023-11-27T11:37:23.928933Z
10,1541513213345,3.3,False,,EUR,2023-11-27,,,,[],,,L'Éléfàn,Grenoble,France,45.1750672,5.7304083,2023-11-27T11:37:25.114303Z
11,1541513213352,3.3,False,,EUR,2023-11-27,,,,[],,,L'Éléfàn,Grenoble,France,45.1750672,5.7304083,2023-11-27T11:37:26.429111Z
12,1541513213369,4.75,False,,EUR,2023-11-27,,,,[],,,L'Éléfàn,Grenoble,France,45.1750672,5.7304083,2023-11-27T11:37:27.649112Z
13,3019116017960,2.93,False,,EUR,2023-11-27,,,,[],,,L'Éléfàn,Grenoble,France,45.1750672,5.7304083,2023-11-27T11:37:28.828260Z
14,3019116017977,2.06,False,,EUR,2023-11-27,,,,[],,,L'Éléfàn,Grenoble,France,45.1750672,5.7304083,2023-11-27T11:37:30.019722Z
15,3022820420414,3.1,False,,EUR,2023-11-27,,Chou blanc lacto-fermenté bio,Nutriform,"['en:plant-based-foods-and-beverages', 'en:plant-based-foods', 'en:fruits-and-vegetables-based-foods', 'en:canned-foods', 'en:vegetables-based-foods', 'en:canned-plant-based-foods', 'en:meals', 'en:vegetables', 'en:canned-vegetables', 'en:fermented-vegetables', 'en:leaf-vegetables', 'en:cabbages', 'en:sauerkrauts', 'en:white-cabbage']",b,https://images.openfoodfacts.org/images/products/302/282/042/0414/front_fr.4.400.jpg,L'Éléfàn,Grenoble,France,45.1750672,5.7304083,2023-11-27T11:37:31.196017Z
16,3022820420711,3.43,False,,EUR,2023-11-27,,Betterave Lacto-fermentée BIO,Nutriform,"['en:plant-based-foods-and-beverages', 'en:plant-based-foods', 'en:fruits-and-vegetables-based-foods', 'en:vegetable-based-foods-and-beverages', 'en:canned-foods', 'en:vegetables-based-foods', 'en:canned-plant-based-foods', 'en:vegetables', 'en:canned-vegetables', 'en:beetroot', 'en:canned-beetroot', 'fr:legumes-lacto-fermentes']",c,https://images.openfoodfacts.org/images/products/302/282/042/0711/front_fr.10.400.jpg,L'Éléfàn,Grenoble,France,45.1750672,5.7304083,2023-11-27T11:37:32.366813Z
17,3109850018856,6.6,False,,EUR,2023-11-27,,Antésite réglisse anis étoilé,Antésite,['en:syrups'],unknown,https://images.openfoodfacts.org/images/products/310/985/001/8856/front_fr.7.400.jpg,L'Éléfàn,Grenoble,France,45.1750672,5.7304083,2023-11-27T11:37:33.537762Z
18,3109850018863,8.71,False,,EUR,2023-11-27,,Antesite,Antésite,"['en:beverages-and-beverages-preparations', 'en:plant-based-foods-and-beverages', 'en:beverages', 'en:plant-based-beverages', 'en:syrups']",e,https://images.openfoodfacts.org/images/products/310/985/001/8863/front_fr.20.400.jpg,L'Éléfàn,Grenoble,France,45.1750672,5.7304083,2023-11-27T11:37:35.330935Z
19,3115435156453,6.6,False,,EUR,2023-11-27,,,,[],,,L'Éléfàn,Grenoble,France,45.1750672,5.7304083,2023-11-27T11:37:36.561930Z
20,3154354352168,5.0,False,,EUR,2023-11-27,,,,[],,,L'Éléfàn,Grenoble,France,45.1750672,5.7304083,2023-11-27T11:37:37.747145Z
21,3176800001268,0.53,False,,EUR,2023-11-27,,Poudre à lever pour vos patisseries bio,"Nat Ali, Nature et Aliments","['en:food-additives', 'fr:poudres-a-lever']",not-applicable,https://images.openfoodfacts.org/images/products/317/680/000/1268/front_fr.50.400.jpg,L'Éléfàn,Grenoble,France,45.1750672,5.7304083,2023-11-27T11:37:38.918664Z
22,3176800001367,2.84,False,,EUR,2023-11-27,,Préparation gélifiante Confix'bio,Natali,"['en:food-additives', 'en:thickeners', 'en:gelling-agent-for-jam']",not-applicable,https://images.openfoodfacts.org/images/products/317/680/000/1367/front_fr.20.400.jpg,L'Éléfàn,Grenoble,France,45.1750672,5.7304083,2023-11-27T11:37:40.091354Z
23,3176800001602,3.94,False,,EUR,2023-11-27,,Ferments Pour Yaourt Bifidus,NAT-ALI,"['en:cooking-helpers', 'en:dessert-mixes', 'fr:preparations-pour-desserts-lactes']",a,https://images.openfoodfacts.org/images/products/317/680/000/1602/front_fr.28.400.jpg,L'Éléfàn,Grenoble,France,45.1750672,5.7304083,2023-11-27T11:37:41.267373Z
24,3176800001824,1.91,False,,EUR,2023-11-27,,Agar-Agar,"Nat ali, Nature et aliments","['en:plant-based-foods-and-beverages', 'en:plant-based-foods', 'en:seafood', 'en:cooking-helpers', 'en:seaweeds-and-their-products', 'en:seaweed-products', 'en:agar-agar']",unknown,https://images.openfoodfacts.org/images/products/317/680/000/1824/front_fr.8.400.jpg,L'Éléfàn,Grenoble,France,45.1750672,5.7304083,2023-11-27T11:37:42.439717Z
25,3176800030510,1.09,False,,EUR,2023-11-27,,Potabio épinards spiruline,NAT-ALI,"['en:plant-based-foods-and-beverages', 'en:plant-based-foods', 'en:fruits-and-vegetables-based-foods', 'en:meals', 'en:dried-products', 'en:dried-products-to-be-rehydrated', 'en:soups', 'en:dried-meals', 'en:vegetable-soups', 'en:dehydrated-soups', 'en:dehydrated-vegetable-soups']",b,https://images.openfoodfacts.org/images/products/317/680/003/0510/front_fr.16.400.jpg,L'Éléfàn,Grenoble,France,45.1750672,5.7304083,2023-11-27T11:37:43.614674Z
26,3176800030541,1.24,False,,EUR,2023-11-27,,Potabio 5 légumes psyllium,Nat ali,"['en:dried-products', 'en:dried-products-to-be-rehydrated', 'fr:potage-5-legumes']",unknown,https://images.openfoodfacts.org/images/products/317/680/003/0541/front_fr.4.400.jpg,L'Éléfàn,Grenoble,France,45.1750672,5.7304083,2023-11-27T11:37:44.790223Z
27,3176800032019,1.17,False,,EUR,2023-11-27,,Potabio du monde - Potage Thaï,NAT-ALI,"['en:plant-based-foods-and-beverages', 'en:plant-based-foods', 'en:fruits-and-vegetables-based-foods', 'en:meals', 'en:dried-products', 'en:dried-products-to-be-rehydrated', 'en:soups', 'en:dried-meals', 'en:vegetable-soups', 'en:dehydrated-soups', 'en:dehydrated-vegetable-soups']",unknown,https://images.openfoodfacts.org/images/products/317/680/003/2019/front_fr.26.400.jpg,L'Éléfàn,Grenoble,France,45.1750672,5.7304083,2023-11-27T11:37:45.964257Z
28,3176800032026,1.13,False,,EUR,2023-11-27,,Potabio du monde - Indien,"Nat ali, Nature et aliments","['en:meals', 'en:dried-products', 'en:dried-products-to-be-rehydrated', 'en:soups', 'en:dried-meals', 'en:dehydrated-soups', 'fr:potage-deshydrate']",unknown,https://images.openfoodfacts.org/images/products/317/680/003/2026/front_fr.6.400.jpg,L'Éléfàn,Grenoble,France,45.1750672,5.7304083,2023-11-27T11:37:47.141062Z
29,3176800032064,1.19,False,,EUR,2023-11-27,,Potabio De La Mer,Natali,[],unknown,https://images.openfoodfacts.org/images/products/317/680/003/2064/front_fr.23.400.jpg,L'Éléfàn,Grenoble,France,45.1750672,5.7304083,2023-11-27T11:37:48.333891Z
30,3176800032217,1.75,False,,EUR,2023-11-27,,Semoule mexicaine,,[],unknown,https://images.openfoodfacts.org/images/products/317/680/003/2217/front_fr.4.400.jpg,L'Éléfàn,Grenoble,France,45.1750672,5.7304083,2023-11-27T11:37:49.512613Z
31,3176800032224,1.7,False,,EUR,2023-11-27,,BioMinut' Nouilles indiennes,Nat ali,[],unknown,https://images.openfoodfacts.org/images/products/317/680/003/2224/front_fr.20.400.jpg,L'Éléfàn,Grenoble,France,45.1750672,5.7304083,2023-11-27T11:37:50.688470Z
32,3176800032231,1.7,False,,EUR,2023-11-27,,Nouilles asiatiques bio minute,,[],unknown,https://images.openfoodfacts.org/images/products/317/680/003/2231/front_fr.15.400.jpg,L'Éléfàn,Grenoble,France,45.1750672,5.7304083,2023-11-27T11:37:51.861856Z
33,3176800032385,2.1,False,,EUR,2023-11-27,,Sucre vanillé bio,"Nat Ali,Nature et aliments","['en:sweeteners', 'en:cooking-helpers', 'en:sugars', 'en:vanilla-sugars']",e,https://images.openfoodfacts.org/images/products/317/680/003/2385/front_fr.19.400.jpg,L'Éléfàn,Grenoble,France,45.1750672,5.7304083,2023-11-27T11:37:53.037911Z
34,3193840055679,3.94,False,,EUR,2023-11-27,,,,[],,,L'Éléfàn,Grenoble,France,45.1750672,5.7304083,2023-11-27T11:37:54.247594Z
35,3193840057345,5.0,False,,EUR,2023-11-27,,,,[],,,L'Éléfàn,Grenoble,France,45.1750672,5.7304083,2023-11-27T11:37:55.416534Z
36,3193840168775,10.51,False,,EUR,2023-11-27,,Véritables cardons lyonnais,Raoul Gey,"['en:plant-based-foods-and-beverages', 'en:plant-based-foods', 'en:fruits-and-vegetables-based-foods', 'en:vegetables-based-foods', 'en:vegetables', 'en:vegetable-rods', 'en:cardoons']",unknown,https://images.openfoodfacts.org/images/products/319/384/016/8775/front_fr.3.400.jpg,L'Éléfàn,Grenoble,France,45.1750672,5.7304083,2023-11-27T11:37:56.585845Z
37,3193840530411,4.13,False,,EUR,2023-11-27,,,,[],,,L'Éléfàn,Grenoble,France,45.1750672,5.7304083,2023-11-27T11:37:57.775880Z
38,3193840933915,20.67,False,,EUR,2023-11-27,,Foie Gras,Raoul Gey,"['en:fish-and-meat-and-eggs', 'en:foies-gras', 'en:foies-gras-from-ducks']",unknown,https://images.openfoodfacts.org/images/products/319/384/093/3915/front_fr.3.400.jpg,L'Éléfàn,Grenoble,France,45.1750672,5.7304083,2023-11-27T11:37:58.962216Z
39,3193840971665,4.74,False,,EUR,2023-11-27,,,,[],,,L'Éléfàn,Grenoble,France,45.1750672,5.7304083,2023-11-27T11:38:00.135283Z
40,3215610201502,4.87,False,,EUR,2023-11-27,,,,[],,,L'Éléfàn,Grenoble,France,45.1750672,5.7304083,2023-11-27T11:38:01.310758Z
41,3215610201519,5.66,False,,EUR,2023-11-27,,,,[],,,L'Éléfàn,Grenoble,France,45.1750672,5.7304083,2023-11-27T11:38:02.481092Z
42,3248545124154,5.18,False,,EUR,2023-11-27,,Blonde,Brasserie Matheysine,"['en:beverages-and-beverages-preparations', 'en:beverages', 'en:alcoholic-beverages', 'en:beers', 'en:ales', 'en:blonde-ales']",not-applicable,https://images.openfoodfacts.org/images/products/324/854/512/4154/front_fr.3.400.jpg,L'Éléfàn,Grenoble,France,45.1750672,5.7304083,2023-11-27T11:38:03.651929Z
43,3248545124165,5.18,False,,EUR,2023-11-27,,Brune,Brasserie Matheysine,"['en:beverages-and-beverages-preparations', 'en:beverages', 'en:alcoholic-beverages', 'en:beers', 'en:ales', 'en:dark-ales', 'en:stouts']",not-applicable,https://images.openfoodfacts.org/images/products/324/854/512/4165/front_fr.3.400.jpg,L'Éléfàn,Grenoble,France,45.1750672,5.7304083,2023-11-27T11:38:04.837147Z
44,3248545124172,5.18,False,,EUR,2023-11-27,,Blanche,Brasserie Matheysine,"['en:beverages-and-beverages-preparations', 'en:beverages', 'en:alcoholic-beverages', 'en:beers', 'en:wheat-beers']",not-applicable,https://images.openfoodfacts.org/images/products/324/854/512/4172/front_fr.3.400.jpg,L'Éléfàn,Grenoble,France,45.1750672,5.7304083,2023-11-27T11:38:06.011753Z
45,3254150098838,2.35,False,,EUR,2023-11-27,,Lait bio demi-écremé U.H.T,Prés Verts,"['en:dairies', 'en:milks-liquid-and-powder', 'en:milks', 'en:homogenized-milks', 'en:pasteurised-products', 'en:semi-skimmed-milks', 'en:uht-milks', 'en:organic-semi-skimmed-milks']",b,https://images.openfoodfacts.org/images/products/325/415/009/8838/front_fr.8.400.jpg,L'Éléfàn,Grenoble,France,45.1750672,5.7304083,2023-11-27T11:38:07.212282Z
46,3256415168541,5.55,False,,EUR,2023-11-27,,,,[],,,L'Éléfàn,Grenoble,France,45.1750672,5.7304083,2023-11-27T11:38:08.417074Z
47,3258446932189,5.18,False,,EUR,2023-11-27,,,,[],,,L'Éléfàn,Grenoble,France,45.1750672,5.7304083,2023-11-27T11:38:09.612976Z
48,3263670008487,3.96,False,,EUR,2023-11-27,,Filets de maquereaux - sauce moutarde de Dijon bio,Phare d'Eckmühl,"['en:seafood', 'en:fishes-and-their-products', 'en:canned-foods', 'en:fishes', 'en:fatty-fishes', 'en:canned-fishes', 'en:fish-fillets', 'en:mackerels', 'en:mackerel-fillets', 'en:mackerel-fillets-in-mustard-sauce', 'en:tinned-mackerels']",c,https://images.openfoodfacts.org/images/products/326/367/000/8487/front_fr.14.400.jpg,L'Éléfàn,Grenoble,France,45.1750672,5.7304083,2023-11-27T11:38:10.790973Z
49,3263670008500,4.3,False,,EUR,2023-11-27,,Filets de maquereaux,PHARE D’ECKMÜHL BRETAGNE,"['en:seafood', 'en:fishes-and-their-products', 'en:canned-foods', 'en:fishes', 'en:fatty-fishes', 'en:canned-fishes', 'en:fish-fillets', 'en:mackerels', 'en:mackerel-fillets', 'en:mackerel-fillets-in-oil', 'en:mackerel-fillets-in-olive-oil', 'en:tinned-mackerels']",c,https://images.openfoodfacts.org/images/products/326/367/000/8500/front_fr.3.400.jpg,L'Éléfàn,Grenoble,France,45.1750672,5.7304083,2023-11-27T11:38:11.960359Z
50,3263670008517,4.3,False,,EUR,2023-11-27,,Filets de maquereaux marinés au Muscadet,Phare d'Eckmühl,"['en:seafood', 'en:fishes-and-their-products', 'en:canned-foods', 'en:fishes', 'en:fatty-fishes', 'en:canned-fishes', 'en:fish-fillets', 'en:mackerels', 'en:mackerel-fillets', 'en:mackerel-fillets-in-white-wine-and-herbs', 'en:tinned-mackerels']",b,https://images.openfoodfacts.org/images/products/326/367/000/8517/front_en.18.400.jpg,L'Éléfàn,Grenoble,France,45.1750672,5.7304083,2023-11-27T11:38:13.132687Z
51,3263670015157,3.94,False,,EUR,2023-11-27,,Filets de Sardines à l'huile d'olive vierge extra bio,Phare d'Eckmühl,"['en:seafood', 'en:fishes-and-their-products', 'en:canned-foods', 'en:fishes', 'en:fatty-fishes', 'en:canned-fishes', 'en:sardines', 'en:canned-sardines', 'en:fish-fillets', 'en:sardines-in-oil', 'en:sardine-fillets', 'en:sardines-in-olive-oil', 'en:sardine-fillets-in-olive-oil']",b,https://images.openfoodfacts.org/images/products/326/367/001/5157/front_fr.32.400.jpg,L'Éléfàn,Grenoble,France,45.1750672,5.7304083,2023-11-27T11:38:24.471388Z
52,3263670033458,4.84,False,,EUR,2023-11-27,,Thon au Naturel,Phare d'Eckmühl,"['en:seafood', 'en:fishes-and-their-products', 'en:canned-foods', 'en:fishes', 'en:fatty-fishes', 'en:canned-fishes', 'en:tunas', 'en:canned-tunas', 'en:tropical-tunas', 'en:yellowfin-tunas', 'en:tunas-in-brine', 'fr:thons-albacore-au-naturel']",a,https://images.openfoodfacts.org/images/products/326/367/003/3458/front_fr.60.400.jpg,L'Éléfàn,Grenoble,France,45.1750672,5.7304083,2023-11-27T11:38:25.736001Z
53,3263670195019,2.64,False,,EUR,2023-11-27,,Rillettes Sardines Algues,Phare d'Eckmuhl,"['en:seafood', 'en:fishes-and-their-products', 'en:spreads', 'en:salted-spreads', 'en:rillettes', 'en:fish-preparations', 'en:fish-rillettes', 'en:sardine-rillettes']",c,https://images.openfoodfacts.org/images/products/326/367/019/5019/front_fr.29.400.jpg,L'Éléfàn,Grenoble,France,45.1750672,5.7304083,2023-11-27T11:38:26.907297Z
54,3263670201017,3.94,False,,EUR,2023-11-27,,7 à 14 Petites sardines Sprats,Phare d'Eckmühl,"['en:seafood', 'en:fishes-and-their-products', 'en:canned-foods', 'en:fishes', 'en:fatty-fishes', 'en:canned-fishes', 'en:sardines', 'en:canned-sardines', 'en:sardines-in-oil']",d,https://images.openfoodfacts.org/images/products/326/367/020/1017/front_fr.16.400.jpg,L'Éléfàn,Grenoble,France,45.1750672,5.7304083,2023-11-27T11:38:28.104170Z
55,3263670451016,3.9,False,,EUR,2023-11-27,,Skipjack Tuna | In Brine,Phare d'Eckmühl,"['en:seafood', 'en:fishes-and-their-products', 'en:canned-foods', 'en:fishes', 'en:fatty-fishes', 'en:canned-fishes', 'en:tunas', 'en:canned-tunas', 'en:tropical-tunas', 'en:skipjack-tuna', 'en:tunas-in-brine']",a,https://images.openfoodfacts.org/images/products/326/367/045/1016/front_fr.21.400.jpg,L'Éléfàn,Grenoble,France,45.1750672,5.7304083,2023-11-27T11:38:29.280427Z
56,3263670454017,4.21,False,,EUR,2023-11-27,,Thon listao huile d olive,Phare d'Eckmühl,"['en:seafood', 'en:fishes-and-their-products', 'en:canned-foods', 'en:fishes', 'en:fatty-fishes', 'en:canned-fishes', 'en:tunas', 'en:canned-tunas', 'en:tropical-tunas', 'en:tunas-in-oil', 'en:tuna-in-olive-oil', 'en:skipjack-tuna']",b,https://images.openfoodfacts.org/images/products/326/367/045/4017/front_fr.44.400.jpg,L'Éléfàn,Grenoble,France,45.1750672,5.7304083,2023-11-27T11:38:30.450935Z
57,3263670455014,2.95,False,,EUR,2023-11-27,,Rillettes de Thon,Phare d'Eckmühl,"['en:seafood', 'en:fishes-and-their-products', 'en:fishes', 'en:meats-and-their-products', 'en:spreads', 'en:fatty-fishes', 'en:meats', 'en:prepared-meats', 'en:salted-spreads', 'en:rillettes', 'en:tunas', 'en:fish-preparations', 'en:fish-rillettes', 'en:tuna-rillettes']",a,https://images.openfoodfacts.org/images/products/326/367/045/5014/front_fr.31.400.jpg,L'Éléfàn,Grenoble,France,45.1750672,5.7304083,2023-11-27T11:38:31.905505Z
58,3263670560114,3.89,False,,EUR,2023-11-27,,"Filets de Harengs fumés, aux carottes oignons bio",Phare D’eckmühl,"['en:seafood', 'en:fishes-and-their-products', 'en:canned-foods', 'en:fishes', 'en:fatty-fishes', 'en:canned-fishes', 'en:fish-fillets', 'en:herring', 'en:smoked-fishes', 'en:smoked-herrings', 'en:canned-herrings', 'en:herring-fillets']",d,https://images.openfoodfacts.org/images/products/326/367/056/0114/front_fr.50.400.jpg,L'Éléfàn,Grenoble,France,45.1750672,5.7304083,2023-11-27T11:38:33.297129Z
59,3263670591019,4.67,False,,EUR,2023-11-27,,Anchois entiers à l'huile d'olive extra bio,Phare d'Eckmühl,"['en:seafood', 'en:fishes-and-their-products', 'en:fishes', 'en:fatty-fishes', 'en:anchovy']",d,https://images.openfoodfacts.org/images/products/326/367/059/1019/front_fr.8.400.jpg,L'Éléfàn,Grenoble,France,45.1750672,5.7304083,2023-11-27T11:38:34.475205Z
60,3263670790214,4.3,False,,EUR,2023-11-27,,Rillettes De Saumon,Phare d' Eckmühl,"['en:seafood', 'en:fishes-and-their-products', 'en:fishes', 'en:meats-and-their-products', 'en:spreads', 'en:meats', 'en:prepared-meats', 'en:salted-spreads', 'en:rillettes', 'en:fish-preparations', 'en:fish-rillettes', 'en:salmon-rillettes', 'en:preparations-made-from-fish-meat']",b,https://images.openfoodfacts.org/images/products/326/367/079/0214/front_fr.9.400.jpg,L'Éléfàn,Grenoble,France,45.1750672,5.7304083,2023-11-27T11:38:35.653952Z
61,3263670991116,3.75,False,,EUR,2023-11-27,,Foie de morue au naturel,Phare d'Eckmühl,"['en:seafood', 'en:fishes-and-their-products', 'en:fishes', 'en:fish-and-meat-and-eggs', 'en:lean-fishes', 'en:cods', 'en:fish-livers', 'en:cod-livers']",d,https://images.openfoodfacts.org/images/products/326/367/099/1116/front_fr.51.400.jpg,L'Éléfàn,Grenoble,France,45.1750672,5.7304083,2023-11-27T11:38:36.833798Z
62,3263670991314,3.75,False,,EUR,2023-11-27,,Foie Morue Fumé Au Bois De Hêtre,Phare d'Eckmuhl,"['en:seafood', 'en:fishes-and-their-products', 'en:fishes', 'en:fish-and-meat-and-eggs', 'en:lean-fishes', 'en:cods', 'en:fish-livers', 'en:cod-livers']",d,https://images.openfoodfacts.org/images/products/326/367/099/1314/front_fr.23.400.jpg,L'Éléfàn,Grenoble,France,45.1750672,5.7304083,2023-11-27T11:38:38.012638Z
63,3263670991321,6.75,False,,EUR,2023-11-27,,Foie de morue,Phare d'Eckmühl,"['en:seafood', 'en:fishes-and-their-products', 'en:fishes', 'en:fish-and-meat-and-eggs', 'en:lean-fishes', 'en:cods', 'en:fish-livers', 'en:cod-livers']",e,https://images.openfoodfacts.org/images/products/326/367/099/1321/front_fr.13.400.jpg,L'Éléfàn,Grenoble,France,45.1750672,5.7304083,2023-11-27T11:38:39.198650Z
64,3264950111156,3.26,False,,EUR,2023-11-27,,Germe de Blé,Abbaye de Sept-Fons,"['en:plant-based-foods-and-beverages', 'en:plant-based-foods', 'en:cereals-and-potatoes', 'en:cereals-and-their-products', 'en:cereal-germs', 'en:wheat-germ']",a,https://images.openfoodfacts.org/images/products/326/495/011/1156/front_fr.3.400.jpg,L'Éléfàn,Grenoble,France,45.1750672,5.7304083,2023-11-27T11:38:40.374263Z
65,3264950120042,5.49,False,,EUR,2023-11-27,,Café instantané et céréales,Abbaye de sept fons,"['en:plant-based-foods-and-beverages', 'en:plant-based-foods', 'en:coffees', 'fr:succedane-de-cafe']",b,https://images.openfoodfacts.org/images/products/326/495/012/0042/front_fr.19.400.jpg,L'Éléfàn,Grenoble,France,45.1750672,5.7304083,2023-11-27T11:38:41.554212Z
66,3264950120097,6.28,False,,EUR,2023-11-27,,Germacoré - 100GR - Abbaye De Sept-Fons,Abbaye de sept fons,"['en:beverages-and-beverages-preparations', 'en:plant-based-foods-and-beverages', 'en:beverages', 'en:plant-based-foods', 'en:cereals-and-potatoes', 'en:cereals-and-their-products', 'en:bee-products', 'en:beverage-preparations', 'en:powdered-plant-milks', 'en:instant-beverages', 'en:powdered-cereal-milks', 'en:royal-jelly', 'fr:chicoree']",b,https://images.openfoodfacts.org/images/products/326/495/012/0097/front_fr.10.400.jpg,L'Éléfàn,Grenoble,France,45.1750672,5.7304083,2023-11-27T11:38:42.730793Z
67,3266140053505,2.9,False,,EUR,2023-11-27,,Sauce aux Morilles,Saint jean,"['en:condiments', 'en:sauces', 'en:groceries', 'fr:autres-sauces-viande-accompagnement-∣-other-meat-sauce', 'fr:sauces-aux-morilles']",d,https://images.openfoodfacts.org/images/products/326/614/005/3505/front_fr.19.400.jpg,L'Éléfàn,Grenoble,France,45.1750672,5.7304083,2023-11-27T11:38:43.903230Z
68,3266140053512,2.9,False,,EUR,2023-11-27,,Sauce Nantua aux écrévisses,Saint jean,"['en:condiments', 'en:sauces', 'fr:sauces-nantua']",d,https://images.openfoodfacts.org/images/products/326/614/005/3512/front_fr.30.400.jpg,L'Éléfàn,Grenoble,France,45.1750672,5.7304083,2023-11-27T11:38:45.082639Z
69,3266140053529,5.7,False,,EUR,2023-11-27,,,,[],,,L'Éléfàn,Grenoble,France,45.1750672,5.7304083,2023-11-27T11:38:46.264016Z
70,3266140055240,3.96,False,,EUR,2023-11-27,,Farine de blé du Trièves,La Lavardoune,"['en:plant-based-foods-and-beverages', 'en:plant-based-foods', 'en:cereals-and-potatoes', 'en:cereals-and-their-products', 'en:flours', 'en:cereal-flours', 'en:wheat-flours', 'en:common-wheat-flours', 'en:wheat-flour-type-65']",a,https://images.openfoodfacts.org/images/products/326/614/005/5240/front_fr.3.400.jpg,L'Éléfàn,Grenoble,France,45.1750672,5.7304083,2023-11-27T11:38:47.461088Z
71,3266140055257,3.96,False,,EUR,2023-11-27,,,,[],,,L'Éléfàn,Grenoble,France,45.1750672,5.7304083,2023-11-27T11:38:48.635540Z
72,3266140055264,3.3,False,,EUR,2023-11-27,,Ravioles au bloc de foie gras de canard,"Royans,Saint Jean","['en:meals', 'en:pasta-dishes', 'en:stuffed-pastas', 'fr:ravioles']",d,https://images.openfoodfacts.org/images/products/326/614/005/5264/front_fr.5.400.jpg,L'Éléfàn,Grenoble,France,45.1750672,5.7304083,2023-11-27T11:38:49.807552Z
73,3266140055271,5.28,False,,EUR,2023-11-27,,Farine de riz intégrale,La Lavardoune,"['en:plant-based-foods-and-beverages', 'en:plant-based-foods', 'en:cereals-and-potatoes', 'en:cereals-and-their-products', 'en:flours', 'en:cereal-flours', 'en:rice-flours']",a,https://images.openfoodfacts.org/images/products/326/614/005/5271/front_fr.3.400.jpg,L'Éléfàn,Grenoble,France,45.1750672,5.7304083,2023-11-27T11:38:50.986408Z
74,3266140055790,3.46,False,,EUR,2023-11-27,,Soufflés BIO Nature 4*80g,Saint jean,"['en:frozen-foods', 'en:meals', 'en:fresh-foods', 'en:fresh-meals', 'fr:quenelles', 'en:plain-quenelles', 'fr:quenelles-natures-∣-nature-quenelle']",d,https://images.openfoodfacts.org/images/products/326/614/005/5790/front_fr.32.400.jpg,L'Éléfàn,Grenoble,France,45.1750672,5.7304083,2023-11-27T11:38:52.165520Z
75,3266140057404,2.2,False,,EUR,2023-11-27,,POLENTE BIO  NATURE,SAINT - JEAN,[],unknown,https://images.openfoodfacts.org/images/products/326/614/005/7404/front_fr.10.400.jpg,L'Éléfàn,Grenoble,France,45.1750672,5.7304083,2023-11-27T11:38:53.342029Z
76,3266140059125,2.32,False,,EUR,2023-11-27,,Gnocchi BIO à poêler sachet,Saint jean,"['en:plant-based-foods-and-beverages', 'en:plant-based-foods', 'en:cereals-and-potatoes', 'en:cereals-and-their-products', 'en:pastas', 'en:fresh-pasta', 'en:gnocchi', 'en:potato-gnocchi', 'fr:gnocchis-∣-gnocchi']",c,https://images.openfoodfacts.org/images/products/326/614/005/9125/front_fr.52.400.jpg,L'Éléfàn,Grenoble,France,45.1750672,5.7304083,2023-11-27T11:38:54.514370Z
77,3266140059514,3.27,False,,EUR,2023-11-27,,Ravioles BIO Emmental,Saint jean,"['en:plant-based-foods-and-beverages', 'en:plant-based-foods', 'en:meals', 'en:fresh-foods', 'en:pasta-dishes', 'en:pastas', 'en:stuffed-pastas', 'en:fresh-meals', 'en:fresh-pasta', 'fr:ravioles', 'en:ravioles-du-dauphine', 'fr:autres-pates-fraiches-farcies-∣-other-fresh-ravioli']",d,https://images.openfoodfacts.org/images/products/326/614/005/9514/front_fr.36.400.jpg,L'Éléfàn,Grenoble,France,45.1750672,5.7304083,2023-11-27T11:38:55.690533Z
78,3266140061524,3.17,False,,EUR,2023-11-27,,Ravioli BIO tomates confites & romarin,Saint jean,"['en:plant-based-foods-and-beverages', 'en:plant-based-foods', 'en:cereals-and-potatoes', 'en:cereals-and-their-products', 'en:meals', 'en:pasta-dishes', 'en:pastas', 'en:stuffed-pastas', 'en:fresh-pasta', 'fr:ravioles', 'fr:pates-fraiches-farcies-a-la-tomate-∣-tomato-stuffed-pasta']",c,https://images.openfoodfacts.org/images/products/326/614/006/1524/front_fr.28.400.jpg,L'Éléfàn,Grenoble,France,45.1750672,5.7304083,2023-11-27T11:38:56.870675Z
79,3266140061531,3.17,False,,EUR,2023-11-27,,Ravioli aux epinards cuisinés & pointe d'ail,Saint jean,"['en:plant-based-foods-and-beverages', 'en:plant-based-foods', 'en:cereals-and-potatoes', 'en:cereals-and-their-products', 'en:meals', 'en:pasta-dishes', 'en:pastas', 'en:stuffed-pastas', 'en:egg-pastas', 'en:fresh-pasta', 'en:pasta-stuffed-with-vegetables', 'en:ravioli', 'fr:ravioles', 'fr:pates-fraiches-farcies-aux-epinards-∣-spinach-stuffed-pasta', 'fr:pates-fraiches-crues-farcies-au-fromage-et-aux-legumes', 'fr:pates-fraiches-crues-farcies-aux-legumes']",c,https://images.openfoodfacts.org/images/products/326/614/006/1531/front_fr.24.400.jpg,L'Éléfàn,Grenoble,France,45.1750672,5.7304083,2023-11-27T11:38:58.040705Z
81,3266140061555,21.3,False,,EUR,2023-11-27,,Ravioli au Boursin Ail & fines herbes sachet,Saint jean,"['en:plant-based-foods-and-beverages', 'en:plant-based-foods', 'en:cereals-and-potatoes', 'en:meals', 'en:cereals-and-their-products', 'en:fresh-foods', 'en:pasta-dishes', 'en:pastas', 'en:stuffed-pastas', 'en:ravioli', 'en:fresh-meals', 'en:fresh-pasta', 'en:fresh-ravioli', 'en:pasta-stuffed-with-cheese', 'en:cheese-ravioli', 'fr:pates-fraiches-farcies-au-fromage-∣-cheese-stuffed-pasta']",d,https://images.openfoodfacts.org/images/products/326/614/006/1555/front_fr.62.400.jpg,L'Éléfàn,Grenoble,France,45.1750672,5.7304083,2023-11-27T11:39:00.516123Z
82,3266140061739,3.24,False,,EUR,2023-11-27,,Ravioli BIO Comté AOP & poivre noir,Saint jean,['fr:pates-fraiches-farcies-au-fromage-∣-cheese-stuffed-pasta'],d,https://images.openfoodfacts.org/images/products/326/614/006/1739/front_fr.19.400.jpg,L'Éléfàn,Grenoble,France,45.1750672,5.7304083,2023-11-27T11:39:01.797813Z
83,3266140063276,2.9,False,,EUR,2023-11-27,,Ravioli aux poivrons grillés & pointe d'ail,Saint jean,"['en:meals', 'en:pasta-dishes', 'en:stuffed-pastas', 'en:pasta-stuffed-with-vegetables', 'en:fresh-pasta-stuffed-with-vegetables', 'en:cooked-fresh-pasta-stuffed-with-vegetables', 'fr:pates-fraiches-farcies-au-fromage-∣-cheese-stuffed-pasta', 'fr:pates-fraiches-farcies-aux-legumes-∣-vegetable-stuffed-pasta']",c,https://images.openfoodfacts.org/images/products/326/614/006/3276/front_fr.17.400.jpg,L'Éléfàn,Grenoble,France,45.1750672,5.7304083,2023-11-27T11:39:02.987495Z
84,3266140063436,3.31,False,,EUR,2023-11-27,,Ravioli au Mont d'Or AOP & romarin,Saint jean,"['en:plant-based-foods-and-beverages', 'en:plant-based-foods', 'en:meals', 'en:pasta-dishes', 'en:pastas', 'en:stuffed-pastas', 'en:fresh-pasta', 'en:fresh-pasta-stuffed-with-cheese-and-vegetables', 'fr:pates-fraiches-farcies-au-fromage-∣-cheese-stuffed-pasta']",d,https://images.openfoodfacts.org/images/products/326/614/006/3436/front_fr.20.400.jpg,L'Éléfàn,Grenoble,France,45.1750672,5.7304083,2023-11-27T11:39:04.175429Z
85,3267110001014,22.23,False,,EUR,2023-11-27,,Purée Crue Noisettes,Perl' Amande,"['en:plant-based-foods-and-beverages', 'en:plant-based-foods', 'en:spreads', 'en:nuts-and-their-products', 'en:plant-based-spreads', 'en:oilseed-purees', 'en:nut-butters', 'en:hazelnut-butters']",a,https://images.openfoodfacts.org/images/products/326/711/000/1014/front_fr.3.400.jpg,L'Éléfàn,Grenoble,France,45.1750672,5.7304083,2023-11-27T11:39:05.410831Z
86,3267110001038,8.43,False,,EUR,2023-11-27,,Purée crue noisette,Perl'Amande,"['en:plant-based-foods-and-beverages', 'en:plant-based-foods', 'en:spreads', 'en:nuts-and-their-products', 'en:plant-based-spreads', 'en:oilseed-purees', 'en:nut-butters', 'en:almond-butters', 'en:hazelnut-butters']",a,https://images.openfoodfacts.org/images/products/326/711/000/1038/front_fr.34.400.jpg,L'Éléfàn,Grenoble,France,45.1750672,5.7304083,2023-11-27T11:39:06.640963Z
87,3267110001090,3.65,False,,EUR,2023-11-27,,Purée crue cacahuète,Perl'Amande,"['en:plant-based-foods-and-beverages', 'en:plant-based-foods', 'en:legumes-and-their-products', 'en:spreads', 'en:nuts-and-their-products', 'en:plant-based-spreads', 'en:oilseed-purees', 'en:legume-butters', 'en:nut-butters', 'en:peanut-butters']",a,https://images.openfoodfacts.org/images/products/326/711/000/1090/front_fr.34.400.jpg,L'Éléfàn,Grenoble,France,45.1750672,5.7304083,2023-11-27T11:39:07.815037Z
88,3267110001106,8.14,False,,EUR,2023-11-27,,Purée crue d'amandes complètes 300G,Perl'amande,"['en:plant-based-foods-and-beverages', 'en:plant-based-foods', 'en:spreads', 'en:nuts-and-their-products', 'en:plant-based-spreads', 'en:oilseed-purees', 'en:nut-butters', 'en:almond-butters', 'en:whole-almond-purees']",a,https://images.openfoodfacts.org/images/products/326/711/000/1106/front_fr.36.400.jpg,L'Éléfàn,Grenoble,France,45.1750672,5.7304083,2023-11-27T11:39:08.987643Z
89,3267110001212,5.71,False,,EUR,2023-11-27,,Purée crue d'amande complète 200G,Perl amande,"['en:plant-based-foods-and-beverages', 'en:plant-based-foods', 'en:spreads', 'en:nuts-and-their-products', 'en:plant-based-spreads', 'en:oilseed-purees', 'en:nut-butters', 'en:almond-butters', 'en:whole-almond-purees']",a,https://images.openfoodfacts.org/images/products/326/711/000/1212/front_fr.20.400.jpg,L'Éléfàn,Grenoble,France,45.1750672,5.7304083,2023-11-27T11:39:10.162775Z
90,3267110001281,3.42,False,,EUR,2023-11-27,,Purée crue 100% Sésame Complet,Perl'Amande,"['en:plant-based-foods-and-beverages', 'en:plant-based-foods', 'en:cereals-and-potatoes', 'en:spreads', 'en:cereals-and-their-products', 'en:plant-based-spreads', 'en:oilseed-purees', 'en:cereal-butters', 'en:tahini']",c,https://images.openfoodfacts.org/images/products/326/711/000/1281/front_fr.21.400.jpg,L'Éléfàn,Grenoble,France,45.1750672,5.7304083,2023-11-27T11:39:11.336377Z
91,3267110001298,7.65,False,,EUR,2023-11-27,,Purée Crue Sesame Demi Complet,Perl'amande,"['en:plant-based-foods-and-beverages', 'en:plant-based-foods', 'en:cereals-and-potatoes', 'en:spreads', 'en:cereals-and-their-products', 'en:plant-based-spreads', 'en:oilseed-purees', 'en:cereal-butters', 'en:tahini']",d,https://images.openfoodfacts.org/images/products/326/711/000/1298/front_fr.15.400.jpg,L'Éléfàn,Grenoble,France,45.1750672,5.7304083,2023-11-27T11:39:12.518900Z
92,3267110001304,12.49,False,,EUR,2023-11-27,,Purée amande coco,Perl'Amande,"['en:plant-based-foods-and-beverages', 'en:plant-based-foods', 'en:spreads', 'en:nuts-and-their-products', 'en:plant-based-spreads', 'en:oilseed-purees', 'en:nut-butters', 'en:mixed-nut-butters']",c,https://images.openfoodfacts.org/images/products/326/711/000/1304/front_fr.18.400.jpg,L'Éléfàn,Grenoble,France,45.1750672,5.7304083,2023-11-27T11:39:13.696572Z
93,3267110001311,17.07,False,,EUR,2023-11-27,,Crunchy amande complète,Perl'Amande,"['en:plant-based-foods-and-beverages', 'en:plant-based-foods', 'en:spreads', 'en:nuts-and-their-products', 'en:plant-based-spreads', 'en:oilseed-purees', 'en:nut-butters', 'en:almond-butters', 'en:whole-almond-purees', 'fr:amande-puree']",a,https://images.openfoodfacts.org/images/products/326/711/000/1311/front_fr.42.400.jpg,L'Éléfàn,Grenoble,France,45.1750672,5.7304083,2023-11-27T11:39:14.873829Z
94,3267110001335,7.8,False,,EUR,2023-11-27,,Puree d'amande orange camu camu,Perl'Amande,"['en:plant-based-foods-and-beverages', 'en:plant-based-foods', 'en:spreads', 'en:nuts-and-their-products', 'en:plant-based-spreads', 'en:oilseed-purees', 'en:nut-butters', 'en:almond-butters']",c,https://images.openfoodfacts.org/images/products/326/711/000/1335/front_fr.4.400.jpg,L'Éléfàn,Grenoble,France,45.1750672,5.7304083,2023-11-27T11:39:16.047853Z
95,3267110001373,4.62,False,,EUR,2023-11-27,,Purée d'amande Framboise Thé vert,"Perl'Amande,Perlamande","['en:plant-based-foods-and-beverages', 'en:plant-based-foods', 'en:spreads', 'en:nuts-and-their-products', 'en:plant-based-spreads', 'en:oilseed-purees', 'en:nut-butters', 'en:almond-butters']",a,https://images.openfoodfacts.org/images/products/326/711/000/1373/front_fr.3.400.jpg,L'Éléfàn,Grenoble,France,45.1750672,5.7304083,2023-11-27T11:39:17.280752Z
96,3267110001588,8.07,False,,EUR,2023-11-27,,Purée de sésame demi-complet,Perl'Amande,"['en:plant-based-foods-and-beverages', 'en:plant-based-foods', 'en:cereals-and-potatoes', 'en:spreads', 'en:cereals-and-their-products', 'en:plant-based-spreads', 'en:oilseed-purees', 'en:cereal-butters', 'en:tahini', 'fr:purees-de-sesame-demi-complet']",c,https://images.openfoodfacts.org/images/products/326/711/000/1588/front_fr.24.400.jpg,L'Éléfàn,Grenoble,France,45.1750672,5.7304083,2023-11-27T11:39:18.521414Z
97,3267110001663,8.82,False,,EUR,2023-11-27,,Purée crue 100% sésame Tahin,Perl'Amande,"['en:plant-based-foods-and-beverages', 'en:plant-based-foods', 'en:cereals-and-potatoes', 'en:spreads', 'en:cereals-and-their-products', 'en:plant-based-spreads', 'en:oilseed-purees', 'en:cereal-butters', 'en:tahini']",d,https://images.openfoodfacts.org/images/products/326/711/000/1663/front_fr.26.400.jpg,L'Éléfàn,Grenoble,France,45.1750672,5.7304083,2023-11-27T11:39:19.699317Z
98,3267110002134,6.74,False,,EUR,2023-11-27,,Epicerie / Epicerie Sucrée / Pâtes D'amandes Bio,Perl'Amande,[],unknown,,L'Éléfàn,Grenoble,France,45.1750672,5.7304083,2023-11-27T11:39:20.913552Z
99,3267110002363,4.13,False,,EUR,2023-11-27,,Pâtes D'amandes Complète Bio,Perlamande,"['en:snacks', 'en:sweet-snacks', 'en:confectioneries', 'en:marzipan', 'en:almond-paste']",d,https://images.openfoodfacts.org/images/products/326/711/000/2363/front_fr.4.400.jpg,L'Éléfàn,Grenoble,France,45.1750672,5.7304083,2023-11-27T11:39:22.100482Z
100,3267110008242,3.73,False,,EUR,2023-11-27,,Lait d’amande chocolat,AMANDINA,"['en:plant-based-foods-and-beverages', 'en:beverages', 'en:plant-based-foods', 'en:dairy-substitutes', 'en:milk-substitutes', 'en:nuts-and-their-products', 'en:plant-based-beverages', 'en:plant-based-milk-alternatives', 'en:nut-based-drinks', 'en:almond-based-drinks', 'en:chocolate-almond-based-drinks']",e,https://images.openfoodfacts.org/images/products/326/711/000/8242/front_fr.29.400.jpg,L'Éléfàn,Grenoble,France,45.1750672,5.7304083,2023-11-27T11:39:23.273416Z
101,3267110008266,3.88,False,,EUR,2023-11-27,,Noisett'ina,Perlamande,"['en:plant-based-foods-and-beverages', 'en:beverages', 'en:plant-based-foods', 'en:dairy-substitutes', 'en:milk-substitutes', 'en:nuts-and-their-products', 'en:plant-based-beverages', 'en:plant-based-milk-alternatives', 'en:nut-based-drinks', 'en:hazelnut-based-drinks']",e,https://images.openfoodfacts.org/images/products/326/711/000/8266/front_fr.35.400.jpg,L'Éléfàn,Grenoble,France,45.1750672,5.7304083,2023-11-27T11:40:18.601345Z
102,3267460030610,1.98,False,,EUR,2023-11-27,,Gnocchi Blanc,Lazzaretti,"['en:plant-based-foods-and-beverages', 'en:plant-based-foods', 'en:pastas']",a,https://images.openfoodfacts.org/images/products/326/746/003/0610/front_fr.27.400.jpg,L'Éléfàn,Grenoble,France,45.1750672,5.7304083,2023-11-27T11:40:19.782319Z
103,3278584910023,3.14,False,,EUR,2023-11-27,,Cubes d'ecorces d'orange confits bio,,[],unknown,https://images.openfoodfacts.org/images/products/327/858/491/0023/front_fr.12.400.jpg,L'Éléfàn,Grenoble,France,45.1750672,5.7304083,2023-11-27T11:40:20.964944Z
104,3278584910030,4.8,False,,EUR,2023-11-27,,Écorces citron confit,La pateliere,"['en:plant-based-foods-and-beverages', 'en:plant-based-foods', 'en:fruits-and-vegetables-based-foods', 'en:snacks', 'en:sweet-snacks', 'en:confectioneries', 'en:fruits-based-foods', 'en:candied-fruits']",unknown,https://images.openfoodfacts.org/images/products/327/858/491/0030/front_fr.10.400.jpg,L'Éléfàn,Grenoble,France,45.1750672,5.7304083,2023-11-27T11:40:22.144069Z
105,3278584910061,4.13,False,,EUR,2023-11-27,,Mélange pâtissier,CULINAT,[],unknown,https://images.openfoodfacts.org/images/products/327/858/491/0061/front_fr.3.400.jpg,L'Éléfàn,Grenoble,France,45.1750672,5.7304083,2023-11-27T11:40:23.321286Z
106,3278584930021,1.11,False,,EUR,2023-11-27,,poudre à lever,Culinat,"['en:food-additives', 'fr:poudres-a-lever']",not-applicable,https://images.openfoodfacts.org/images/products/327/858/493/0021/front_fr.14.400.jpg,L'Éléfàn,Grenoble,France,45.1750672,5.7304083,2023-11-27T11:40:24.501532Z
107,3278584930038,3.23,False,,EUR,2023-11-27,,Sucre vanillé bio,Culinat,"['en:sweeteners', 'en:cooking-helpers', 'en:sugars', 'en:vanilla-sugars']",e,https://images.openfoodfacts.org/images/products/327/858/493/0038/front_fr.14.400.jpg,L'Éléfàn,Grenoble,France,45.1750672,5.7304083,2023-11-27T11:40:25.673568Z
108,3278584930069,3.07,False,,EUR,2023-11-27,,Agar-agar,,"['en:plant-based-foods-and-beverages', 'en:plant-based-foods', 'en:seafood', 'en:seaweeds-and-their-products', 'en:seaweed-products', 'en:agar-agar']",unknown,https://images.openfoodfacts.org/images/products/327/858/493/0069/front_fr.10.400.jpg,L'Éléfàn,Grenoble,France,45.1750672,5.7304083,2023-11-27T11:40:26.850029Z
109,3278584960028,3.94,False,,EUR,2023-11-27,,Gousse de vanille,,"['en:plant-based-foods-and-beverages', 'en:plant-based-foods', 'en:condiments', 'en:spices', 'en:vanilla', 'en:vanilla-pods', 'en:groceries']",not-applicable,https://images.openfoodfacts.org/images/products/327/858/496/0028/front_fr.3.400.jpg,L'Éléfàn,Grenoble,France,45.1750672,5.7304083,2023-11-27T11:40:28.019258Z
110,3278584960066,1.89,False,,EUR,2023-11-27,,Gélatine bio alimentaire,Culinat,"['en:food-additives', 'en:thickeners', 'en:gelatin']",not-applicable,https://images.openfoodfacts.org/images/products/327/858/496/0066/front_fr.3.400.jpg,L'Éléfàn,Grenoble,France,45.1750672,5.7304083,2023-11-27T11:40:29.189465Z
111,3278584960127,5.2,False,,EUR,2023-11-27,,Sucre glace,,"['en:sweeteners', 'en:sugars', 'en:powdered-sugars']",unknown,https://images.openfoodfacts.org/images/products/327/858/496/0127/front_fr.3.400.jpg,L'Éléfàn,Grenoble,France,45.1750672,5.7304083,2023-11-27T11:40:30.362742Z
112,3286151030302,2.85,False,,EUR,2023-11-27,,Beurre aux cristaux de sel des alpes,"Beurrerie d'Etrez, Laiterie Coopérative d’Etrez","['en:dairies', 'en:fats', 'en:spreads', 'en:spreadable-fats', 'en:animal-fats', 'en:dairy-spreads', 'en:milkfat', 'en:butters', 'en:half-salted-butter', 'en:pasteurized-butters', 'fr:beurres-de-baratte']",e,https://images.openfoodfacts.org/images/products/328/615/103/0302/front_fr.17.400.jpg,L'Éléfàn,Grenoble,France,45.1750672,5.7304083,2023-11-27T11:40:31.544332Z
113,3286151130200,3.47,False,,EUR,2023-11-27,,"Creme fraiche ETREZ BEAUPONT, 30%MG",Etrez,"['en:dairies', 'en:fermented-foods', 'en:fermented-milk-products', 'en:creams', 'en:fermented-creams', 'fr:cremes-fraiches']",d,https://images.openfoodfacts.org/images/products/328/615/113/0200/front_fr.17.400.jpg,L'Éléfàn,Grenoble,France,45.1750672,5.7304083,2023-11-27T11:40:32.714577Z
114,3286151220208,3.14,False,,EUR,2023-11-27,,Crème Fraîche Fleurette 33% MG,Etrez,"['en:dairies', 'en:fermented-foods', 'en:fermented-milk-products', 'en:creams', 'fr:cremes-fleurettes', 'fr:cremes-fraiches']",d,https://images.openfoodfacts.org/images/products/328/615/122/0208/front_fr.11.400.jpg,L'Éléfàn,Grenoble,France,45.1750672,5.7304083,2023-11-27T11:40:33.885078Z
115,3286151301303,3.68,False,,EUR,2023-11-27,,Crème de Bresse gastronomique,Etrez Beurrerie,"['en:dairies', 'en:fermented-foods', 'en:fermented-milk-products', 'en:creams', 'en:fermented-creams', 'en:refrigerated-30-fat-thick-cream', 'fr:creme-de-bresse', 'fr:cremes-fraiches']",d,https://images.openfoodfacts.org/images/products/328/615/130/1303/front_fr.28.400.jpg,L'Éléfàn,Grenoble,France,45.1750672,5.7304083,2023-11-27T11:40:35.056786Z
116,3286151510101,1.74,False,,EUR,2023-11-27,,Emmental râpé,Etrez,"['en:dairies', 'en:fermented-foods', 'en:fermented-milk-products', 'en:cheeses', 'en:cow-cheeses', 'en:hard-cheeses', 'en:emmentaler', 'en:grated-cheese', 'en:grated-emmentaler']",c,https://images.openfoodfacts.org/images/products/328/615/151/0101/front_fr.23.400.jpg,L'Éléfàn,Grenoble,France,45.1750672,5.7304083,2023-11-27T11:40:36.238945Z
117,3286151510118,10.08,False,,EUR,2023-11-27,,Emmental râpé,Etrez,"['en:dairies', 'en:fermented-foods', 'en:fermented-milk-products', 'en:cheeses', 'en:cow-cheeses', 'en:hard-cheeses', 'en:emmentaler', 'en:grated-cheese', 'en:grated-emmentaler']",d,https://images.openfoodfacts.org/images/products/328/615/151/0118/front_fr.4.400.jpg,L'Éléfàn,Grenoble,France,45.1750672,5.7304083,2023-11-27T11:40:37.415113Z
118,3286151800103,1.11,False,,EUR,2023-11-27,,Lait demi-écrémé,Etrez,"['en:dairies', 'en:milks-liquid-and-powder', 'en:milks', 'en:homogenized-milks', 'en:pasteurised-products', 'en:semi-skimmed-milks', 'en:uht-milks']",b,https://images.openfoodfacts.org/images/products/328/615/180/0103/front_fr.16.400.jpg,L'Éléfàn,Grenoble,France,45.1750672,5.7304083,2023-11-27T11:40:38.593926Z
119,3286151950013,2.28,False,,EUR,2023-11-27,,Yaourt Abricot,Etrez,"['en:dairies', 'en:fermented-foods', 'en:fermented-milk-products', 'en:desserts', 'en:dairy-desserts', 'en:fermented-dairy-desserts', 'en:fermented-dairy-desserts-with-fruits', 'en:yogurts', 'en:fruit-yogurts', 'en:apricot-yogurts']",c,https://images.openfoodfacts.org/images/products/328/615/195/0013/front_fr.12.400.jpg,L'Éléfàn,Grenoble,France,45.1750672,5.7304083,2023-11-27T11:40:39.776964Z
120,3286151950020,2.28,False,,EUR,2023-11-27,,Yaourt avec des fruits - citron,Etrez,"['en:dairies', 'en:fermented-foods', 'en:fermented-milk-products', 'en:desserts', 'en:dairy-desserts', 'en:fermented-dairy-desserts', 'en:fermented-dairy-desserts-with-fruits', 'en:yogurts', 'en:fruit-yogurts', 'en:stirred-yogurts', 'en:fruit-stirred-yogurts', 'en:lemon-yogurts']",b,https://images.openfoodfacts.org/images/products/328/615/195/0020/front_fr.18.400.jpg,L'Éléfàn,Grenoble,France,45.1750672,5.7304083,2023-11-27T11:40:40.952666Z
121,3286151950037,2.28,False,,EUR,2023-11-27,,Yaourt avec des fruits,Etrez,"['en:dairies', 'en:fermented-foods', 'en:fermented-milk-products', 'en:desserts', 'en:dairy-desserts', 'en:fermented-dairy-desserts', 'en:fermented-dairy-desserts-with-fruits', 'en:yogurts', 'en:fruit-yogurts', 'en:strawberry-yogurts']",c,https://images.openfoodfacts.org/images/products/328/615/195/0037/front_fr.12.400.jpg,L'Éléfàn,Grenoble,France,45.1750672,5.7304083,2023-11-27T11:40:42.125634Z
122,3286151950044,3.03,False,,EUR,2023-11-27,,Yaourt avec des Fruits,Etrez,"['en:dairies', 'en:fermented-foods', 'en:fermented-milk-products', 'en:desserts', 'en:dairy-desserts', 'en:fermented-dairy-desserts', 'en:fermented-dairy-desserts-with-fruits', 'en:yogurts', 'en:fruit-yogurts', 'en:stirred-yogurts', 'en:fruit-stirred-yogurts', 'en:raspberry-yogurts']",c,https://images.openfoodfacts.org/images/products/328/615/195/0044/front_fr.20.400.jpg,L'Éléfàn,Grenoble,France,45.1750672,5.7304083,2023-11-27T11:40:43.293640Z
123,3286151950051,2.28,False,,EUR,2023-11-27,,Yaourt avec des Fruits - Myrtille,Etrez,"['en:dairies', 'en:fermented-foods', 'en:fermented-milk-products', 'en:desserts', 'en:dairy-desserts', 'en:fermented-dairy-desserts', 'en:fermented-dairy-desserts-with-fruits', 'en:yogurts', 'en:fruit-yogurts', 'en:blueberry-yogurts', 'en:fruit-yogurts-with-fruit-chunks']",c,https://images.openfoodfacts.org/images/products/328/615/195/0051/front_fr.31.400.jpg,L'Éléfàn,Grenoble,France,45.1750672,5.7304083,2023-11-27T11:40:44.465099Z
124,3286151950068,2.28,False,,EUR,2023-11-27,,Yaourt avec des fruits - poire,Etrez,"['en:dairies', 'en:fermented-foods', 'en:fermented-milk-products', 'en:desserts', 'en:dairy-desserts', 'en:fermented-dairy-desserts', 'en:fermented-dairy-desserts-with-fruits', 'en:yogurts', 'en:fruit-yogurts', 'en:pear-yogurts']",b,https://images.openfoodfacts.org/images/products/328/615/195/0068/front_fr.4.400.jpg,L'Éléfàn,Grenoble,France,45.1750672,5.7304083,2023-11-27T11:40:45.658334Z
125,3286151950082,2.28,False,,EUR,2023-11-27,,Yaourt vanille,Etrez,"['en:dairies', 'en:fermented-foods', 'en:fermented-milk-products', 'en:desserts', 'en:dairy-desserts', 'en:fermented-dairy-desserts', 'en:yogurts', 'en:vanilla-yogurt']",c,https://images.openfoodfacts.org/images/products/328/615/195/0082/front_fr.19.400.jpg,L'Éléfàn,Grenoble,France,45.1750672,5.7304083,2023-11-27T11:40:46.834168Z
126,3288131500201,3.11,False,,EUR,2023-11-27,,Petits boudoirs - Biscuit aux nourrissons,"Babybio, Vitagermine","['en:snacks', 'en:sweet-snacks', 'en:baby-foods', 'en:biscuits-and-cakes', 'en:biscuits', 'en:snacks-and-desserts-for-babies', 'en:dry-biscuits', 'en:from-8-months', 'en:biscuits-for-babies', 'en:from-10-months', 'en:sponge-fingers-biscuit']",not-applicable,https://images.openfoodfacts.org/images/products/328/813/150/0201/front_fr.43.400.jpg,L'Éléfàn,Grenoble,France,45.1750672,5.7304083,2023-11-27T11:40:48.004337Z
127,3288131510026,3.15,False,,EUR,2023-11-27,,"Pot Carotte, Butternut, Poulet, Riz",Babybio,"['en:baby-foods', 'en:main-meals-for-babies', 'en:baby-dishes', 'fr:petits-pots-pour-bebe']",not-applicable,https://images.openfoodfacts.org/images/products/328/813/151/0026/front_fr.10.400.jpg,L'Éléfàn,Grenoble,France,45.1750672,5.7304083,2023-11-27T11:40:49.206620Z
128,3288131510033,3.15,False,,EUR,2023-11-27,,,Babybio,[],unknown,https://images.openfoodfacts.org/images/products/328/813/151/0033/front_fr.4.400.jpg,L'Éléfàn,Grenoble,France,45.1750672,5.7304083,2023-11-27T11:40:50.385313Z
129,3288131510408,2.0,False,,EUR,2023-11-27,,Pot Carotte des landes,Babybio,[],unknown,https://images.openfoodfacts.org/images/products/328/813/151/0408/front_fr.20.400.jpg,L'Éléfàn,Grenoble,France,45.1750672,5.7304083,2023-11-27T11:40:51.562096Z
130,3288131510415,2.0,False,,EUR,2023-11-27,,Petits Pots Légumes verts,babybio,"['en:baby-foods', 'en:from-4-months']",not-applicable,https://images.openfoodfacts.org/images/products/328/813/151/0415/front_fr.14.400.jpg,L'Éléfàn,Grenoble,France,45.1750672,5.7304083,2023-11-27T11:40:52.730858Z
131,3288131510422,2.0,False,,EUR,2023-11-27,,Carottes des Landes potimarron,Babybio,"['en:plant-based-foods-and-beverages', 'en:plant-based-foods', 'en:meals', 'en:baby-foods', 'en:prepared-vegetables', 'en:purees', 'en:mashed-vegetables', 'en:from-4-months', 'en:main-meals-for-babies', 'en:mashed-carrots', 'fr:petits-pots-pour-bebe']",not-applicable,https://images.openfoodfacts.org/images/products/328/813/151/0422/front_fr.25.400.jpg,L'Éléfàn,Grenoble,France,45.1750672,5.7304083,2023-11-27T11:40:53.916911Z
132,3288131510484,2.0,False,,EUR,2023-11-27,,Petits Pots Panais,Babybio,"['en:plant-based-foods-and-beverages', 'en:plant-based-foods', 'en:fruits-and-vegetables-based-foods', 'en:meals', 'en:baby-foods', 'en:prepared-vegetables', 'en:purees', 'en:mashed-vegetables', 'en:from-4-months', 'en:main-meals-for-babies', 'en:plant-based-meals', 'fr:purees-de-panais']",not-applicable,https://images.openfoodfacts.org/images/products/328/813/151/0484/front_fr.24.400.jpg,L'Éléfàn,Grenoble,France,45.1750672,5.7304083,2023-11-27T11:40:55.088794Z
133,3288131510491,2.0,False,,EUR,2023-11-27,,Petits Pots Patate Douce,Babybio,"['en:baby-foods', 'en:from-4-months', 'en:main-meals-for-babies', 'fr:petits-pots-pour-bebe']",not-applicable,https://images.openfoodfacts.org/images/products/328/813/151/0491/front_fr.22.400.jpg,L'Éléfàn,Grenoble,France,45.1750672,5.7304083,2023-11-27T11:40:56.264129Z
134,3288131510521,3.15,False,,EUR,2023-11-27,,"Petits pots au poulet et légumes, dès 8 mois, certifié AB",Babybio,"['en:baby-foods', 'en:from-8-months', 'en:main-meals-for-babies', 'en:meat-menus-for-babies']",not-applicable,https://images.openfoodfacts.org/images/products/328/813/151/0521/front_fr.7.400.jpg,L'Éléfàn,Grenoble,France,45.1750672,5.7304083,2023-11-27T11:40:57.470705Z
135,3288131510545,2.88,False,,EUR,2023-11-27,,Tomates de nouvelle-aquitaine Carrote de nos régions Pâtes,Babybio,"['en:baby-foods', 'en:from-8-months', 'en:main-meals-for-babies', 'fr:petits-pots-pour-bebe']",not-applicable,https://images.openfoodfacts.org/images/products/328/813/151/0545/front_fr.20.400.jpg,L'Éléfàn,Grenoble,France,45.1750672,5.7304083,2023-11-27T11:40:58.647626Z
136,3288131510569,3.35,False,,EUR,2023-11-27,,Petit Pot Legumes Truite 2X200G,Babybio,"['en:baby-foods', 'en:from-8-months']",not-applicable,https://images.openfoodfacts.org/images/products/328/813/151/0569/front_fr.12.400.jpg,L'Éléfàn,Grenoble,France,45.1750672,5.7304083,2023-11-27T11:40:59.824300Z
137,3288131510576,2.88,False,,EUR,2023-11-27,,Pots Bonne Nuit Carotte Butternut Riz,Babybio,"['en:baby-foods', 'en:from-6-months', 'fr:repas-pour-bebe']",not-applicable,https://images.openfoodfacts.org/images/products/328/813/151/0576/front_fr.60.400.jpg,L'Éléfàn,Grenoble,France,45.1750672,5.7304083,2023-11-27T11:41:01.009016Z
138,3288131510705,2.0,False,,EUR,2023-11-27,,Compote pomme verveine,Babybio,[],unknown,https://images.openfoodfacts.org/images/products/328/813/151/0705/front_fr.3.400.jpg,L'Éléfàn,Grenoble,France,45.1750672,5.7304083,2023-11-27T11:41:02.185686Z
139,3288131510712,2.07,False,,EUR,2023-11-27,,Compote 100% Poire d'Occitanie bio,"Babybio,Vitagermine","['en:plant-based-foods-and-beverages', 'en:plant-based-foods', 'en:fruits-and-vegetables-based-foods', 'en:desserts', 'en:fruits-based-foods', 'en:baby-foods', 'en:snacks-and-desserts-for-babies', 'en:compotes', 'en:from-4-months', 'en:pear-compotes', 'fr:compotes-sans-sucres']",not-applicable,https://images.openfoodfacts.org/images/products/328/813/151/0712/front_fr.50.400.jpg,L'Éléfàn,Grenoble,France,45.1750672,5.7304083,2023-11-27T11:41:03.366124Z
140,3288131510729,2.0,False,,EUR,2023-11-27,,Pot Poire de Provence,babybio,['fr:pot-bebe-4-mois'],b,https://images.openfoodfacts.org/images/products/328/813/151/0729/front_fr.33.400.jpg,L'Éléfàn,Grenoble,France,45.1750672,5.7304083,2023-11-27T11:41:04.542525Z
141,3288131510767,2.07,False,,EUR,2023-11-27,,Pomme de Nouvelle-Aquitaine  Pruneau d'Agen,Babybio,"['en:plant-based-foods-and-beverages', 'en:plant-based-foods', 'en:fruits-and-vegetables-based-foods', 'en:desserts', 'en:fruits-based-foods', 'en:baby-foods', 'en:snacks-and-desserts-for-babies', 'en:compotes', 'en:apple-compotes', 'fr:compotes-pour-bebe']",not-applicable,https://images.openfoodfacts.org/images/products/328/813/151/0767/front_fr.29.400.jpg,L'Éléfàn,Grenoble,France,45.1750672,5.7304083,2023-11-27T11:41:05.721710Z
142,3288131510774,2.0,False,,EUR,2023-11-27,,"Banane, Pomme de Nouvelle-Aquitaine",Babybio,"['en:plant-based-foods-and-beverages', 'en:plant-based-foods', 'en:fruits-and-vegetables-based-foods', 'en:desserts', 'en:fruits-based-foods', 'en:baby-foods', 'en:snacks-and-desserts-for-babies', 'en:compotes', 'en:apple-compotes', 'en:banana-apple-compotes', 'fr:compotes-pour-bebe']",not-applicable,https://images.openfoodfacts.org/images/products/328/813/151/0774/front_fr.29.400.jpg,L'Éléfàn,Grenoble,France,45.1750672,5.7304083,2023-11-27T11:41:06.903505Z
143,3288131530505,2.47,False,,EUR,2023-11-27,,"Meli Melo de légumes au Saumon, Riz de Camargue",Babybio,['en:meals'],a,https://images.openfoodfacts.org/images/products/328/813/153/0505/front_fr.11.400.jpg,L'Éléfàn,Grenoble,France,45.1750672,5.7304083,2023-11-27T11:41:08.073112Z
144,3288131530604,2.28,False,,EUR,2023-11-27,,Légumes à la basquaise & poulet fermier de nos régions,Babybio,"['en:baby-foods', 'en:main-meals-for-babies', 'en:baby-dishes', 'en:from-15-months']",not-applicable,https://images.openfoodfacts.org/images/products/328/813/153/0604/front_fr.7.400.jpg,L'Éléfàn,Grenoble,France,45.1750672,5.7304083,2023-11-27T11:41:09.253975Z
145,3288131540115,3.19,False,,EUR,2023-11-27,,"Gourdes pomme, poire, pêche, dès 12mois",Babybio,[],unknown,https://images.openfoodfacts.org/images/products/328/813/154/0115/front_fr.31.400.jpg,L'Éléfàn,Grenoble,France,45.1750672,5.7304083,2023-11-27T11:41:10.423361Z
146,3288131540139,3.19,False,,EUR,2023-11-27,,Epicerie / Epicerie Sucrée / Compotes Et Purées De Fruits,Babybio,[],unknown,https://images.openfoodfacts.org/images/products/328/813/154/0139/front_en.10.400.jpg,L'Éléfàn,Grenoble,France,45.1750672,5.7304083,2023-11-27T11:41:11.594774Z
147,3288131540160,3.19,False,,EUR,2023-11-27,,Pomme de Provence - Framboise,BABYBIO,[],unknown,https://images.openfoodfacts.org/images/products/328/813/154/0160/front_fr.17.400.jpg,L'Éléfàn,Grenoble,France,45.1750672,5.7304083,2023-11-27T11:41:12.768526Z
148,3288131580210,19.71,False,,EUR,2023-11-27,,Primea,Babybio,"['en:baby-foods', 'en:baby-milks', 'en:infant-formulas', 'en:ready-to-feed-baby-milks']",not-applicable,https://images.openfoodfacts.org/images/products/328/813/158/0210/front_fr.28.400.jpg,L'Éléfàn,Grenoble,France,45.1750672,5.7304083,2023-11-27T11:41:13.951394Z
149,3288131580227,19.6,False,,EUR,2023-11-27,,Babybio primea 2,Babybio,[],unknown,https://images.openfoodfacts.org/images/products/328/813/158/0227/front_fr.3.400.jpg,L'Éléfàn,Grenoble,France,45.1750672,5.7304083,2023-11-27T11:41:15.121152Z
150,3288131580333,19.4,False,,EUR,2023-11-27,,Optima croissance,Babybio,"['en:baby-foods', 'en:baby-milks', 'en:growth-milks', 'en:aliments-pour-bebe', 'en:laits-pour-bebe']",not-applicable,https://images.openfoodfacts.org/images/products/328/813/158/0333/front_fr.41.400.jpg,L'Éléfàn,Grenoble,France,45.1750672,5.7304083,2023-11-27T11:41:16.293626Z
151,3289944062405,1.93,False,,EUR,2023-11-27,,Quenelles Nature 6 quenelles,Saint jean,"['en:meals', 'fr:quenelles', 'en:plain-quenelles', 'fr:quenelles-natures-∣-nature-quenelle']",c,https://images.openfoodfacts.org/images/products/328/994/406/2405/front_fr.20.400.jpg,L'Éléfàn,Grenoble,France,45.1750672,5.7304083,2023-11-27T11:41:27.581887Z
152,3292830291858,2.27,False,,EUR,2023-11-27,,Pâte à lasagne,Saint jean,['fr:autres-pates-∣-other-pasta'],a,https://images.openfoodfacts.org/images/products/329/283/029/1858/front_fr.15.400.jpg,L'Éléfàn,Grenoble,France,45.1750672,5.7304083,2023-11-27T11:41:28.849983Z
153,3301310011128,3.01,False,,EUR,2023-11-27,,Croc salé cumin épeautre,,[],unknown,https://images.openfoodfacts.org/images/products/330/131/001/1128/front_fr.4.400.jpg,L'Éléfàn,Grenoble,France,45.1750672,5.7304083,2023-11-27T11:41:30.039517Z
154,3301310011135,3.02,False,,EUR,2023-11-27,,Croc Salé Curry Épeautre,Esprit Bio,"['en:snacks', 'en:salty-snacks', 'en:appetizers', 'en:biscuits-and-crackers', 'en:crackers-appetizers']",d,https://images.openfoodfacts.org/images/products/330/131/001/1135/front_fr.4.400.jpg,L'Éléfàn,Grenoble,France,45.1750672,5.7304083,2023-11-27T11:41:31.215814Z
155,3301320012115,3.48,False,,EUR,2023-11-27,,Croc salé tomate thym,,[],unknown,https://images.openfoodfacts.org/images/products/330/132/001/2115/front_fr.20.400.jpg,L'Éléfàn,Grenoble,France,45.1750672,5.7304083,2023-11-27T11:41:32.391909Z
156,3301320012221,3.06,False,,EUR,2023-11-27,,Croc salé oignon piment,,[],unknown,https://images.openfoodfacts.org/images/products/330/132/001/2221/front_fr.15.400.jpg,L'Éléfàn,Grenoble,France,45.1750672,5.7304083,2023-11-27T11:41:33.569604Z
157,3301332001237,2.74,False,,EUR,2023-11-27,,Croc Salé Lentilles,,[],unknown,https://images.openfoodfacts.org/images/products/330/133/200/1237/front_fr.4.400.jpg,L'Éléfàn,Grenoble,France,45.1750672,5.7304083,2023-11-27T11:41:34.801190Z
158,3302004002002,6.2,False,,EUR,2023-11-27,,,,[],,,L'Éléfàn,Grenoble,France,45.1750672,5.7304083,2023-11-27T11:41:36.194274Z
159,3302016002014,7.39,False,,EUR,2023-11-27,,Pâté en croûte nature,Les salaisons de Chartreuse,"['en:meats-and-their-products', 'en:prepared-meats', 'fr:charcuteries-cuites', 'en:pate-in-crust']",d,https://images.openfoodfacts.org/images/products/330/201/600/2014/front_fr.3.400.jpg,L'Éléfàn,Grenoble,France,45.1750672,5.7304083,2023-11-27T11:41:37.416282Z
160,3302018002012,5.34,False,,EUR,2023-11-27,,,,[],,,L'Éléfàn,Grenoble,France,45.1750672,5.7304083,2023-11-27T11:41:38.645559Z
161,3302019002011,5.34,False,,EUR,2023-11-27,,,,[],,,L'Éléfàn,Grenoble,France,45.1750672,5.7304083,2023-11-27T11:41:39.824980Z
162,3302957005013,3.76,False,,EUR,2023-11-27,,Moutarde de Dijon,La cuisine d'autrefois,"['en:condiments', 'en:sauces', 'en:mustards', 'en:dijon-mustards', 'en:groceries']",e,https://images.openfoodfacts.org/images/products/330/295/700/5013/front_fr.29.400.jpg,L'Éléfàn,Grenoble,France,45.1750672,5.7304083,2023-11-27T11:41:41.017860Z
163,3304011004017,6.28,False,,EUR,2023-11-27,,,,[],,,L'Éléfàn,Grenoble,France,45.1750672,5.7304083,2023-11-27T11:41:42.201261Z
164,3304022004020,6.28,False,,EUR,2023-11-27,,,,[],,,L'Éléfàn,Grenoble,France,45.1750672,5.7304083,2023-11-27T11:41:43.391868Z
165,3304037004039,6.92,False,,EUR,2023-11-27,,,,[],unknown,https://images.openfoodfacts.org/images/products/330/403/700/4039/front_en.3.400.jpg,L'Éléfàn,Grenoble,France,45.1750672,5.7304083,2023-11-27T11:41:44.579003Z
166,3304075004077,22.99,False,,EUR,2023-11-27,,,,[],,,L'Éléfàn,Grenoble,France,45.1750672,5.7304083,2023-11-27T11:41:45.765709Z
167,3307130602553,5.75,False,,EUR,2023-11-27,,Ravioli Volaille,"Jardin BIO'logique, Jardin bio, Jardin bio logique, LEA Nature","['en:plant-based-foods-and-beverages', 'en:plant-based-foods', 'en:canned-foods', 'en:cereals-and-potatoes', 'en:meats-and-their-products', 'en:cereals-and-their-products', 'en:meals', 'en:pasta-dishes', 'en:pastas', 'en:meals-with-meat', 'en:stuffed-pastas', 'en:pasta-stuffed-with-meat', 'en:poultry-meals', 'en:ravioli', 'en:canned-meals', 'en:meat-ravioli', 'en:turkey-dishes', 'fr:ravioli-a-la-volaille']",c,https://images.openfoodfacts.org/images/products/330/713/060/2553/front_fr.56.400.jpg,L'Éléfàn,Grenoble,France,45.1750672,5.7304083,2023-11-27T11:41:46.952293Z
168,3307130605004,2.3,False,,EUR,2023-11-27,,Sauce tomate Provencale,"Jardin Bio, Jardin biologique, Léa Nature","['en:condiments', 'en:sauces', 'en:pasta-sauces', 'en:tomato-sauces', 'en:provencale-sauces', 'en:groceries']",b,https://images.openfoodfacts.org/images/products/330/713/060/5004/front_fr.64.400.jpg,L'Éléfàn,Grenoble,France,45.1750672,5.7304083,2023-11-27T11:41:48.127542Z
169,3307130801154,3.35,False,,EUR,2023-11-27,,Haricots verts extra-fins coupés,"Jardin bio, LEA Nature","['en:plant-based-foods-and-beverages', 'en:plant-based-foods', 'en:fruits-and-vegetables-based-foods', 'en:legumes-and-their-products', 'en:canned-foods', 'en:legumes', 'en:vegetables-based-foods', 'en:canned-plant-based-foods', 'en:vegetables', 'en:canned-vegetables', 'en:green-beans', 'en:canned-legumes', 'en:canned-green-beans']",a,https://images.openfoodfacts.org/images/products/330/713/080/1154/front_fr.92.400.jpg,L'Éléfàn,Grenoble,France,45.1750672,5.7304083,2023-11-27T11:41:49.312178Z
170,3307130802557,2.82,False,,EUR,2023-11-27,,Petits pois et jeunes Carottes,"Jardin Bio étic, Jardin bio, Léa Nature","['en:plant-based-foods-and-beverages', 'en:plant-based-foods', 'en:fruits-and-vegetables-based-foods', 'en:legumes-and-their-products', 'en:canned-foods', 'en:legumes', 'en:vegetables-based-foods', 'en:canned-plant-based-foods', 'en:vegetables', 'en:canned-vegetables', 'en:canned-legumes', 'en:green-peas', 'en:canned-peas-and-carrots']",a,https://images.openfoodfacts.org/images/products/330/713/080/2557/front_fr.94.400.jpg,L'Éléfàn,Grenoble,France,45.1750672,5.7304083,2023-11-27T11:41:50.496828Z
171,3307130802625,2.52,False,,EUR,2023-11-27,,Petits pois à l'étuvée extra fins,"Jardin bio, Léa Nature","['en:plant-based-foods-and-beverages', 'en:plant-based-foods', 'en:fruits-and-vegetables-based-foods', 'en:legumes-and-their-products', 'en:canned-foods', 'en:legumes', 'en:vegetables-based-foods', 'en:canned-plant-based-foods', 'en:vegetables', 'en:canned-vegetables', 'en:canned-legumes', 'en:green-peas', 'en:canned-peas']",a,https://images.openfoodfacts.org/images/products/330/713/080/2625/front_fr.44.400.jpg,L'Éléfàn,Grenoble,France,45.1750672,5.7304083,2023-11-27T11:41:51.680460Z
172,3307130803004,4.0,False,,EUR,2023-11-27,,Ratatouille à la provençale,"Jardin Bio,Jardin biologique,Léa Nature","['en:plant-based-foods-and-beverages', 'en:plant-based-foods', 'en:fruits-and-vegetables-based-foods', 'en:vegetable-based-foods-and-beverages', 'en:canned-foods', 'en:meals', 'en:vegetables-based-foods', 'en:canned-plant-based-foods', 'en:canned-vegetables', 'en:prepared-vegetables', 'en:canned-meals', 'en:ratatouille']",a,https://images.openfoodfacts.org/images/products/330/713/080/3004/front_fr.141.400.jpg,L'Éléfàn,Grenoble,France,45.1750672,5.7304083,2023-11-27T11:41:52.875782Z
173,3307130803561,2.48,False,,EUR,2023-11-27,,Maïs doux,"Jardin bio, Léa Nature","['en:plant-based-foods-and-beverages', 'en:plant-based-foods', 'en:fruits-and-vegetables-based-foods', 'en:canned-foods', 'en:cereals-and-potatoes', 'en:seeds', 'en:vegetables-based-foods', 'en:canned-plant-based-foods', 'en:cereals-and-their-products', 'en:canned-vegetables', 'en:cereal-grains', 'en:corn', 'en:canned-cereals', 'en:sweet-corn', 'en:canned-corn', 'en:canned-sweet-corn']",c,https://images.openfoodfacts.org/images/products/330/713/080/3561/front_fr.53.400.jpg,L'Éléfàn,Grenoble,France,45.1750672,5.7304083,2023-11-27T11:41:54.070309Z
174,3307130803905,3.09,False,,EUR,2023-11-27,,Petits pois,"Jardin bio, Léa Nature","['en:plant-based-foods-and-beverages', 'en:plant-based-foods', 'en:fruits-and-vegetables-based-foods', 'en:legumes-and-their-products', 'en:canned-foods', 'en:legumes', 'en:seeds', 'en:vegetables-based-foods', 'en:canned-plant-based-foods', 'en:legume-seeds', 'en:vegetables', 'en:canned-vegetables', 'en:pulses', 'en:canned-legumes', 'en:green-peas', 'en:canned-peas', 'en:peas']",a,https://images.openfoodfacts.org/images/products/330/713/080/3905/front_fr.59.400.jpg,L'Éléfàn,Grenoble,France,45.1750672,5.7304083,2023-11-27T11:41:55.252592Z
175,3307131305170,3.59,False,,EUR,2023-11-27,,Léa Nature - Pomme Vanille bourbon,"Jardin bio, Léa Nature","['en:plant-based-foods-and-beverages', 'en:plant-based-foods', 'en:fruits-and-vegetables-based-foods', 'en:desserts', 'en:fruits-based-foods', 'en:compotes', 'en:apple-compotes', 'fr:compotes-pommes-vanille']",a,https://images.openfoodfacts.org/images/products/330/713/130/5170/front_fr.81.400.jpg,L'Éléfàn,Grenoble,France,45.1750672,5.7304083,2023-11-27T11:41:56.427757Z
176,3315421334543,3.03,False,,EUR,2023-11-27,,,,[],,,L'Éléfàn,Grenoble,France,45.1750672,5.7304083,2023-11-27T11:41:57.629462Z
177,3328400824345,5.74,False,,EUR,2023-11-27,,Pruneaux d’agen,"Coufidou, Pruno'délice","['en:plant-based-foods-and-beverages', 'en:plant-based-foods', 'en:fruits-and-vegetables-based-foods', 'en:fruits-based-foods', 'en:dried-products', 'en:fruits', 'en:dried-plant-based-foods', 'en:dried-fruits', 'en:french-fruits', 'en:dried-prunes', 'fr:pruneaux-d-agen']",c,https://images.openfoodfacts.org/images/products/332/840/082/4345/front_fr.10.400.jpg,L'Éléfàn,Grenoble,France,45.1750672,5.7304083,2023-11-27T11:41:58.822630Z
178,3329480106048,3.05,False,,EUR,2023-11-27,,Vinaigre De Cidre,Kivinat,"['en:condiments', 'en:vinegars', 'en:cider-vinegars']",not-applicable,https://images.openfoodfacts.org/images/products/332/948/010/6048/front_fr.11.400.jpg,L'Éléfàn,Grenoble,France,45.1750672,5.7304083,2023-11-27T11:42:00.014759Z
179,3329480131019,1.13,False,,EUR,2023-11-27,,Epicerie / Epicerie Sucrée / Galettes Riz Et Céréales,Markal,[],unknown,https://images.openfoodfacts.org/images/products/332/948/013/1019/front_fr.4.400.jpg,L'Éléfàn,Grenoble,France,45.1750672,5.7304083,2023-11-27T11:42:01.193704Z
180,3329480131026,1.28,False,,EUR,2023-11-27,,GALETTES MAIS SEL MARIN SANS GLUTEN,Markal,"['en:plant-based-foods-and-beverages', 'en:plant-based-foods', 'en:cereals-and-potatoes', 'en:cereals-and-their-products', 'en:puffed-cereal-cakes', 'en:puffed-corn-cakes']",b,https://images.openfoodfacts.org/images/products/332/948/013/1026/front_fr.14.400.jpg,L'Éléfàn,Grenoble,France,45.1750672,5.7304083,2023-11-27T11:42:02.370174Z
181,3329480150010,3.96,False,,EUR,2023-11-27,,Moutarde Fine et Forte,"Kivinat,Kivina","['en:condiments', 'en:sauces', 'en:mustards', 'en:groceries']",e,https://images.openfoodfacts.org/images/products/332/948/015/0010/front_fr.19.400.jpg,L'Éléfàn,Grenoble,France,45.1750672,5.7304083,2023-11-27T11:42:03.540266Z
182,3329483323756,3.61,False,,EUR,2023-11-27,,Muesli croustillant chocolat,MARKAL BIO,"['en:plant-based-foods-and-beverages', 'en:plant-based-foods', 'en:breakfasts', 'en:cereals-and-potatoes', 'en:cereals-and-their-products', 'en:breakfast-cereals', 'en:chocolate-cereals', 'en:mueslis', 'en:mueslis-with-chocolate']",c,https://images.openfoodfacts.org/images/products/332/948/332/3756/front_fr.29.400.jpg,L'Éléfàn,Grenoble,France,45.1750672,5.7304083,2023-11-27T11:42:04.741197Z
183,3329483413754,3.39,False,,EUR,2023-11-27,,Muesli Croustillant Fruits,Markal,"['en:plant-based-foods-and-beverages', 'en:plant-based-foods', 'en:breakfasts', 'en:cereals-and-potatoes', 'en:cereals-and-their-products', 'en:breakfast-cereals', 'en:cereals-with-fruits', 'en:mueslis', 'en:crunchy-mueslis', 'en:mueslis-with-fruits', 'en:crunchy-mueslis-with-fruits']",d,https://images.openfoodfacts.org/images/products/332/948/341/3754/front_fr.6.400.jpg,L'Éléfàn,Grenoble,France,45.1750672,5.7304083,2023-11-27T11:42:05.924645Z
184,3329483512006,2.23,False,,EUR,2023-11-27,,POPS DE BLE AU MIEL,Markal,"['en:plant-based-foods-and-beverages', 'en:plant-based-foods', 'en:breakfasts', 'en:cereals-and-potatoes', 'en:cereals-and-their-products', 'en:breakfast-cereals', 'en:puffed-grains', 'en:puffed-cereals', 'en:puffed-wheat', 'en:puffed-wheat-with-honey']",d,https://images.openfoodfacts.org/images/products/332/948/351/2006/front_fr.16.400.jpg,L'Éléfàn,Grenoble,France,45.1750672,5.7304083,2023-11-27T11:42:07.099770Z
185,3329483522500,2.62,False,,EUR,2023-11-27,,Riz Souffle Au Cacao SG,Markal,"['en:plant-based-foods-and-beverages', 'en:plant-based-foods', 'en:breakfasts', 'en:cereals-and-potatoes', 'en:cereals-and-their-products', 'en:breakfast-cereals', 'en:puffed-grains', 'en:chocolate-cereals', 'en:puffed-cereals', 'en:puffed-rice', 'en:chocolate-puffed-rice']",d,https://images.openfoodfacts.org/images/products/332/948/352/2500/front_fr.33.400.jpg,L'Éléfàn,Grenoble,France,45.1750672,5.7304083,2023-11-27T11:42:08.268503Z
186,3329484411209,3.11,False,,EUR,2023-11-27,,Lentilles vertes Bio,Markal,"['en:plant-based-foods-and-beverages', 'en:plant-based-foods', 'en:fruits-and-vegetables-based-foods', 'en:legumes-and-their-products', 'en:legumes', 'en:seeds', 'en:vegetables-based-foods', 'en:legume-seeds', 'en:pulses', 'en:lentils', 'en:green-lentils', 'fr:lentilles-vertes-bio']",a,https://images.openfoodfacts.org/images/products/332/948/441/1209/front_fr.6.400.jpg,L'Éléfàn,Grenoble,France,45.1750672,5.7304083,2023-11-27T11:42:09.448166Z
187,3329484485002,4.22,False,,EUR,2023-11-27,,Lentilles Noires Béluga,Markal,[],unknown,https://images.openfoodfacts.org/images/products/332/948/448/5002/front_fr.13.400.jpg,L'Éléfàn,Grenoble,France,45.1750672,5.7304083,2023-11-27T11:42:10.631630Z
188,3329486000135,2.59,False,,EUR,2023-11-27,,Couscous oriental,Markal,"['en:plant-based-foods-and-beverages', 'en:plant-based-foods', 'en:cereals-and-potatoes', 'en:seeds', 'en:cereals-and-their-products', 'en:meals', 'en:cereal-grains', 'en:plant-based-meals', 'en:couscous']",b,https://images.openfoodfacts.org/images/products/332/948/600/0135/front_fr.7.400.jpg,L'Éléfàn,Grenoble,France,45.1750672,5.7304083,2023-11-27T11:42:11.806460Z
189,3329486661251,3.07,False,,EUR,2023-11-27,,Flocons De Pomme De Terre,Markal,[],unknown,https://images.openfoodfacts.org/images/products/332/948/666/1251/front_fr.15.400.jpg,L'Éléfàn,Grenoble,France,45.1750672,5.7304083,2023-11-27T11:42:13.021490Z
190,3329486701254,3.8,False,,EUR,2023-11-27,,Levure maltée,MARKAL,"['en:food-additives', 'en:yeast', 'fr:levure']",not-applicable,https://images.openfoodfacts.org/images/products/332/948/670/1254/front_fr.30.400.jpg,L'Éléfàn,Grenoble,France,45.1750672,5.7304083,2023-11-27T11:42:14.278756Z
191,3329487101756,2.57,False,,EUR,2023-11-27,,Protéines de soja gros morceaux,Markal,"['en:plant-based-foods-and-beverages', 'en:plant-based-foods', 'en:legumes-and-their-products', 'en:meat-alternatives', 'en:meat-analogues', 'en:textured-vegetable-protein', 'fr:proteines-de-soja']",a,https://images.openfoodfacts.org/images/products/332/948/710/1756/front_fr.59.400.jpg,L'Éléfàn,Grenoble,France,45.1750672,5.7304083,2023-11-27T11:42:15.479449Z
192,3329487111755,2.57,False,,EUR,2023-11-27,,Protéines de soja petits morceaux,"Markal, Markal Bio","['en:plant-based-foods-and-beverages', 'en:plant-based-foods', 'en:legumes-and-their-products', 'en:meat-alternatives', 'en:meat-analogues', 'en:textured-vegetable-protein', 'en:textured-soy-protein']",a,https://images.openfoodfacts.org/images/products/332/948/711/1755/front_fr.23.400.jpg,L'Éléfàn,Grenoble,France,45.1750672,5.7304083,2023-11-27T11:42:16.650778Z
193,3329487131258,5.9,False,,EUR,2023-11-27,,Noix de cajou,Markal,"['en:plant-based-foods-and-beverages', 'en:plant-based-foods', 'en:nuts-and-their-products', 'en:nuts', 'en:cashew-nuts']",b,https://images.openfoodfacts.org/images/products/332/948/713/1258/front_fr.6.400.jpg,L'Éléfàn,Grenoble,France,45.1750672,5.7304083,2023-11-27T11:42:17.833285Z
194,3329487301255,5.0,False,,EUR,2023-11-27,,Amande decortiquées,Markal,"['en:plant-based-foods-and-beverages', 'en:plant-based-foods', 'en:nuts-and-their-products', 'en:nuts', 'en:shelled-nuts', 'en:almonds', 'en:shelled-almonds']",a,https://images.openfoodfacts.org/images/products/332/948/730/1255/front_fr.21.400.jpg,L'Éléfàn,Grenoble,France,45.1750672,5.7304083,2023-11-27T11:42:19.002978Z
195,3329487311254,4.35,False,,EUR,2023-11-27,,Noisettes Décortiquées,Markal,"['en:plant-based-foods-and-beverages', 'en:plant-based-foods', 'en:nuts-and-their-products', 'en:nuts', 'en:hazelnuts', 'en:shelled-nuts', 'en:shelled-hazelnuts', 'en:unsalted-hazelnuts']",a,https://images.openfoodfacts.org/images/products/332/948/731/1254/front_fr.12.400.jpg,L'Éléfàn,Grenoble,France,45.1750672,5.7304083,2023-11-27T11:42:20.176363Z
196,3329487371258,3.85,False,,EUR,2023-11-27,,Epicerie / Fruits Secs Et Purées / Fruits Séchés Bio,Markal,"['en:plant-based-foods-and-beverages', 'en:plant-based-foods', 'en:fruits-and-vegetables-based-foods', 'en:fruits-based-foods', 'en:dried-products', 'en:dried-plant-based-foods', 'en:dried-fruits']",a,https://images.openfoodfacts.org/images/products/332/948/737/1258/front_fr.7.400.jpg,L'Éléfàn,Grenoble,France,45.1750672,5.7304083,2023-11-27T11:42:21.364856Z
197,3329487481254,5.01,False,,EUR,2023-11-27,,Pruneaux D'agen Denoyautes,Markal,"['en:plant-based-foods-and-beverages', 'en:plant-based-foods', 'en:fruits-and-vegetables-based-foods', 'en:fruits-based-foods', 'en:dried-products', 'en:fruits', 'en:dried-plant-based-foods', 'en:dried-fruits', 'en:french-fruits', 'en:dried-prunes', 'fr:pruneaux-d-agen']",c,https://images.openfoodfacts.org/images/products/332/948/748/1254/front_fr.8.400.jpg,L'Éléfàn,Grenoble,France,45.1750672,5.7304083,2023-11-27T11:42:22.537684Z
198,3329487601126,3.79,False,,EUR,2023-11-27,,Sucre de canne blond,Markal,"['en:sweeteners', 'en:sugars', 'en:cane-sugar']",e,https://images.openfoodfacts.org/images/products/332/948/760/1126/front_fr.8.400.jpg,L'Éléfàn,Grenoble,France,45.1750672,5.7304083,2023-11-27T11:42:23.722113Z
199,3329487611200,2.14,False,,EUR,2023-11-27,,Fructose fin cristalisé,Markal,"['en:sweeteners', 'en:food-additives', 'en:sugar-substitutes', 'en:natural-sugar-substitutes', 'en:fructose']",not-applicable,https://images.openfoodfacts.org/images/products/332/948/761/1200/front_fr.37.400.jpg,L'Éléfàn,Grenoble,France,45.1750672,5.7304083,2023-11-27T11:42:24.915895Z
200,3329487647506,4.01,False,,EUR,2023-11-27,,Sucre De Canne Complet,Markal,"['en:sweeteners', 'en:sugars', 'en:cane-sugar', 'fr:sucres-complets']",e,https://images.openfoodfacts.org/images/products/332/948/764/7506/front_fr.12.400.jpg,L'Éléfàn,Grenoble,France,45.1750672,5.7304083,2023-11-27T11:42:26.117706Z
201,3329487651121,4.75,False,,EUR,2023-11-27,,Sucre de canne brun,Markal,"['en:sweeteners', 'en:sugars', 'en:cane-sugar']",e,https://images.openfoodfacts.org/images/products/332/948/765/1121/front_fr.4.400.jpg,L'Éléfàn,Grenoble,France,45.1750672,5.7304083,2023-11-27T11:42:37.297468Z
202,3329487673307,3.38,False,,EUR,2023-11-27,,Pur Sirop d'Agave,Markal,"['en:sweeteners', 'en:syrups', 'en:simple-syrups', 'en:agave-syrups', 'fr:sirops-traditionnels']",d,https://images.openfoodfacts.org/images/products/332/948/767/3307/front_fr.21.400.jpg,L'Éléfàn,Grenoble,France,45.1750672,5.7304083,2023-11-27T11:42:38.469297Z
203,3329487692506,5.54,False,,EUR,2023-11-27,,Epicerie / Fruits Secs Et Purées / Fruits Secs à Coques Bio,Markal,[],unknown,https://images.openfoodfacts.org/images/products/332/948/769/2506/front_fr.4.400.jpg,L'Éléfàn,Grenoble,France,45.1750672,5.7304083,2023-11-27T11:42:39.641215Z
204,3329489000101,8.63,False,,EUR,2023-11-27,,Huile De Tournesol Vierge Bio,"Markal,Grand Olio","['en:plant-based-foods-and-beverages', 'en:plant-based-foods', 'en:fats', 'en:vegetable-fats', 'en:vegetable-oils', 'en:sunflower-seeds-and-their-products', 'en:sunflower-oils']",c,https://images.openfoodfacts.org/images/products/332/948/900/0101/front_fr.31.400.jpg,L'Éléfàn,Grenoble,France,45.1750672,5.7304083,2023-11-27T11:42:40.814699Z
205,3329489000217,7.52,False,,EUR,2023-11-27,,"Huile De Sésame Bio, Vierge - 50CL - Grand Olio",Grand Olio,"['en:plant-based-foods-and-beverages', 'en:plant-based-foods', 'en:cereals-and-potatoes', 'en:fats', 'en:cereals-and-their-products', 'en:vegetable-fats', 'en:vegetable-oils', 'en:cereal-oils', 'en:sesame-oils']",c,https://images.openfoodfacts.org/images/products/332/948/900/0217/front_fr.17.400.jpg,L'Éléfàn,Grenoble,France,45.1750672,5.7304083,2023-11-27T11:42:41.990322Z
206,3329489030023,2.99,False,,EUR,2023-11-27,,Petit beurre au chocolat au lait,Bioshok,"['en:snacks', 'en:sweet-snacks', 'en:biscuits-and-cakes', 'en:biscuits-and-crackers', 'en:frozen-foods', 'en:biscuits', 'en:chocolate-biscuits', 'en:milk-chocolate-biscuits', 'en:biscuit-with-a-chocolate-bar-covering', 'en:biscuit-with-a-milk-chocolate-bar-covering']",e,https://images.openfoodfacts.org/images/products/332/948/903/0023/front_fr.7.400.jpg,L'Éléfàn,Grenoble,France,45.1750672,5.7304083,2023-11-27T11:42:43.179714Z
207,3329489030047,2.55,False,,EUR,2023-11-27,,Petit-Déjeuner miel-chocolat,Bioshok,"['en:snacks', 'en:breakfasts', 'en:sweet-snacks', 'en:biscuits-and-cakes', 'en:biscuits-and-crackers', 'en:biscuits', 'en:chocolate-biscuits', 'en:dry-biscuits', 'en:breakfast-biscuit']",e,https://images.openfoodfacts.org/images/products/332/948/903/0047/front_fr.8.400.jpg,L'Éléfàn,Grenoble,France,45.1750672,5.7304083,2023-11-27T11:42:44.353253Z
208,3329489030085,3.83,False,,EUR,2023-11-27,,Mini Cakes Aux Pépites De Chocolat Bio - 175G - Bioshok,Bioshok,"['en:snacks', 'en:desserts', 'en:sweet-snacks', 'en:biscuits-and-cakes', 'en:cakes', 'en:filled-cakes', 'en:chocolate-soft-cake', 'en:soft-cake-filled-with-chocolate', 'fr:cakes-au-chocolat']",e,https://images.openfoodfacts.org/images/products/332/948/903/0085/front_fr.14.400.jpg,L'Éléfàn,Grenoble,France,45.1750672,5.7304083,2023-11-27T11:42:45.526234Z
209,3329489070012,2.51,False,,EUR,2023-11-27,,Riz rice drink nature,Markal,"['en:plant-based-foods-and-beverages', 'en:beverages', 'en:plant-based-foods', 'en:cereals-and-potatoes', 'en:dairy-substitutes', 'en:cereals-and-their-products', 'en:milk-substitutes', 'en:plant-based-beverages', 'en:plant-based-milk-alternatives', 'en:cereal-based-drinks', 'en:rice-based-drinks', 'en:plain-rice-based-drinks']",e,https://images.openfoodfacts.org/images/products/332/948/907/0012/front_fr.4.400.jpg,L'Éléfàn,Grenoble,France,45.1750672,5.7304083,2023-11-27T11:42:46.716273Z
210,3329489070029,2.18,False,,EUR,2023-11-27,,Boisson à base de riz biologique et de calcium,Markal,"['en:plant-based-foods-and-beverages', 'en:beverages', 'en:plant-based-foods', 'en:cereals-and-potatoes', 'en:dairy-substitutes', 'en:cereals-and-their-products', 'en:milk-substitutes', 'en:plant-based-beverages', 'en:plant-based-milk-alternatives', 'en:cereal-based-drinks', 'en:rice-based-drinks', 'en:plain-rice-based-drinks']",e,https://images.openfoodfacts.org/images/products/332/948/907/0029/front_fr.4.400.jpg,L'Éléfàn,Grenoble,France,45.1750672,5.7304083,2023-11-27T11:42:47.895872Z
211,3329489070036,3.68,False,,EUR,2023-11-27,,Boisson Riz amande,Markal,"['en:plant-based-foods-and-beverages', 'en:beverages', 'en:dairy-substitutes', 'en:milk-substitutes', 'en:plant-based-beverages', 'en:plant-based-milk-alternatives', 'en:mixed-plant-milks']",e,https://images.openfoodfacts.org/images/products/332/948/907/0036/front_fr.19.400.jpg,L'Éléfàn,Grenoble,France,45.1750672,5.7304083,2023-11-27T11:42:49.068799Z
212,3329489070043,2.51,False,,EUR,2023-11-27,,Avoine nature sans sucres ajoutés,Markal,"['en:beverages-and-beverages-preparations', 'en:plant-based-foods-and-beverages', 'en:beverages', 'en:plant-based-foods', 'en:cereals-and-potatoes', 'en:dairy-substitutes', 'en:cereals-and-their-products', 'en:milk-substitutes', 'en:plant-based-beverages', 'en:plant-based-milk-alternatives', 'en:cereal-based-drinks', 'en:oat-based-drinks']",c,https://images.openfoodfacts.org/images/products/332/948/907/0043/front_fr.27.400.jpg,L'Éléfàn,Grenoble,France,45.1750672,5.7304083,2023-11-27T11:42:50.252839Z
213,3329489070050,2.24,False,,EUR,2023-11-27,,Soja nature,Markal,"['en:beverages-and-beverages-preparations', 'en:plant-based-foods-and-beverages', 'en:beverages', 'en:plant-based-foods', 'en:legumes-and-their-products', 'en:dairy-substitutes', 'en:milk-substitutes', 'en:plant-based-beverages', 'en:plant-based-milk-alternatives', 'en:legume-based-drinks', 'en:soy-based-drinks', 'en:unsweetened-plain-soy-based-drinks']",b,https://images.openfoodfacts.org/images/products/332/948/907/0050/front_fr.12.400.jpg,L'Éléfàn,Grenoble,France,45.1750672,5.7304083,2023-11-27T11:42:51.441095Z
214,3329489106162,1.85,False,,EUR,2023-11-27,,Markal bio farfalline blancs,Markal,[],unknown,https://images.openfoodfacts.org/images/products/332/948/910/6162/front_fr.4.400.jpg,L'Éléfàn,Grenoble,France,45.1750672,5.7304083,2023-11-27T11:42:52.623991Z
215,3329489111159,1.56,False,,EUR,2023-11-27,,Spirales Blanches,Markal,"['en:plant-based-foods-and-beverages', 'en:plant-based-foods', 'en:cereals-and-potatoes', 'en:cereals-and-their-products', 'en:pastas', 'en:dry-pastas', 'fr:pates-seches-blanches', 'fr:spirales', 'fr:spirales-blanches']",a,https://images.openfoodfacts.org/images/products/332/948/911/1159/front_fr.8.400.jpg,L'Éléfàn,Grenoble,France,45.1750672,5.7304083,2023-11-27T11:42:53.792987Z
216,3329489112156,1.85,False,,EUR,2023-11-27,,Spaghetti Blancs Bio - 500G - Markal,Markal,"['en:plant-based-foods-and-beverages', 'en:plant-based-foods', 'en:pastas', 'en:spaghetti']",a,https://images.openfoodfacts.org/images/products/332/948/911/2156/front_fr.11.400.jpg,L'Éléfàn,Grenoble,France,45.1750672,5.7304083,2023-11-27T11:42:54.964601Z
217,3329489119162,1.85,False,,EUR,2023-11-27,,Lasagnes blanches,Markal,"['en:plant-based-foods-and-beverages', 'en:plant-based-foods', 'en:pastas', 'en:dry-pastas', 'en:lasagna-sheets']",b,https://images.openfoodfacts.org/images/products/332/948/911/9162/front_fr.13.400.jpg,L'Éléfàn,Grenoble,France,45.1750672,5.7304083,2023-11-27T11:42:56.142507Z
218,3329489207159,1.85,False,,EUR,2023-11-27,,pennes complètes,markal,"['en:plant-based-foods-and-beverages', 'en:plant-based-foods', 'en:cereals-and-potatoes', 'en:cereals-and-their-products', 'en:pastas', 'en:cereal-pastas', 'en:dry-pastas', 'en:durum-wheat-pasta', 'en:whole-or-semi-whole-durum-wheat-pasta', 'en:durum-wheat-penne', 'en:whole-durum-wheat-pasta']",a,https://images.openfoodfacts.org/images/products/332/948/920/7159/front_en.18.400.jpg,L'Éléfàn,Grenoble,France,45.1750672,5.7304083,2023-11-27T11:42:57.317425Z
219,3329489212153,1.85,False,,EUR,2023-11-27,,Spaghetti complets,"Markal, Markal Bio","['en:plant-based-foods-and-beverages', 'en:plant-based-foods', 'en:cereals-and-potatoes', 'en:cereals-and-their-products', 'en:pastas', 'en:cereal-pastas', 'en:dry-pastas', 'en:durum-wheat-pasta', 'en:spaghetti', 'en:whole-durum-wheat-pasta', 'en:durum-wheat-spaghetti', 'en:whole-durm-wheat-spaghetti', 'en:whole-wheat-spaghetti']",a,https://images.openfoodfacts.org/images/products/332/948/921/2153/front_fr.3.400.jpg,L'Éléfàn,Grenoble,France,45.1750672,5.7304083,2023-11-27T11:42:58.501562Z
220,3329489306159,2.28,False,,EUR,2023-11-27,,Papillons Demi-Complets,Markal,"['en:plant-based-foods-and-beverages', 'en:plant-based-foods', 'en:cereals-and-potatoes', 'en:cereals-and-their-products', 'en:pastas', 'en:cereal-pastas', 'en:dry-pastas', 'en:durum-wheat-pasta', 'fr:farfalles', 'es:farfalle-de-trigo-duro']",a,https://images.openfoodfacts.org/images/products/332/948/930/6159/front_fr.11.400.jpg,L'Éléfàn,Grenoble,France,45.1750672,5.7304083,2023-11-27T11:42:59.683920Z
221,3329489900074,4.88,False,,EUR,2023-11-27,,luce jus d'orange de sicile bio,Markal,"['en:beverages-and-beverages-preparations', 'en:plant-based-foods-and-beverages', 'en:beverages', 'en:plant-based-beverages', 'en:fruit-based-beverages', 'en:juices-and-nectars', 'en:fruit-juices', 'en:orange-juices', 'en:squeezed-fruit-juices', 'en:squeezed-orange-juices']",c,https://images.openfoodfacts.org/images/products/332/948/990/0074/front_fr.3.400.jpg,L'Éléfàn,Grenoble,France,45.1750672,5.7304083,2023-11-27T11:43:00.880433Z
222,3329489900364,5.96,False,,EUR,2023-11-27,,Shoyu sauce au soja et au blé,Luce,"['en:condiments', 'en:sauces', 'en:soy-sauces']",e,https://images.openfoodfacts.org/images/products/332/948/990/0364/front_fr.3.400.jpg,L'Éléfàn,Grenoble,France,45.1750672,5.7304083,2023-11-27T11:43:02.067377Z
223,3329489900418,4.17,False,,EUR,2023-11-27,,Moutarde à l’ancienne,Luce,"['en:condiments', 'en:sauces', 'en:mustards', 'en:old-style-mustards']",e,https://images.openfoodfacts.org/images/products/332/948/990/0418/front_fr.9.400.jpg,L'Éléfàn,Grenoble,France,45.1750672,5.7304083,2023-11-27T11:43:03.241005Z
224,3329489900432,3.93,False,,EUR,2023-11-27,,Shoyu sauce au soja et au blé,Luce,"['en:condiments', 'en:sauces', 'en:soy-sauces']",e,https://images.openfoodfacts.org/images/products/332/948/990/0432/front_fr.3.400.jpg,L'Éléfàn,Grenoble,France,45.1750672,5.7304083,2023-11-27T11:43:04.461900Z
225,3329489900500,1.85,False,,EUR,2023-11-27,,Haricots rouges kidney bio,Markal,"['en:plant-based-foods-and-beverages', 'en:plant-based-foods', 'en:legumes-and-their-products', 'en:canned-foods', 'en:legumes', 'en:seeds', 'en:canned-plant-based-foods', 'en:legume-seeds', 'en:pulses', 'en:common-beans', 'en:canned-legumes', 'en:red-beans', 'en:canned-common-beans', 'en:canned-red-kidney-beans']",b,https://images.openfoodfacts.org/images/products/332/948/990/0500/front_fr.47.400.jpg,L'Éléfàn,Grenoble,France,45.1750672,5.7304083,2023-11-27T11:43:05.645401Z
226,3329489900548,1.85,False,,EUR,2023-11-27,,Lentilles Bio,"Luce,Markal","['en:plant-based-foods-and-beverages', 'en:plant-based-foods', 'en:legumes-and-their-products', 'en:canned-foods', 'en:legumes', 'en:seeds', 'en:canned-plant-based-foods', 'en:legume-seeds', 'en:pulses', 'en:lentils', 'en:canned-legumes', 'en:canned-lentils']",b,https://images.openfoodfacts.org/images/products/332/948/990/0548/front_fr.19.400.jpg,L'Éléfàn,Grenoble,France,45.1750672,5.7304083,2023-11-27T11:43:06.819222Z
227,3329489900555,1.78,False,,EUR,2023-11-27,,Mix de haricots bio,Markal,"['en:plant-based-foods-and-beverages', 'en:plant-based-foods', 'en:legumes-and-their-products', 'en:canned-foods', 'en:legumes', 'en:seeds', 'en:canned-plant-based-foods', 'en:legume-seeds', 'en:pulses', 'en:common-beans', 'en:canned-legumes', 'en:canned-common-beans', 'fr:mix-haricots-en-boite']",b,https://images.openfoodfacts.org/images/products/332/948/990/0555/front_fr.22.400.jpg,L'Éléfàn,Grenoble,France,45.1750672,5.7304083,2023-11-27T11:43:08.025635Z
228,3329489900586,4.02,False,,EUR,2023-11-27,,Luce Chili Con Carne Bio,Luce,"['en:meats-and-their-products', 'en:meals', 'en:meals-with-meat', 'en:chili-con-carne']",a,https://images.openfoodfacts.org/images/products/332/948/990/0586/front_fr.18.400.jpg,L'Éléfàn,Grenoble,France,45.1750672,5.7304083,2023-11-27T11:43:09.210835Z
229,3329489900623,5.06,False,,EUR,2023-11-27,,Champignons de Paris émincés bio,"Luce, Markal","['en:plant-based-foods-and-beverages', 'en:plant-based-foods', 'en:fruits-and-vegetables-based-foods', 'en:canned-foods', 'en:vegetables-based-foods', 'en:canned-plant-based-foods', 'en:mushrooms-and-their-products', 'en:mushrooms', 'en:canned-mushrooms', 'en:champignon-mushrooms', 'en:canned-champignon-mushrooms', 'en:canned-sliced-champignon-mushrooms', 'en:sliced-champignon-mushrooms']",a,https://images.openfoodfacts.org/images/products/332/948/990/0623/front_fr.37.400.jpg,L'Éléfàn,Grenoble,France,45.1750672,5.7304083,2023-11-27T11:43:10.381491Z
230,3329489900630,2.95,False,,EUR,2023-11-27,,Petits pois carottes bio Luce,Markal,"['en:plant-based-foods-and-beverages', 'en:plant-based-foods', 'en:fruits-and-vegetables-based-foods', 'en:canned-foods', 'en:vegetables-based-foods', 'en:canned-plant-based-foods', 'en:canned-vegetables', 'en:canned-peas-and-carrots']",c,https://images.openfoodfacts.org/images/products/332/948/990/0630/front_fr.3.400.jpg,L'Éléfàn,Grenoble,France,45.1750672,5.7304083,2023-11-27T11:43:11.553738Z
231,3329489901019,10.06,False,,EUR,2023-11-27,,Huile olive vierge extra douce bio,Luce,"['en:plant-based-foods-and-beverages', 'en:plant-based-foods', 'en:fats', 'en:vegetable-fats', 'en:olive-tree-products', 'en:vegetable-oils', 'en:olive-oils', 'en:extra-virgin-olive-oils', 'en:virgin-olive-oils']",b,https://images.openfoodfacts.org/images/products/332/948/990/1019/front_fr.37.400.jpg,L'Éléfàn,Grenoble,France,45.1750672,5.7304083,2023-11-27T11:43:12.734517Z
232,3329489901521,2.24,False,,EUR,2023-11-27,,Passata bio nature,Luce,"['en:plant-based-foods-and-beverages', 'en:plant-based-foods', 'en:fruits-and-vegetables-based-foods', 'en:condiments', 'en:vegetables-based-foods', 'en:sauces', 'en:tomatoes-and-their-products', 'en:tomato-sauces', 'en:tomato-purees']",a,https://images.openfoodfacts.org/images/products/332/948/990/1521/front_fr.36.400.jpg,L'Éléfàn,Grenoble,France,45.1750672,5.7304083,2023-11-27T11:43:13.917993Z
233,3329489901545,2.36,False,,EUR,2023-11-27,,Passata basilic,"Luce, Markal","['en:plant-based-foods-and-beverages', 'en:plant-based-foods', 'en:fruits-and-vegetables-based-foods', 'en:condiments', 'en:vegetables-based-foods', 'en:vegetable-based-foods-and-beverages', 'en:cooking-helpers', 'en:sauces', 'en:tomatoes-and-their-products', 'en:tomato-sauces', 'en:tomato-pulps', 'en:tomato-purees', 'en:strained-tomatoes', 'en:groceries', 'fr:sans-sel-ajoute']",a,https://images.openfoodfacts.org/images/products/332/948/990/1545/front_fr.13.400.jpg,L'Éléfàn,Grenoble,France,45.1750672,5.7304083,2023-11-27T11:43:15.099603Z
234,3329489901583,1.58,False,,EUR,2023-11-27,,Tomates pelées Bio,Luce,"['en:plant-based-foods-and-beverages', 'en:plant-based-foods', 'en:fruits-and-vegetables-based-foods', 'en:canned-foods', 'en:vegetables-based-foods', 'en:canned-plant-based-foods', 'en:vegetables', 'en:canned-vegetables', 'en:tomatoes-and-their-products', 'en:tomatoes', 'en:canned-tomatoes', 'en:peeled-tomatoes']",a,https://images.openfoodfacts.org/images/products/332/948/990/1583/front_fr.18.400.jpg,L'Éléfàn,Grenoble,France,45.1750672,5.7304083,2023-11-27T11:43:16.280000Z
235,3329489901705,1.68,False,,EUR,2023-11-27,,Concentré de tomates bio,Luce,"['en:plant-based-foods-and-beverages', 'en:plant-based-foods', 'en:fruits-and-vegetables-based-foods', 'en:vegetables-based-foods', 'en:tomatoes-and-their-products', 'en:tomato-pastes']",a,https://images.openfoodfacts.org/images/products/332/948/990/1705/front_fr.15.400.jpg,L'Éléfàn,Grenoble,France,45.1750672,5.7304083,2023-11-27T11:43:17.466517Z
236,3331968000137,2.1,False,,EUR,2023-11-27,,Kamaté,Kombuch'Alpes,"['en:beverages-and-beverages-preparations', 'en:beverages', 'en:carbonated-drinks', 'en:sodas', 'fr:yerba']",unknown,https://images.openfoodfacts.org/images/products/333/196/800/0137/front_fr.3.400.jpg,L'Éléfàn,Grenoble,France,45.1750672,5.7304083,2023-11-27T11:43:18.647173Z
237,3336770000016,5.79,False,,EUR,2023-11-27,,Citronade,Bigallet,"['en:beverages-and-beverages-preparations', 'en:beverages', 'en:beverage-preparations', 'en:syrups', 'en:flavoured-syrups', 'en:lemon-syrups', 'en:sweetened-beverages', 'fr:citronnades']",d,https://images.openfoodfacts.org/images/products/333/677/000/0016/front_fr.4.400.jpg,L'Éléfàn,Grenoble,France,45.1750672,5.7304083,2023-11-27T11:43:19.816918Z
238,3336770000047,4.81,False,,EUR,2023-11-27,,Sirop Menthe Verte,Bigallet,"['en:beverages-and-beverages-preparations', 'en:beverages', 'en:beverage-preparations', 'en:syrups', 'en:flavoured-syrups', 'en:mint-syrups']",d,https://images.openfoodfacts.org/images/products/333/677/000/0047/front_fr.14.400.jpg,L'Éléfàn,Grenoble,France,45.1750672,5.7304083,2023-11-27T11:43:20.991018Z
239,3336770000078,6.42,False,,EUR,2023-11-27,,Sirop de Cassis,Bigallet,"['en:beverages-and-beverages-preparations', 'en:beverages', 'en:beverage-preparations', 'en:syrups', 'en:unsweetened-beverages', 'en:flavoured-syrups', 'en:blackcurrant-syrups']",e,https://images.openfoodfacts.org/images/products/333/677/000/0078/front_fr.15.400.jpg,L'Éléfàn,Grenoble,France,45.1750672,5.7304083,2023-11-27T11:43:22.200280Z
240,3336770000122,5.39,False,,EUR,2023-11-27,,Sirop orgeat,Bigallet,"['en:beverages-and-beverages-preparations', 'en:beverages', 'en:beverage-preparations', 'en:syrups', 'en:flavoured-syrups', 'en:orgeat-syrups']",unknown,https://images.openfoodfacts.org/images/products/333/677/000/0122/front_fr.4.400.jpg,L'Éléfàn,Grenoble,France,45.1750672,5.7304083,2023-11-27T11:43:23.385577Z
241,3336770000207,6.62,False,,EUR,2023-11-27,,Sirop de Framboise,Bigallet,"['en:beverages-and-beverages-preparations', 'en:beverages', 'en:frozen-foods', 'en:beverage-preparations', 'en:syrups', 'en:flavoured-syrups', 'en:raspberry-syrups']",e,https://images.openfoodfacts.org/images/products/333/677/000/0207/front_fr.4.400.jpg,L'Éléfàn,Grenoble,France,45.1750672,5.7304083,2023-11-27T11:43:24.567735Z
242,3336770000269,6.42,False,,EUR,2023-11-27,,Fruit de la Passion,Bigallet,"['en:sweeteners', 'en:syrups', 'en:simple-syrups', 'en:fruit-syrups']",e,https://images.openfoodfacts.org/images/products/333/677/000/0269/front_fr.14.400.jpg,L'Éléfàn,Grenoble,France,45.1750672,5.7304083,2023-11-27T11:43:25.744021Z
243,3336770000320,5.39,False,,EUR,2023-11-27,,Sirop de Citron Vert,Bigallet,"['en:beverages-and-beverages-preparations', 'en:beverages', 'en:beverage-preparations', 'en:syrups', 'en:flavoured-syrups', 'en:lime-syrups']",unknown,https://images.openfoodfacts.org/images/products/333/677/000/0320/front_fr.4.400.jpg,L'Éléfàn,Grenoble,France,45.1750672,5.7304083,2023-11-27T11:43:27.031889Z
244,3336770000405,5.91,False,,EUR,2023-11-27,,sirop de fraise fruitée,Bigallet,"['en:beverages-and-beverages-preparations', 'en:beverages', 'en:beverage-preparations', 'en:syrups', 'en:flavoured-syrups', 'en:strawberry-syrups', 'en:sweetened-beverages']",e,https://images.openfoodfacts.org/images/products/333/677/000/0405/front_fr.23.400.jpg,L'Éléfàn,Grenoble,France,45.1750672,5.7304083,2023-11-27T11:43:28.355380Z
245,3336770000818,5.36,False,,EUR,2023-11-27,,Sirop grenadine fruitée,Bigallet,"['en:beverages-and-beverages-preparations', 'en:beverages', 'en:beverage-preparations', 'en:syrups', 'en:flavoured-syrups', 'en:grenadine']",e,https://images.openfoodfacts.org/images/products/333/677/000/0818/front_en.30.400.jpg,L'Éléfàn,Grenoble,France,45.1750672,5.7304083,2023-11-27T11:43:29.609012Z
246,3336770000955,6.21,False,,EUR,2023-11-27,,Sirop pêche,Bigallet,"['en:beverages-and-beverages-preparations', 'en:beverages', 'en:beverage-preparations', 'en:syrups', 'en:flavoured-syrups', 'en:peach-syrups', 'en:sweetened-beverages']",e,https://images.openfoodfacts.org/images/products/333/677/000/0955/front_fr.12.400.jpg,L'Éléfàn,Grenoble,France,45.1750672,5.7304083,2023-11-27T11:43:30.821404Z
247,3336770001723,6.21,False,,EUR,2023-11-27,,Sirop de fleur de sureau,Bigallet,"['en:beverages-and-beverages-preparations', 'en:beverage-preparations', 'en:syrups', 'en:flavoured-syrups']",e,https://images.openfoodfacts.org/images/products/333/677/000/1723/front_fr.13.400.jpg,L'Éléfàn,Grenoble,France,45.1750672,5.7304083,2023-11-27T11:43:32.010855Z
248,3338040304008,6.45,False,,EUR,2023-11-27,,Tarte des alpes bio myrtilles,,"['en:sweet-pies', 'en:fruit-tarts', 'en:blueberry-pies']",e,https://images.openfoodfacts.org/images/products/333/804/030/4008/front_fr.4.400.jpg,L'Éléfàn,Grenoble,France,45.1750672,5.7304083,2023-11-27T11:43:33.184054Z
249,3338040304022,6.45,False,,EUR,2023-11-27,,Tarte des alpes bio,,[],unknown,https://images.openfoodfacts.org/images/products/333/804/030/4022/front_fr.3.400.jpg,L'Éléfàn,Grenoble,France,45.1750672,5.7304083,2023-11-27T11:43:34.354959Z
250,3345645645132,15.06,False,,EUR,2023-11-27,,,,[],,,L'Éléfàn,Grenoble,France,45.1750672,5.7304083,2023-11-27T11:43:35.567064Z
251,3345645645146,31.23,False,,EUR,2023-11-27,,,,[],,,L'Éléfàn,Grenoble,France,45.1750672,5.7304083,2023-11-27T11:43:46.918550Z
252,3347430000253,3.94,False,,EUR,2023-11-27,,Biscoty au petit épeautre,Moulin des moines,"['en:plant-based-foods-and-beverages', 'en:plant-based-foods', 'en:cereals-and-potatoes', 'en:breads', 'en:rusks']",c,https://images.openfoodfacts.org/images/products/334/743/000/0253/front_fr.16.400.jpg,L'Éléfàn,Grenoble,France,45.1750672,5.7304083,2023-11-27T11:43:48.097679Z
253,3347430000338,3.19,False,,EUR,2023-11-27,,Sablés a la chataigne,Moulin des moines,"['en:plant-based-foods-and-beverages', 'en:plant-based-foods', 'en:snacks', 'en:sweet-snacks', 'en:nuts-and-their-products', 'en:biscuits-and-cakes', 'en:nuts', 'en:biscuits', 'en:chestnuts', 'en:shortbread-cookies']",d,https://images.openfoodfacts.org/images/products/334/743/000/0338/front_fr.18.400.jpg,L'Éléfàn,Grenoble,France,45.1750672,5.7304083,2023-11-27T11:43:49.289911Z
254,3347430000345,4.85,False,,EUR,2023-11-27,,RIZ NOIR VENERE,Moulin des moines,[],unknown,,L'Éléfàn,Grenoble,France,45.1750672,5.7304083,2023-11-27T11:43:50.478927Z
255,3347430002967,2.98,False,,EUR,2023-11-27,,Mélange des incas,Moulin des moines,[],unknown,https://images.openfoodfacts.org/images/products/334/743/000/2967/front_fr.8.400.jpg,L'Éléfàn,Grenoble,France,45.1750672,5.7304083,2023-11-27T11:43:51.654153Z
256,3347430004978,2.65,False,,EUR,2023-11-27,,Farine de riz blanc,Moulin des Moines,"['en:plant-based-foods-and-beverages', 'en:plant-based-foods', 'en:cereals-and-potatoes', 'en:cereals-and-their-products', 'en:flours', 'en:cereal-flours', 'en:rice-flours']",b,https://images.openfoodfacts.org/images/products/334/743/000/4978/front_fr.38.400.jpg,L'Éléfàn,Grenoble,France,45.1750672,5.7304083,2023-11-27T11:43:52.842838Z
257,3347430005173,2.73,False,,EUR,2023-11-27,,Chili non carne,Moulin Des Moines,[],unknown,https://images.openfoodfacts.org/images/products/334/743/000/5173/front_fr.4.400.jpg,L'Éléfàn,Grenoble,France,45.1750672,5.7304083,2023-11-27T11:43:54.134501Z
258,3347430006309,2.23,False,,EUR,2023-11-27,,Boudoirs d’épeautre,Moulins Des Moines,"['en:snacks', 'en:sweet-snacks', 'en:biscuits-and-cakes', 'en:biscuits', 'en:dry-biscuits', 'en:sponge-fingers-biscuit']",d,https://images.openfoodfacts.org/images/products/334/743/000/6309/front_fr.4.400.jpg,L'Éléfàn,Grenoble,France,45.1750672,5.7304083,2023-11-27T11:43:55.382937Z
259,3347430007436,2.86,False,,EUR,2023-11-27,,Risotto aux cepes,Moulin des moines,"['en:meals', 'en:rice-dishes', 'en:risottos', 'en:vegetable-risottos', 'en:mushroom-risottos', 'en:risottos-with-porcini-mushrooms']",b,https://images.openfoodfacts.org/images/products/334/743/000/7436/front_fr.4.400.jpg,L'Éléfàn,Grenoble,France,45.1750672,5.7304083,2023-11-27T11:43:56.682827Z
260,3347430007474,2.97,False,,EUR,2023-11-27,,Taboulé,Moulin des moines,"['en:meals', 'en:tabbouleh']",a,https://images.openfoodfacts.org/images/products/334/743/000/7474/front_fr.15.400.jpg,L'Éléfàn,Grenoble,France,45.1750672,5.7304083,2023-11-27T11:43:57.862320Z
261,3347430008488,1.31,False,,EUR,2023-11-27,,Chapelure de blé,Moulin des moines,"['en:plant-based-foods-and-beverages', 'en:plant-based-foods', 'en:cereals-and-potatoes', 'en:breads', 'en:bread-crumbs', 'en:wheat-crumbs']",d,https://images.openfoodfacts.org/images/products/334/743/000/8488/front_fr.3.400.jpg,L'Éléfàn,Grenoble,France,45.1750672,5.7304083,2023-11-27T11:43:59.037635Z
262,3347430011266,2.08,False,,EUR,2023-11-27,,Crème de riz précuite,Moulin des moines,"['en:plant-based-foods-and-beverages', 'en:plant-based-foods', 'en:cereals-and-potatoes', 'en:seeds', 'en:cereals-and-their-products', 'en:cereal-grains', 'en:rices', 'en:plant-based-creams', 'en:plant-based-creams-for-cooking', 'en:rice-based-creams-for-cooking']",b,https://images.openfoodfacts.org/images/products/334/743/001/1266/front_fr.4.400.jpg,L'Éléfàn,Grenoble,France,45.1750672,5.7304083,2023-11-27T11:44:00.230244Z
263,3347430011433,2.62,False,,EUR,2023-11-27,,Biscuits Epeautre Noisettes Et Fruits,Moulin des moines,[],unknown,https://images.openfoodfacts.org/images/products/334/743/001/1433/front_fr.8.400.jpg,L'Éléfàn,Grenoble,France,45.1750672,5.7304083,2023-11-27T11:44:01.409434Z
264,3347430013406,1.9,False,,EUR,2023-11-27,,Palmiers,Moulin des moines,"['en:snacks', 'en:sweet-snacks', 'en:biscuits-and-cakes', 'en:biscuits', 'en:flaky-biscuits', 'en:palmiers']",e,https://images.openfoodfacts.org/images/products/334/743/001/3406/front_fr.23.400.jpg,L'Éléfàn,Grenoble,France,45.1750672,5.7304083,2023-11-27T11:44:02.596138Z
265,3347430014274,1.87,False,,EUR,2023-11-27,,Gressins aux trois graines,Moulin Des Moines,"['en:plant-based-foods-and-beverages', 'en:plant-based-foods', 'en:cereals-and-potatoes', 'en:breads', 'en:breadsticks']",c,https://images.openfoodfacts.org/images/products/334/743/001/4274/front_fr.4.400.jpg,L'Éléfàn,Grenoble,France,45.1750672,5.7304083,2023-11-27T11:44:03.772539Z
266,3347430015493,2.94,False,,EUR,2023-11-27,,Poudre à lever bio,Moulin des Moines,"['en:food-additives', 'fr:poudres-a-lever']",not-applicable,https://images.openfoodfacts.org/images/products/334/743/001/5493/front_fr.4.400.jpg,L'Éléfàn,Grenoble,France,45.1750672,5.7304083,2023-11-27T11:44:04.955174Z
267,3347430016711,6.3,False,,EUR,2023-11-27,,,,[],,,L'Éléfàn,Grenoble,France,45.1750672,5.7304083,2023-11-27T11:44:06.139793Z
268,3347430017800,2.66,False,,EUR,2023-11-27,,Tofu bio nature,Moulin des moines,"['en:plant-based-foods-and-beverages', 'en:plant-based-foods', 'en:legumes-and-their-products', 'en:meat-alternatives', 'en:tofu', 'en:plain-tofu']",a,https://images.openfoodfacts.org/images/products/334/743/001/7800/front_fr.33.400.jpg,L'Éléfàn,Grenoble,France,45.1750672,5.7304083,2023-11-27T11:44:07.317633Z
269,3347430017817,2.72,False,,EUR,2023-11-27,,Tofu Bio Fumé,Moulin Des Moines,"['en:plant-based-foods-and-beverages', 'en:plant-based-foods', 'en:legumes-and-their-products', 'en:meat-alternatives', 'en:tofu', 'en:smoked-tofu']",a,https://images.openfoodfacts.org/images/products/334/743/001/7817/front_fr.23.400.jpg,L'Éléfàn,Grenoble,France,45.1750672,5.7304083,2023-11-27T11:44:08.496950Z
270,3347430018517,3.67,False,,EUR,2023-11-27,,Pesto d'ail des ours bio,Moulin des moines,"['en:condiments', 'en:sauces', 'en:pestos', 'en:groceries']",e,https://images.openfoodfacts.org/images/products/334/743/001/8517/front_fr.4.400.jpg,L'Éléfàn,Grenoble,France,45.1750672,5.7304083,2023-11-27T11:44:09.686983Z
271,3347430018524,4.33,False,,EUR,2023-11-27,,Harissa Bio,Moulin des moines,"['en:condiments', 'en:sauces', 'en:harissa-sauces', 'en:groceries']",d,https://images.openfoodfacts.org/images/products/334/743/001/8524/front_fr.4.400.jpg,L'Éléfàn,Grenoble,France,45.1750672,5.7304083,2023-11-27T11:44:10.911266Z
272,3347430019293,2.49,False,,EUR,2023-11-27,,Biscuits petit dejeuner  aux graines et pepites de chocolat,Moulin des moines,"['en:snacks', 'en:breakfasts', 'en:sweet-snacks', 'en:biscuits-and-cakes', 'en:biscuits-and-crackers', 'en:biscuits', 'en:chocolate-biscuits', 'en:dry-biscuits', 'en:breakfast-biscuit']",d,https://images.openfoodfacts.org/images/products/334/743/001/9293/front_fr.4.400.jpg,L'Éléfàn,Grenoble,France,45.1750672,5.7304083,2023-11-27T11:44:12.160365Z
273,3347430019507,2.51,False,,EUR,2023-11-27,,Ail des Ours,Moulin des moines,"['en:plant-based-foods-and-beverages', 'en:plant-based-foods', 'en:fruits-and-vegetables-based-foods', 'en:condiments', 'en:vegetables-based-foods', 'en:culinary-plants', 'en:garlic-and-their-products', 'en:variety-packs', 'en:herbs-spices-extracts-variety-packs', 'fr:ail-des-ours']",a,https://images.openfoodfacts.org/images/products/334/743/001/9507/front_fr.21.400.jpg,L'Éléfàn,Grenoble,France,45.1750672,5.7304083,2023-11-27T11:44:13.340603Z
274,3347430019828,3.3,False,,EUR,2023-11-27,,Pain d'épices bio à l'ancienne,Moulin des moines,"['en:snacks', 'en:sweet-snacks', 'en:biscuits-and-cakes', 'en:gingerbreads', 'en:gingerbread-blocks']",d,https://images.openfoodfacts.org/images/products/334/743/001/9828/front_fr.3.400.jpg,L'Éléfàn,Grenoble,France,45.1750672,5.7304083,2023-11-27T11:44:14.522750Z
275,3347430020206,6.53,False,,EUR,2023-11-27,,Farine de châtaigne,Moulin des Moines,"['en:plant-based-foods-and-beverages', 'en:plant-based-foods', 'en:flours', 'en:nuts-and-their-products', 'en:nut-flours', 'en:chestnut-flours']",c,https://images.openfoodfacts.org/images/products/334/743/002/0206/front_fr.30.400.jpg,L'Éléfàn,Grenoble,France,45.1750672,5.7304083,2023-11-27T11:44:15.706435Z
276,3347430020510,2.28,False,,EUR,2023-11-27,,Farine de seigle foncé T150,Moulin des moines,"['en:plant-based-foods-and-beverages', 'en:plant-based-foods', 'en:cereals-and-potatoes', 'en:cereals-and-their-products', 'en:flours', 'en:cereal-flours', 'en:rye-flours', 'fr:farines-de-seigle-t150']",a,https://images.openfoodfacts.org/images/products/334/743/002/0510/front_fr.11.400.jpg,L'Éléfàn,Grenoble,France,45.1750672,5.7304083,2023-11-27T11:44:16.879914Z
277,3347430021234,3.67,False,,EUR,2023-11-27,,Pesto au basilic,Moulin des Moines,"['en:condiments', 'en:sauces', 'en:pestos', 'en:green-pestos', 'en:groceries']",e,https://images.openfoodfacts.org/images/products/334/743/002/1234/front_fr.4.400.jpg,L'Éléfàn,Grenoble,France,45.1750672,5.7304083,2023-11-27T11:44:18.053263Z
278,3347430021432,2.22,False,,EUR,2023-11-27,,,,[],,,L'Éléfàn,Grenoble,France,45.1750672,5.7304083,2023-11-27T11:44:19.235060Z
279,3347430021722,2.44,False,,EUR,2023-11-27,,Noix de coco râpée,Moulin des moines,"['en:plant-based-foods-and-beverages', 'en:plant-based-foods', 'en:fruits-and-vegetables-based-foods', 'en:fruits-based-foods', 'en:dried-products', 'en:fruits', 'en:dried-plant-based-foods', 'en:tropical-fruits', 'en:dried-fruits', 'en:coconuts', 'en:grated-coconut']",d,https://images.openfoodfacts.org/images/products/334/743/002/1722/front_fr.3.400.jpg,L'Éléfàn,Grenoble,France,45.1750672,5.7304083,2023-11-27T11:44:20.426643Z
280,3347430021975,3.56,False,,EUR,2023-11-27,,Riz Thai Blanc,Moulin des moines,"['en:plant-based-foods-and-beverages', 'en:plant-based-foods', 'en:cereals-and-potatoes', 'en:seeds', 'en:cereals-and-their-products', 'en:cereal-grains', 'en:rices', 'en:aromatic-rices', 'en:indica-rices', 'en:long-grain-rices', 'en:jasmine-rice', 'en:white-rices', 'en:white-jasmine-rices']",c,https://images.openfoodfacts.org/images/products/334/743/002/1975/front_fr.12.400.jpg,L'Éléfàn,Grenoble,France,45.1750672,5.7304083,2023-11-27T11:44:21.613653Z
281,3347430022095,2.86,False,,EUR,2023-11-27,,Risotto aux légumes,Moulin des moines,"['en:meals', 'en:rice-dishes', 'en:risottos', 'en:vegetable-risottos']",a,https://images.openfoodfacts.org/images/products/334/743/002/2095/front_fr.3.400.jpg,L'Éléfàn,Grenoble,France,45.1750672,5.7304083,2023-11-27T11:44:22.790180Z
282,3347430022248,3.17,False,,EUR,2023-11-27,,Lin brun,Moulin des moines,"['en:plant-based-foods-and-beverages', 'en:plant-based-foods', 'en:cereals-and-potatoes', 'en:seeds', 'en:cereals-and-their-products', 'en:cereal-grains', 'en:flax-seeds', 'en:brown-flax-seeds']",unknown,https://images.openfoodfacts.org/images/products/334/743/002/2248/front_fr.5.400.jpg,L'Éléfàn,Grenoble,France,45.1750672,5.7304083,2023-11-27T11:44:23.971435Z
283,3347430022460,1.65,False,,EUR,2023-11-27,,Bretzels d'épeautre à l'huile d'olive,Moulin des moines,"['en:plant-based-foods-and-beverages', 'en:plant-based-foods', 'en:snacks', 'en:salty-snacks', 'en:appetizers', 'en:biscuits-and-crackers', 'en:crackers-appetizers', 'en:plain-salty-snacks', 'en:pretzel']",d,https://images.openfoodfacts.org/images/products/334/743/002/2460/front_fr.37.400.jpg,L'Éléfàn,Grenoble,France,45.1750672,5.7304083,2023-11-27T11:44:25.148735Z
284,3347430022477,2.77,False,,EUR,2023-11-27,,Cookies épeautre,Moulin des moines,"['en:snacks', 'en:sweet-snacks', 'en:biscuits-and-cakes', 'en:biscuits']",e,https://images.openfoodfacts.org/images/products/334/743/002/2477/front_fr.13.400.jpg,L'Éléfàn,Grenoble,France,45.1750672,5.7304083,2023-11-27T11:44:26.335939Z
285,3347430023504,8.07,False,,EUR,2023-11-27,,Père Noël étoile chocolat noir,Moulin des moines,"['en:snacks', 'en:sweet-snacks', 'en:cocoa-and-its-products', 'en:festive-foods', 'en:chocolates', 'en:dark-chocolates', 'en:easter-food']",d,https://images.openfoodfacts.org/images/products/334/743/002/3504/front_fr.3.400.jpg,L'Éléfàn,Grenoble,France,45.1750672,5.7304083,2023-11-27T11:44:27.521696Z
286,3347430023665,7.05,False,,EUR,2023-11-27,,Renne chocolat au lait,Moulin des moines,"['en:snacks', 'en:sweet-snacks', 'en:cocoa-and-its-products', 'en:festive-foods', 'en:chocolates', 'en:milk-chocolates', 'en:easter-food']",e,https://images.openfoodfacts.org/images/products/334/743/002/3665/front_fr.3.400.jpg,L'Éléfàn,Grenoble,France,45.1750672,5.7304083,2023-11-27T11:44:28.723387Z
287,3347430024037,7.7,False,,EUR,2023-11-27,,,,[],,,L'Éléfàn,Grenoble,France,45.1750672,5.7304083,2023-11-27T11:44:29.929400Z
288,3347430024297,4.74,False,,EUR,2023-11-27,,,,[],,,L'Éléfàn,Grenoble,France,45.1750672,5.7304083,2023-11-27T11:44:31.163286Z
289,3347431805482,3.67,False,,EUR,2023-11-27,,Fécule (amidon) de pomme de terre,Moulin des moines,"['en:plant-based-foods-and-beverages', 'en:plant-based-foods', 'en:cereals-and-potatoes', 'en:potatoes', 'en:starches', 'en:potato-starches']",c,https://images.openfoodfacts.org/images/products/334/743/180/5482/front_fr.15.400.jpg,L'Éléfàn,Grenoble,France,45.1750672,5.7304083,2023-11-27T11:44:32.348638Z
290,3347431913316,2.41,False,,EUR,2023-11-27,,Corn Flakes Pétales De Maïs Bio,Naturaline,"['en:plant-based-foods-and-beverages', 'en:plant-based-foods', 'en:breakfasts', 'en:cereals-and-potatoes', 'en:cereals-and-their-products', 'en:breakfast-cereals', 'en:flakes', 'en:cereal-flakes', 'en:extruded-cereals', 'en:extruded-flakes', 'en:corn-flakes']",d,https://images.openfoodfacts.org/images/products/334/743/191/3316/front_fr.11.400.jpg,L'Éléfàn,Grenoble,France,45.1750672,5.7304083,2023-11-27T11:44:33.555504Z
291,3347431924022,9.1,False,,EUR,2023-11-27,,Flocons De Châtaigne,"Moulin des Moines, Natur'line","['en:plant-based-foods-and-beverages', 'en:plant-based-foods', 'en:fruits-and-vegetables-based-foods', 'en:breakfasts', 'en:cereals-and-potatoes', 'en:cereals-and-their-products', 'en:breakfast-cereals', 'en:flakes', 'fr:flocons-de-chataigne']",c,https://images.openfoodfacts.org/images/products/334/743/192/4022/front_fr.14.400.jpg,L'Éléfàn,Grenoble,France,45.1750672,5.7304083,2023-11-27T11:44:34.735720Z
292,3347431930313,3.5,False,,EUR,2023-11-27,,Muesli quinoa chocolat,Naturaline,"['en:plant-based-foods-and-beverages', 'en:plant-based-foods', 'en:breakfasts', 'en:cereals-and-potatoes', 'en:cereals-and-their-products', 'en:breakfast-cereals', 'en:chocolate-cereals', 'en:mueslis', 'en:mueslis-with-chocolate']",a,https://images.openfoodfacts.org/images/products/334/743/193/0313/front_fr.44.400.jpg,L'Éléfàn,Grenoble,France,45.1750672,5.7304083,2023-11-27T11:44:35.909285Z
293,3347432021805,4.35,False,,EUR,2023-11-27,,CORNICHON AIGRE-DOUX FINS,Moulin Des Moines,"['en:plant-based-foods-and-beverages', 'en:plant-based-foods', 'en:fruits-and-vegetables-based-foods', 'en:canned-foods', 'en:vegetables-based-foods', 'en:canned-plant-based-foods', 'en:pickles', 'en:canned-vegetables', 'en:plant-based-pickles', 'en:pickled-vegetables', 'en:pickled-cucumbers', 'en:gherkins', 'en:gherkins-in-sweet-and-sour-sauce']",d,https://images.openfoodfacts.org/images/products/334/743/202/1805/front_fr.4.400.jpg,L'Éléfàn,Grenoble,France,45.1750672,5.7304083,2023-11-27T11:44:37.130979Z
294,3347432601304,2.22,False,,EUR,2023-11-27,,Terrine végétale potimarron curry,Moulin des moines,"['en:plant-based-foods-and-beverages', 'en:plant-based-foods', 'en:spreads', 'en:plant-based-spreads', 'en:plant-based-pates']",c,https://images.openfoodfacts.org/images/products/334/743/260/1304/front_fr.3.400.jpg,L'Éléfàn,Grenoble,France,45.1750672,5.7304083,2023-11-27T11:44:38.346125Z
295,3347432601403,2.22,False,,EUR,2023-11-27,,Terrine végétale Olives noires Bio,Moulin des moines,"['en:plant-based-foods-and-beverages', 'en:plant-based-foods', 'en:spreads', 'en:plant-based-spreads', 'en:plant-based-pates']",c,https://images.openfoodfacts.org/images/products/334/743/260/1403/front_fr.3.400.jpg,L'Éléfàn,Grenoble,France,45.1750672,5.7304083,2023-11-27T11:44:39.526696Z
296,3347432601700,2.22,False,,EUR,2023-11-27,,Terrine vegetale champignons,,"['en:plant-based-foods-and-beverages', 'en:plant-based-foods', 'en:spreads', 'en:plant-based-spreads', 'en:plant-based-pates']",c,https://images.openfoodfacts.org/images/products/334/743/260/1700/front_fr.10.400.jpg,L'Éléfàn,Grenoble,France,45.1750672,5.7304083,2023-11-27T11:44:40.713018Z
297,3347432601809,2.22,False,,EUR,2023-11-27,,Terrine végétale Provençale Bio,,"['en:plant-based-foods-and-beverages', 'en:plant-based-foods', 'en:spreads', 'en:plant-based-spreads', 'en:plant-based-pates']",c,https://images.openfoodfacts.org/images/products/334/743/260/1809/front_fr.8.400.jpg,L'Éléfàn,Grenoble,France,45.1750672,5.7304083,2023-11-27T11:44:41.888395Z
298,3347432601816,5.01,False,,EUR,2023-11-27,,,,[],,,L'Éléfàn,Grenoble,France,45.1750672,5.7304083,2023-11-27T11:44:43.068984Z
299,3347434889816,2.89,False,,EUR,2023-11-27,,Paella aux légumes,Moulin des moines,"['en:plant-based-foods-and-beverages', 'en:plant-based-foods', 'en:fruits-and-vegetables-based-foods', 'en:vegetables-based-foods', 'en:meals', 'en:vegetables', 'en:meals-with-meat', 'en:rice-dishes', 'en:paella']",b,https://images.openfoodfacts.org/images/products/334/743/488/9816/front_fr.15.400.jpg,L'Éléfàn,Grenoble,France,45.1750672,5.7304083,2023-11-27T11:44:44.239372Z
300,3347434889908,2.89,False,,EUR,2023-11-27,,3 lentilles aux légumes,naturaline,"['en:plant-based-foods-and-beverages', 'en:plant-based-foods', 'en:legumes-and-their-products', 'en:legumes', 'en:seeds', 'en:legume-seeds', 'en:pulses', 'en:lentils']",a,https://images.openfoodfacts.org/images/products/334/743/488/9908/front_fr.15.400.jpg,L'Éléfàn,Grenoble,France,45.1750672,5.7304083,2023-11-27T11:44:45.533363Z
301,3347436000233,9.18,False,,EUR,2023-11-27,,Éléphant chocolat au lait,Moulin des moines,"['en:snacks', 'en:sweet-snacks', 'en:cocoa-and-its-products', 'en:festive-foods', 'en:chocolates', 'en:milk-chocolates', 'en:easter-food']",e,https://images.openfoodfacts.org/images/products/334/743/600/0233/front_fr.3.400.jpg,L'Éléfàn,Grenoble,France,45.1750672,5.7304083,2023-11-27T11:44:56.760216Z
302,3347436002299,2.4,False,,EUR,2023-11-27,,,,[],,,L'Éléfàn,Grenoble,France,45.1750672,5.7304083,2023-11-27T11:44:57.934029Z
303,3347437054419,2.9,False,,EUR,2023-11-27,,Speculoos d'épeautre,Moulin des moines,"['en:snacks', 'en:sweet-snacks', 'en:biscuits-and-cakes', 'en:biscuits', 'en:speculoos']",e,https://images.openfoodfacts.org/images/products/334/743/705/4419/front_en.6.400.jpg,L'Éléfàn,Grenoble,France,45.1750672,5.7304083,2023-11-27T11:44:59.115398Z
304,3347437059315,4.34,False,,EUR,2023-11-27,,Madeleines with wholemeal spelt flour,"Moulin Des Moines, Naturline","['en:snacks', 'en:breakfasts', 'en:desserts', 'en:sweet-snacks', 'en:frozen-foods', 'en:biscuits-and-cakes', 'en:cakes', 'en:madeleines', 'en:sponge-cakes', 'en:long-madeleines', 'en:plain-madeleines']",d,https://images.openfoodfacts.org/images/products/334/743/705/9315/front_fr.26.400.jpg,L'Éléfàn,Grenoble,France,45.1750672,5.7304083,2023-11-27T11:45:00.292443Z
305,3347437756313,4.04,False,,EUR,2023-11-27,,Biscottes épeautre,Moulin des Moines,"['en:plant-based-foods-and-beverages', 'en:plant-based-foods', 'en:cereals-and-potatoes', 'en:breads', 'en:rusks', 'en:spelt-rusks']",d,https://images.openfoodfacts.org/images/products/334/743/775/6313/front_fr.34.400.jpg,L'Éléfàn,Grenoble,France,45.1750672,5.7304083,2023-11-27T11:45:01.478139Z
306,3347439517523,3.63,False,,EUR,2023-11-27,,Biscottes epeautre chataigne,Moulin des moines,"['en:plant-based-foods-and-beverages', 'en:plant-based-foods', 'en:cereals-and-potatoes', 'en:breads', 'en:rusks']",c,https://images.openfoodfacts.org/images/products/334/743/951/7523/front_fr.22.400.jpg,L'Éléfàn,Grenoble,France,45.1750672,5.7304083,2023-11-27T11:45:02.666970Z
307,3347439950016,2.77,False,,EUR,2023-11-27,,Vinaigre Doux de cidre Bio,Moulin Des Moines,"['en:condiments', 'en:vinegars', 'en:cider-vinegars', 'en:groceries']",not-applicable,https://images.openfoodfacts.org/images/products/334/743/995/0016/front_fr.23.400.jpg,L'Éléfàn,Grenoble,France,45.1750672,5.7304083,2023-11-27T11:45:03.845055Z
308,3347439950115,3.32,False,,EUR,2023-11-27,,Vinaigre de vin rouge bio,Moulin des moines,"['en:condiments', 'en:vinegars', 'en:wine-vinegars', 'en:red-wine-vinegars']",not-applicable,https://images.openfoodfacts.org/images/products/334/743/995/0115/front_fr.4.400.jpg,L'Éléfàn,Grenoble,France,45.1750672,5.7304083,2023-11-27T11:45:05.021708Z
309,3347439950245,3.3,False,,EUR,2023-11-27,,Gomasio,Moulin Des Moines,"['en:plant-based-foods-and-beverages', 'en:plant-based-foods', 'en:cereals-and-potatoes', 'en:condiments', 'en:seeds', 'en:cereals-and-their-products', 'en:cereal-grains', 'en:sesame', 'en:gomasio', 'en:toasted-sesame']",d,https://images.openfoodfacts.org/images/products/334/743/995/0245/front_fr.22.400.jpg,L'Éléfàn,Grenoble,France,45.1750672,5.7304083,2023-11-27T11:45:06.232457Z
310,3347439950269,9.36,False,,EUR,2023-11-27,,Huile de sesame,Moulin des moines,"['en:plant-based-foods-and-beverages', 'en:plant-based-foods', 'en:cereals-and-potatoes', 'en:fats', 'en:cereals-and-their-products', 'en:vegetable-fats', 'en:vegetable-oils', 'en:cereal-oils', 'en:sesame-oils']",c,https://images.openfoodfacts.org/images/products/334/743/995/0269/front_fr.18.400.jpg,L'Éléfàn,Grenoble,France,45.1750672,5.7304083,2023-11-27T11:45:07.408514Z
311,3347439950511,3.35,False,,EUR,2023-11-27,,Vinaigre De Vin Blanc,Moulin des moines,"['en:condiments', 'en:vinegars', 'en:wine-vinegars', 'en:white-wine-vinegars']",not-applicable,https://images.openfoodfacts.org/images/products/334/743/995/0511/front_fr.14.400.jpg,L'Éléfàn,Grenoble,France,45.1750672,5.7304083,2023-11-27T11:45:08.603497Z
312,3381661000330,30.5,False,,EUR,2023-11-27,,,,[],,,L'Éléfàn,Grenoble,France,45.1750672,5.7304083,2023-11-27T11:45:09.827538Z
313,3384630300103,5.37,False,,EUR,2023-11-27,,Petite tomme de chèvre,"Giralp,Laiterie du Mont-Aiguille","['en:dairies', 'en:fermented-foods', 'en:fermented-milk-products', 'en:cheeses', 'en:mountain-products', 'en:goat-cheeses', 'en:mountain-cheeses', 'en:tomme-cheese-from-cow-s-milk']",a,https://images.openfoodfacts.org/images/products/338/463/030/0103/front_fr.10.400.jpg,L'Éléfàn,Grenoble,France,45.1750672,5.7304083,2023-11-27T11:45:11.004555Z
314,3384630400469,2.12,False,,EUR,2023-11-27,,Yaourts aux citrons,,[],unknown,https://images.openfoodfacts.org/images/products/338/463/040/0469/front_fr.4.400.jpg,L'Éléfàn,Grenoble,France,45.1750672,5.7304083,2023-11-27T11:45:12.216200Z
315,3384630400605,2.95,False,,EUR,2023-11-27,,crème douce épaisse,Giralp,"['en:dairies', 'en:fermented-foods', 'en:fermented-milk-products', 'en:creams', 'en:fermented-creams', 'fr:cremes-fraiches']",d,https://images.openfoodfacts.org/images/products/338/463/040/0605/front_fr.3.400.jpg,L'Éléfàn,Grenoble,France,45.1750672,5.7304083,2023-11-27T11:45:13.455706Z
316,3384630420023,4.83,False,,EUR,2023-11-27,,Yaourt brebis,Giralp,"['en:dairies', 'en:fermented-foods', 'en:fermented-milk-products', 'en:desserts', 'en:dairy-desserts', 'en:fermented-dairy-desserts', 'en:yogurts', 'en:sheep-milk-yogurts']",a,https://images.openfoodfacts.org/images/products/338/463/042/0023/front_fr.22.400.jpg,L'Éléfàn,Grenoble,France,45.1750672,5.7304083,2023-11-27T11:45:14.710434Z
317,3384630420054,2.61,False,,EUR,2023-11-27,,Yaourt nature au lait des alpes,,[],unknown,https://images.openfoodfacts.org/images/products/338/463/042/0054/front_fr.4.400.jpg,L'Éléfàn,Grenoble,France,45.1750672,5.7304083,2023-11-27T11:45:15.885264Z
318,3384630420139,2.0,False,,EUR,2023-11-27,,Yaourt au lait des Alpes,,[],unknown,https://images.openfoodfacts.org/images/products/338/463/042/0139/front_fr.18.400.jpg,L'Éléfàn,Grenoble,France,45.1750672,5.7304083,2023-11-27T11:45:17.054051Z
319,3384630500299,0.9,False,,EUR,2023-11-27,,Yaourt au lait des Alpes myrtille,"giralp,Laiterie du Mont Aiguille","['en:dairies', 'en:fermented-foods', 'en:fermented-milk-products', 'en:desserts', 'en:dairy-desserts', 'en:fermented-dairy-desserts', 'en:fermented-dairy-desserts-with-fruits', 'en:yogurts', 'en:fruit-yogurts']",c,https://images.openfoodfacts.org/images/products/338/463/050/0299/front_fr.11.400.jpg,L'Éléfàn,Grenoble,France,45.1750672,5.7304083,2023-11-27T11:45:18.227030Z
320,3384630500404,4.38,False,,EUR,2023-11-27,,Petite tomme bio du Trièves,"Giralp, Laiterie du Mont-Aiguille","['en:dairies', 'en:fermented-foods', 'en:fermented-milk-products', 'en:cheeses', 'en:mountain-products', 'en:mountain-cheeses', 'en:tomme-cheese-from-cow-s-milk']",d,https://images.openfoodfacts.org/images/products/338/463/050/0404/front_fr.3.400.jpg,L'Éléfàn,Grenoble,France,45.1750672,5.7304083,2023-11-27T11:45:19.395897Z
321,3384630526473,4.38,False,,EUR,2023-11-27,,Le Trois Pis 45% mg,Laiterie du Mont Aiguille,"['en:dairies', 'en:fermented-foods', 'en:fermented-milk-products', 'en:cheeses']",e,https://images.openfoodfacts.org/images/products/338/463/052/6473/front_fr.5.400.jpg,L'Éléfàn,Grenoble,France,45.1750672,5.7304083,2023-11-27T11:45:20.579646Z
322,3384635137407,3.83,False,,EUR,2023-11-27,,Fromage blanc au lait entier 40% 6 x,,[],unknown,,L'Éléfàn,Grenoble,France,45.1750672,5.7304083,2023-11-27T11:45:21.748349Z
323,3384638914234,4.5,False,,EUR,2023-11-27,,Chevrette du Trièves,"Laiterie du Mont-Aiguille,GirAlp","['en:dairies', 'en:fermented-foods', 'en:fermented-milk-products', 'en:cheeses', 'en:goat-cheeses', 'en:thermised-milk-cheeses']",c,https://images.openfoodfacts.org/images/products/338/463/891/4234/front_fr.13.400.jpg,L'Éléfàn,Grenoble,France,45.1750672,5.7304083,2023-11-27T11:45:22.920944Z
324,3390390001259,8.88,False,,EUR,2023-11-27,,Pâte à tartiner chocolade sans lait,Jean Hervé,"['en:breakfasts', 'en:spreads', 'en:sweet-spreads', 'fr:pates-a-tartiner', 'en:hazelnut-spreads', 'en:chocolate-spreads', 'en:cocoa-and-hazelnuts-spreads']",d,https://images.openfoodfacts.org/images/products/339/039/000/1259/front_fr.33.400.jpg,L'Éléfàn,Grenoble,France,45.1750672,5.7304083,2023-11-27T11:45:24.094186Z
325,3390390001273,16.1,False,,EUR,2023-11-27,,Pâte à tartiner chocolade sans lait 50% de fruits secs,Jean Hervé,"['en:breakfasts', 'en:spreads', 'en:sweet-spreads', 'fr:pates-a-tartiner', 'en:hazelnut-spreads', 'en:chocolate-spreads', 'en:cocoa-and-hazelnuts-spreads']",d,https://images.openfoodfacts.org/images/products/339/039/000/1273/front_fr.19.400.jpg,L'Éléfàn,Grenoble,France,45.1750672,5.7304083,2023-11-27T11:45:25.269878Z
326,3390390003161,4.92,False,,EUR,2023-11-27,,Caroube,Jean herve,"['en:breakfasts', 'en:spreads', 'en:sweet-spreads', 'fr:pates-a-tartiner', 'en:carob-spreads']",c,https://images.openfoodfacts.org/images/products/339/039/000/3161/front_fr.21.400.jpg,L'Éléfàn,Grenoble,France,45.1750672,5.7304083,2023-11-27T11:45:26.438302Z
327,3390390005738,6.86,False,,EUR,2023-11-27,,Pâte à Tartiner Chocolade,Jean Hervé,"['en:breakfasts', 'en:spreads', 'en:sweet-spreads', 'fr:pates-a-tartiner', 'en:hazelnut-spreads', 'en:chocolate-spreads', 'en:cocoa-and-hazelnuts-spreads']",e,https://images.openfoodfacts.org/images/products/339/039/000/5738/front_fr.34.400.jpg,L'Éléfàn,Grenoble,France,45.1750672,5.7304083,2023-11-27T11:45:27.610760Z
328,3390390006087,14.13,False,,EUR,2023-11-27,,Pâte à tartiner - Chocolade Sans Huile de Palme,Jean Hervé,"['en:breakfasts', 'en:spreads', 'en:sweet-spreads', 'fr:pates-a-tartiner', 'en:hazelnut-spreads', 'en:chocolate-spreads', 'en:cocoa-and-hazelnuts-spreads']",e,https://images.openfoodfacts.org/images/products/339/039/000/6087/front_fr.16.400.jpg,L'Éléfàn,Grenoble,France,45.1750672,5.7304083,2023-11-27T11:45:28.791554Z
329,3412654531232,5.41,False,,EUR,2023-11-27,,,,[],,,L'Éléfàn,Grenoble,France,45.1750672,5.7304083,2023-11-27T11:45:29.964794Z
330,3413880041051,1.71,False,,EUR,2023-11-27,,Clou de girofle,Artisans du Monde,"['en:plant-based-foods-and-beverages', 'en:plant-based-foods', 'en:condiments', 'en:spices', 'en:cloves', 'en:groceries']",not-applicable,https://images.openfoodfacts.org/images/products/341/388/004/1051/front_fr.23.400.jpg,L'Éléfàn,Grenoble,France,45.1750672,5.7304083,2023-11-27T11:45:31.140101Z
331,3413880041075,1.19,False,,EUR,2023-11-27,,,,[],,,L'Éléfàn,Grenoble,France,45.1750672,5.7304083,2023-11-27T11:45:32.316605Z
332,3413880041471,2.27,False,,EUR,2023-11-27,,Bâtons de cannelle,Artisans du Monde,"['en:plant-based-foods-and-beverages', 'en:plant-based-foods', 'en:condiments', 'en:spices', 'en:cinnamon', 'en:cinnamon-sticks', 'en:groceries']",not-applicable,https://images.openfoodfacts.org/images/products/341/388/004/1471/front_fr.6.400.jpg,L'Éléfàn,Grenoble,France,45.1750672,5.7304083,2023-11-27T11:45:33.491636Z
333,3413880042225,5.41,False,,EUR,2023-11-27,,Sauce curry noix de cajou,MERCATO ALTRO,"['en:condiments', 'en:sauces', 'en:curry-sauces', 'en:groceries', 'fr:sauces-curry-noix-de-cajou']",e,https://images.openfoodfacts.org/images/products/341/388/004/2225/front_fr.4.400.jpg,L'Éléfàn,Grenoble,France,45.1750672,5.7304083,2023-11-27T11:45:34.677258Z
334,3413880081057,3.53,False,,EUR,2023-11-27,,Boulgour De Blé Dur Concassé Précuit,Artisans du Monde,"['en:plant-based-foods-and-beverages', 'en:plant-based-foods', 'en:cereals-and-potatoes', 'en:cereals-and-their-products', 'en:groats', 'en:wheat-groats', 'en:bulgur']",a,https://images.openfoodfacts.org/images/products/341/388/008/1057/front_fr.4.400.jpg,L'Éléfàn,Grenoble,France,45.1750672,5.7304083,2023-11-27T11:45:35.854763Z
335,3413880081408,5.25,False,,EUR,2023-11-27,,Chia Noir,Artisans Du Monde,"['en:plant-based-foods-and-beverages', 'en:plant-based-foods', 'en:cereals-and-potatoes', 'en:seeds', 'en:cereals-and-their-products', 'en:cereal-grains', 'en:chia']",a,https://images.openfoodfacts.org/images/products/341/388/008/1408/front_fr.31.400.jpg,L'Éléfàn,Grenoble,France,45.1750672,5.7304083,2023-11-27T11:45:37.026574Z
336,3413880082214,2.9,False,,EUR,2023-11-27,,Riz thaï jasmin Hom Mali,Artisans du Monde,"['en:plant-based-foods-and-beverages', 'en:plant-based-foods', 'en:cereals-and-potatoes', 'en:seeds', 'en:cereals-and-their-products', 'en:cereal-grains', 'en:rices', 'en:aromatic-rices', 'en:indica-rices', 'en:long-grain-rices', 'en:jasmine-rice', 'en:white-rices', 'en:white-jasmine-rices']",c,https://images.openfoodfacts.org/images/products/341/388/008/2214/front_fr.7.400.jpg,L'Éléfàn,Grenoble,France,45.1750672,5.7304083,2023-11-27T11:45:38.222442Z
337,3413880082221,2.91,False,,EUR,2023-11-27,,Riz thaï jasmin,Artisans du Monde,"['en:plant-based-foods-and-beverages', 'en:plant-based-foods', 'en:cereals-and-potatoes', 'en:seeds', 'en:cereals-and-their-products', 'en:cereal-grains', 'en:rices', 'en:aromatic-rices', 'en:indica-rices', 'en:long-grain-rices', 'en:jasmine-rice']",b,https://images.openfoodfacts.org/images/products/341/388/008/2221/front_fr.25.400.jpg,L'Éléfàn,Grenoble,France,45.1750672,5.7304083,2023-11-27T11:45:39.404774Z
338,3413880082481,3.32,False,,EUR,2023-11-27,,Riz basmati,Artisans du Monde,"['en:plant-based-foods-and-beverages', 'en:plant-based-foods', 'en:cereals-and-potatoes', 'en:seeds', 'en:cereals-and-their-products', 'en:cereal-grains', 'en:rices', 'en:aromatic-rices', 'en:indica-rices', 'en:long-grain-rices', 'en:white-rices', 'en:basmati-rices', 'en:white-basmati-rices']",b,https://images.openfoodfacts.org/images/products/341/388/008/2481/front_fr.8.400.jpg,L'Éléfàn,Grenoble,France,45.1750672,5.7304083,2023-11-27T11:45:40.679772Z
339,3414170006002,8.45,False,,EUR,2023-11-27,,Reblochon de Savoie au lait cru,Fruitieres chabert,"['en:dairies', 'en:fermented-foods', 'en:fermented-milk-products', 'en:cheeses', 'en:cow-cheeses', 'en:french-cheeses', 'en:uncooked-pressed-cheeses', 'en:reblochon', 'fr:fromages-aop']",d,https://images.openfoodfacts.org/images/products/341/417/000/6002/front_fr.11.400.jpg,L'Éléfàn,Grenoble,France,45.1750672,5.7304083,2023-11-27T11:45:41.947936Z
340,3414170006019,3.43,False,,EUR,2023-11-27,,Beurre de Savoie,Fruitières Chabert,"['en:dairies', 'en:fats', 'en:spreads', 'en:spreadable-fats', 'en:animal-fats', 'en:dairy-spreads', 'en:milkfat', 'en:butters', 'en:sweet-cream-butters']",e,https://images.openfoodfacts.org/images/products/341/417/000/6019/front_fr.34.400.jpg,L'Éléfàn,Grenoble,France,45.1750672,5.7304083,2023-11-27T11:45:43.150896Z
341,3414170009744,6.95,False,,EUR,2023-11-27,,Vacherin de montagne au lait cru,"Chabert, Fromagerie Chabert, Fruitières Chabert","['en:dairies', 'en:fermented-foods', 'en:fermented-milk-products', 'en:cheeses', 'en:cow-cheeses', 'en:uncooked-pressed-cheeses', 'en:unpasteurised-cheeses', 'en:pasteurized-cheeses', 'en:vacherins', 'fr:fromages-de-savoie']",d,https://images.openfoodfacts.org/images/products/341/417/000/9744/front_fr.38.400.jpg,L'Éléfàn,Grenoble,France,45.1750672,5.7304083,2023-11-27T11:45:44.329241Z
342,3414170010481,5.65,False,,EUR,2023-11-27,,tome des bauges au lait cru,"Chabert, Fromagerie Chabert, Fruitières Chabert","['en:dairies', 'en:fermented-foods', 'en:fermented-milk-products', 'en:cheeses', 'en:cow-cheeses', 'en:french-cheeses', 'en:uncooked-pressed-cheeses', 'en:unpasteurised-cheeses']",d,https://images.openfoodfacts.org/images/products/341/417/001/0481/front_fr.4.400.jpg,L'Éléfàn,Grenoble,France,45.1750672,5.7304083,2023-11-27T11:45:45.511682Z
343,3414170010870,5.08,False,,EUR,2023-11-27,,Abondance AOP,Chabert,"['en:dairies', 'en:fermented-foods', 'en:fermented-milk-products', 'en:cheeses', 'en:french-cheeses', 'en:abondance']",d,https://images.openfoodfacts.org/images/products/341/417/001/0870/front_fr.4.400.jpg,L'Éléfàn,Grenoble,France,45.1750672,5.7304083,2023-11-27T11:45:46.695097Z
344,3414170010887,6.77,False,,EUR,2023-11-27,,Beaufort,Chabert,"['en:dairies', 'en:fermented-foods', 'en:fermented-milk-products', 'en:cheeses', 'en:hard-cheeses', 'en:french-cheeses', 'en:beaufort']",d,https://images.openfoodfacts.org/images/products/341/417/001/0887/front_fr.17.400.jpg,L'Éléfàn,Grenoble,France,45.1750672,5.7304083,2023-11-27T11:45:47.898878Z
345,3414170010993,6.65,False,,EUR,2023-11-27,,Raclette de Savoie,Chabert,"['en:dairies', 'en:fermented-foods', 'en:fermented-milk-products', 'en:cheeses', 'en:french-cheeses', 'en:unpasteurised-cheeses', 'en:raclette', 'fr:raclette-de-savoie']",d,https://images.openfoodfacts.org/images/products/341/417/001/0993/front_fr.13.400.jpg,L'Éléfàn,Grenoble,France,45.1750672,5.7304083,2023-11-27T11:45:49.091344Z
346,3414170011082,6.99,False,,EUR,2023-11-27,,Fondue aux 4 fromages,Fruitières Chabert,"['en:dairies', 'en:fermented-foods', 'en:fermented-milk-products', 'en:cheeses', 'en:grated-cheese', 'en:grated-cheeses-for-fondue']",d,https://images.openfoodfacts.org/images/products/341/417/001/1082/front_fr.35.400.jpg,L'Éléfàn,Grenoble,France,45.1750672,5.7304083,2023-11-27T11:45:50.269343Z
347,3414170011334,14.25,False,,EUR,2023-11-27,,Raclette de Savoie,Chabert,"['en:dairies', 'en:fermented-foods', 'en:fermented-milk-products', 'en:cheeses', 'en:french-cheeses', 'en:unpasteurised-cheeses', 'en:raclette', 'fr:raclette-de-savoie', 'fr:fromages-a-raclette']",d,https://images.openfoodfacts.org/images/products/341/417/001/1334/front_fr.7.400.jpg,L'Éléfàn,Grenoble,France,45.1750672,5.7304083,2023-11-27T11:45:51.459852Z
348,3414170011556,5.08,False,,EUR,2023-11-27,,Gruyere AOC 35%MG FRUITIERE CHABERT,"Fruitieres chabert,chabert","['en:dairies', 'en:fermented-foods', 'en:fermented-milk-products', 'en:cheeses', 'en:french-cheeses']",d,https://images.openfoodfacts.org/images/products/341/417/001/1556/front_fr.7.400.jpg,L'Éléfàn,Grenoble,France,45.1750672,5.7304083,2023-11-27T11:45:52.629115Z
349,3414170012355,15.17,False,,EUR,2023-11-27,,Fondue aux 4 fromages de Savoie,Fromagerie Chabert,"['en:dairies', 'en:fermented-foods', 'en:fermented-milk-products', 'en:cheeses', 'en:grated-cheese', 'en:grated-cheeses-for-fondue', 'fr:fondues']",d,https://images.openfoodfacts.org/images/products/341/417/001/2355/front_fr.4.400.jpg,L'Éléfàn,Grenoble,France,45.1750672,5.7304083,2023-11-27T11:45:53.815083Z
350,3423182102008,2.57,False,,EUR,2023-11-27,,Pur Jus de Pomme,Thomas Le Prince,"['en:plant-based-foods-and-beverages', 'en:beverages', 'en:plant-based-beverages', 'en:fruit-based-beverages', 'en:juices-and-nectars', 'en:fruit-juices', 'en:unsweetened-beverages', 'en:apple-juices', 'en:squeezed-juices', 'en:squeezed-apple-juices']",c,https://images.openfoodfacts.org/images/products/342/318/210/2008/front_fr.96.400.jpg,L'Éléfàn,Grenoble,France,45.1750672,5.7304083,2023-11-27T11:45:54.992639Z
351,3423182102015,3.23,False,,EUR,2023-11-27,,Pur jus de Pomme bio,Thomas le Prince,"['en:plant-based-foods-and-beverages', 'en:beverages', 'en:plant-based-beverages', 'en:fruit-based-beverages', 'en:juices-and-nectars', 'en:fruit-juices', 'en:unsweetened-beverages', 'en:apple-juices', 'en:squeezed-juices', 'en:squeezed-apple-juices']",c,https://images.openfoodfacts.org/images/products/342/318/210/2015/front_fr.16.400.jpg,L'Éléfàn,Grenoble,France,45.1750672,5.7304083,2023-11-27T11:46:06.239429Z
352,3423182102107,2.73,False,,EUR,2023-11-27,,Jus Poire des alpes,Thomas le prince,"['en:plant-based-foods-and-beverages', 'en:beverages', 'en:plant-based-beverages', 'en:fruit-based-beverages', 'en:juices-and-nectars', 'en:fruit-juices', 'en:pear-juices', 'nl:pure-perensappen']",d,https://images.openfoodfacts.org/images/products/342/318/210/2107/front_fr.6.400.jpg,L'Éléfàn,Grenoble,France,45.1750672,5.7304083,2023-11-27T11:46:07.471459Z
353,3423182102213,3.44,False,,EUR,2023-11-27,,Thomas le prince pur jus pomme poire bio,"Le Prince, Thomas le prince","['en:beverages-and-beverages-preparations', 'en:plant-based-foods-and-beverages', 'en:beverages', 'en:plant-based-beverages', 'en:fruit-based-beverages', 'en:juices-and-nectars', 'en:fruit-juices', 'en:unsweetened-beverages', 'en:apple-juices', 'en:squeezed-fruit-juices', 'fr:jus-de-pomme-poire']",c,https://images.openfoodfacts.org/images/products/342/318/210/2213/front_fr.20.400.jpg,L'Éléfàn,Grenoble,France,45.1750672,5.7304083,2023-11-27T11:46:08.649611Z
354,3423182102404,2.84,False,,EUR,2023-11-27,,100 % pur jus pomme framboise,Thomas le Prince,"['en:plant-based-foods-and-beverages', 'en:beverages', 'en:plant-based-beverages', 'en:fruit-based-beverages', 'en:juices-and-nectars', 'en:fruit-juices', 'en:multifruit-juices', 'en:squeezed-juices']",c,https://images.openfoodfacts.org/images/products/342/318/210/2404/front_fr.13.400.jpg,L'Éléfàn,Grenoble,France,45.1750672,5.7304083,2023-11-27T11:46:09.830678Z
355,3423182102411,4.15,False,,EUR,2023-11-27,,pur jus pomme framboise bio,Thomas Le Prince,"['en:plant-based-foods-and-beverages', 'en:beverages', 'en:plant-based-beverages', 'en:fruit-based-beverages', 'en:juices-and-nectars', 'en:fruit-juices', 'en:multifruit-juices']",d,https://images.openfoodfacts.org/images/products/342/318/210/2411/front_fr.26.400.jpg,L'Éléfàn,Grenoble,France,45.1750672,5.7304083,2023-11-27T11:46:11.018354Z
356,3423182103012,2.7,False,,EUR,2023-11-27,,Thomas le Prince nectar d'abricot bouteille verre,Thomas Le Prince,"['en:plant-based-foods-and-beverages', 'en:beverages', 'en:plant-based-beverages', 'en:fruit-based-beverages', 'en:juices-and-nectars', 'en:fruit-nectars', 'en:apricot-nectars']",e,https://images.openfoodfacts.org/images/products/342/318/210/3012/front_fr.20.400.jpg,L'Éléfàn,Grenoble,France,45.1750672,5.7304083,2023-11-27T11:46:12.223753Z
357,3423182103029,2.7,False,,EUR,2023-11-27,,Pêche Jaune de la Drôme Ardèche,Thomas Le Prince,"['en:plant-based-foods-and-beverages', 'en:beverages', 'en:plant-based-beverages', 'en:fruit-based-beverages', 'en:juices-and-nectars', 'en:fruit-nectars', 'en:peach-nectars']",e,https://images.openfoodfacts.org/images/products/342/318/210/3029/front_fr.5.400.jpg,L'Éléfàn,Grenoble,France,45.1750672,5.7304083,2023-11-27T11:46:13.394711Z
358,3423182103043,2.7,False,,EUR,2023-11-27,,Poire williams de haute savoie,Thomas Le Prince,"['en:plant-based-foods-and-beverages', 'en:plant-based-foods', 'en:fruits-and-vegetables-based-foods', 'en:fruits-based-foods']",a,,L'Éléfàn,Grenoble,France,45.1750672,5.7304083,2023-11-27T11:46:14.572723Z
359,3423182103807,2.64,False,,EUR,2023-11-27,,Thomas Le Prince purs jus de raisin blanc,Thomas le prince,['en:beverages'],e,,L'Éléfàn,Grenoble,France,45.1750672,5.7304083,2023-11-27T11:46:15.765364Z
360,3423182103906,2.64,False,,EUR,2023-11-27,,Jus De Raisin Noir,Thomas Le Prince,"['en:plant-based-foods-and-beverages', 'en:beverages', 'en:plant-based-beverages', 'en:fruit-based-beverages', 'en:juices-and-nectars', 'en:fruit-juices', 'en:grape-juices']",e,https://images.openfoodfacts.org/images/products/342/318/210/3906/front_fr.13.400.jpg,L'Éléfàn,Grenoble,France,45.1750672,5.7304083,2023-11-27T11:46:16.944465Z
361,3423182104019,3.27,False,,EUR,2023-11-27,,Cidre doux de Savoie,Thomas Le Prince,"['en:beverages-and-beverages-preparations', 'en:beverages', 'en:alcoholic-beverages', 'en:ciders', 'en:sweet-ciders']",not-applicable,https://images.openfoodfacts.org/images/products/342/318/210/4019/front_fr.10.400.jpg,L'Éléfàn,Grenoble,France,45.1750672,5.7304083,2023-11-27T11:46:18.125024Z
362,3423182104026,3.27,False,,EUR,2023-11-27,,Cidre brut,Thomas Le Prince,"['en:beverages', 'en:alcoholic-beverages', 'en:ciders', 'en:dry-ciders']",not-applicable,https://images.openfoodfacts.org/images/products/342/318/210/4026/front_fr.3.400.jpg,L'Éléfàn,Grenoble,France,45.1750672,5.7304083,2023-11-27T11:46:19.308235Z
363,3423182114001,3.96,False,,EUR,2023-11-27,,Cidre bio,Thomas Le Prince,"['en:beverages', 'en:alcoholic-beverages', 'en:ciders']",not-applicable,https://images.openfoodfacts.org/images/products/342/318/211/4001/front_fr.12.400.jpg,L'Éléfàn,Grenoble,France,45.1750672,5.7304083,2023-11-27T11:46:20.487951Z
364,3423182502006,9.73,False,,EUR,2023-11-27,,100% Pur jus de pommes 5L,Thomas Le Prince,"['en:plant-based-foods-and-beverages', 'en:beverages', 'en:plant-based-beverages', 'en:fruit-based-beverages', 'en:juices-and-nectars', 'en:fruit-juices', 'en:unsweetened-beverages', 'en:apple-juices', 'en:squeezed-juices', 'en:squeezed-apple-juices']",c,https://images.openfoodfacts.org/images/products/342/318/250/2006/front_fr.4.400.jpg,L'Éléfàn,Grenoble,France,45.1750672,5.7304083,2023-11-27T11:46:21.701205Z
365,3423182502013,14.9,False,,EUR,2023-11-27,,100% pur jus de pomme bio 5L,Thomas Le Prince,"['en:beverages-and-beverages-preparations', 'en:plant-based-foods-and-beverages', 'en:beverages', 'en:plant-based-beverages', 'en:fruit-based-beverages', 'en:juices-and-nectars', 'en:fruit-juices', 'en:unsweetened-beverages', 'en:apple-juices', 'en:squeezed-juices', 'en:squeezed-apple-juices']",c,https://images.openfoodfacts.org/images/products/342/318/250/2013/front_fr.10.400.jpg,L'Éléfàn,Grenoble,France,45.1750672,5.7304083,2023-11-27T11:46:22.995619Z
366,3423182502402,13.41,False,,EUR,2023-11-27,,Pur jus pomme framboise,Thomas Le Prince,[],unknown,https://images.openfoodfacts.org/images/products/342/318/250/2402/front_fr.4.400.jpg,L'Éléfàn,Grenoble,France,45.1750672,5.7304083,2023-11-27T11:46:24.176626Z
367,3423183280118,2.94,False,,EUR,2023-11-27,,Confiture extra fraise bio,Thomas le prince,"['en:plant-based-foods-and-beverages', 'en:plant-based-foods', 'en:fruits-and-vegetables-based-foods', 'en:breakfasts', 'en:spreads', 'en:fruits-based-foods', 'en:plant-based-spreads', 'en:sweet-spreads', 'en:fruit-and-vegetable-preserves', 'en:jams', 'en:berry-jams', 'en:strawberry-jams']",d,https://images.openfoodfacts.org/images/products/342/318/328/0118/front_fr.15.400.jpg,L'Éléfàn,Grenoble,France,45.1750672,5.7304083,2023-11-27T11:46:25.360469Z
368,3423183280217,3.52,False,,EUR,2023-11-27,,Framboise Bio,Thomas Le Prince,"['en:plant-based-foods-and-beverages', 'en:plant-based-foods', 'en:breakfasts', 'en:spreads', 'en:plant-based-spreads', 'en:sweet-spreads', 'en:fruit-and-vegetable-preserves', 'en:jams', 'en:berry-jams', 'en:raspberry-jams']",d,https://images.openfoodfacts.org/images/products/342/318/328/0217/front_fr.19.400.jpg,L'Éléfàn,Grenoble,France,45.1750672,5.7304083,2023-11-27T11:46:26.541672Z
369,3423183280415,2.94,False,,EUR,2023-11-27,,Confiture fraise et rhubarbe,Thomas Le Prince,"['en:plant-based-foods-and-beverages', 'en:plant-based-foods', 'en:fruits-and-vegetables-based-foods', 'en:breakfasts', 'en:spreads', 'en:fruits-based-foods', 'en:plant-based-spreads', 'en:sweet-spreads', 'en:fruit-and-vegetable-preserves', 'en:jams', 'en:mixed-fruit-jams']",d,https://images.openfoodfacts.org/images/products/342/318/328/0415/front_fr.4.400.jpg,L'Éléfàn,Grenoble,France,45.1750672,5.7304083,2023-11-27T11:46:27.720734Z
370,3423183280712,3.03,False,,EUR,2023-11-27,,Confiture extra abricot bio,Thomas le prince,"['en:plant-based-foods-and-beverages', 'en:plant-based-foods', 'en:fruits-and-vegetables-based-foods', 'en:breakfasts', 'en:spreads', 'en:fruits-based-foods', 'en:plant-based-spreads', 'en:sweet-spreads', 'en:fruit-and-vegetable-preserves', 'en:jams', 'en:apricot-jams']",d,https://images.openfoodfacts.org/images/products/342/318/328/0712/front_fr.4.400.jpg,L'Éléfàn,Grenoble,France,45.1750672,5.7304083,2023-11-27T11:46:28.892058Z
371,3423183280729,10.22,False,,EUR,2023-11-27,,,,[],,,L'Éléfàn,Grenoble,France,45.1750672,5.7304083,2023-11-27T11:46:30.065220Z
372,3423183281115,2.94,False,,EUR,2023-11-27,,Confiture cassis bio,Thomas le Prince,"['en:plant-based-foods-and-beverages', 'en:plant-based-foods', 'en:fruits-and-vegetables-based-foods', 'en:breakfasts', 'en:spreads', 'en:fruits-based-foods', 'en:plant-based-spreads', 'en:sweet-spreads', 'en:fruit-and-vegetable-preserves', 'en:jams', 'en:berry-jams', 'en:blackcurrant-jams']",d,https://images.openfoodfacts.org/images/products/342/318/328/1115/front_fr.21.400.jpg,L'Éléfàn,Grenoble,France,45.1750672,5.7304083,2023-11-27T11:46:31.313418Z
373,3423183283409,2.94,False,,EUR,2023-11-27,,Pomme caramel beurre salé bio,Thomas Le Prince,"['en:plant-based-foods-and-beverages', 'en:plant-based-foods', 'en:snacks', 'en:breakfasts', 'en:spreads', 'en:sweet-snacks', 'en:confectioneries', 'en:plant-based-spreads', 'en:sweet-spreads', 'en:fruit-and-vegetable-preserves', 'en:jams', 'en:apple-jams', 'en:caramels', 'en:salted-butter-caramels']",e,https://images.openfoodfacts.org/images/products/342/318/328/3409/front_fr.4.400.jpg,L'Éléfàn,Grenoble,France,45.1750672,5.7304083,2023-11-27T11:46:32.632796Z
374,3423183300304,2.82,False,,EUR,2023-11-27,,Confiture de myrtille,Thomas Le Prince,"['en:plant-based-foods-and-beverages', 'en:plant-based-foods', 'en:fruits-and-vegetables-based-foods', 'en:breakfasts', 'en:spreads', 'en:fruits-based-foods', 'en:plant-based-spreads', 'en:sweet-spreads', 'en:fruit-and-vegetable-preserves', 'en:jams', 'en:berry-jams', 'en:bilberries-jams']",d,https://images.openfoodfacts.org/images/products/342/318/330/0304/front_fr.12.400.jpg,L'Éléfàn,Grenoble,France,45.1750672,5.7304083,2023-11-27T11:46:33.806395Z
375,3423183300700,2.3,False,,EUR,2023-11-27,,Confiture Abricot,Thomas Le Prince,"['en:plant-based-foods-and-beverages', 'en:plant-based-foods', 'en:fruits-and-vegetables-based-foods', 'en:breakfasts', 'en:spreads', 'en:fruits-based-foods', 'en:plant-based-spreads', 'en:sweet-spreads', 'en:fruit-and-vegetable-preserves', 'en:jams', 'en:apricot-jams']",unknown,https://images.openfoodfacts.org/images/products/342/318/330/0700/front_fr.3.400.jpg,L'Éléfàn,Grenoble,France,45.1750672,5.7304083,2023-11-27T11:46:34.993117Z
376,3423183300809,2.3,False,,EUR,2023-11-27,,Quetsche,Le Prince,"['en:plant-based-foods-and-beverages', 'en:plant-based-foods', 'en:fruits-and-vegetables-based-foods', 'en:breakfasts', 'en:spreads', 'en:fruits-based-foods', 'en:plant-based-spreads', 'en:sweet-spreads', 'en:fruit-and-vegetable-preserves', 'en:jams', 'en:plum-jams', 'en:dew-jams']",d,https://images.openfoodfacts.org/images/products/342/318/330/0809/front_fr.4.400.jpg,L'Éléfàn,Grenoble,France,45.1750672,5.7304083,2023-11-27T11:46:36.170069Z
377,3423183300908,2.3,False,,EUR,2023-11-27,,Confiture Fruits Rouges,Thomas Le Prince,"['en:plant-based-foods-and-beverages', 'en:plant-based-foods', 'en:fruits-and-vegetables-based-foods', 'en:breakfasts', 'en:spreads', 'en:fruits-based-foods', 'en:plant-based-spreads', 'en:sweet-spreads', 'en:fruit-and-vegetable-preserves', 'en:jams', 'en:berry-jams']",d,https://images.openfoodfacts.org/images/products/342/318/330/0908/front_fr.11.400.jpg,L'Éléfàn,Grenoble,France,45.1750672,5.7304083,2023-11-27T11:46:37.392957Z
378,3423183450221,6.99,False,,EUR,2023-11-27,,,,,,,L'Éléfàn,Grenoble,France,45.1750672,5.7304083,2023-11-27T11:46:38.569388Z
379,3423183450306,6.56,False,,EUR,2023-11-27,,Confiture de framboise,Thomas Le Prince,"['en:plant-based-foods-and-beverages', 'en:plant-based-foods', 'en:breakfasts', 'en:spreads', 'en:plant-based-spreads', 'en:sweet-spreads', 'en:fruit-and-vegetable-preserves', 'en:jams']",d,https://images.openfoodfacts.org/images/products/342/318/345/0306/front_fr.19.400.jpg,L'Éléfàn,Grenoble,France,45.1750672,5.7304083,2023-11-27T11:46:39.750662Z
380,3451515154707,5.41,False,,EUR,2023-11-27,,,,[],,,L'Éléfàn,Grenoble,France,45.1750672,5.7304083,2023-11-27T11:46:40.923467Z
381,3451515154714,5.41,False,,EUR,2023-11-27,,,,[],,,L'Éléfàn,Grenoble,France,45.1750672,5.7304083,2023-11-27T11:46:42.146917Z
382,3451515154738,5.41,False,,EUR,2023-11-27,,,,[],,,L'Éléfàn,Grenoble,France,45.1750672,5.7304083,2023-11-27T11:46:43.566838Z
383,3451515154745,5.94,False,,EUR,2023-11-27,,,,[],,,L'Éléfàn,Grenoble,France,45.1750672,5.7304083,2023-11-27T11:46:44.739787Z
384,3451515154752,5.94,False,,EUR,2023-11-27,,,,[],,,L'Éléfàn,Grenoble,France,45.1750672,5.7304083,2023-11-27T11:46:45.925264Z
385,3451515154769,5.94,False,,EUR,2023-11-27,,,,[],,,L'Éléfàn,Grenoble,France,45.1750672,5.7304083,2023-11-27T11:46:47.100098Z
386,3456300000825,3.15,False,,EUR,2023-11-27,,Câpres au vinaigre,Jardin bio,"['en:plant-based-foods-and-beverages', 'en:plant-based-foods', 'en:condiments', 'en:pickles', 'en:plant-based-pickles', 'en:pickled-capers']",d,https://images.openfoodfacts.org/images/products/345/630/000/0825/front_fr.20.400.jpg,L'Éléfàn,Grenoble,France,45.1750672,5.7304083,2023-11-27T11:46:48.279283Z
387,3456300000917,4.54,False,,EUR,2023-11-27,,Tomates séchées,Jardin bio,"['en:plant-based-foods-and-beverages', 'en:plant-based-foods', 'en:fruits-and-vegetables-based-foods', 'en:canned-foods', 'en:vegetables-based-foods', 'en:canned-plant-based-foods', 'en:canned-vegetables', 'en:dried-products', 'en:dried-plant-based-foods', 'en:tomatoes-and-their-products', 'en:dried-vegetables', 'en:dried-tomatoes']",a,https://images.openfoodfacts.org/images/products/345/630/000/0917/front_fr.23.400.jpg,L'Éléfàn,Grenoble,France,45.1750672,5.7304083,2023-11-27T11:46:49.455568Z
388,3456300002508,3.71,False,,EUR,2023-11-27,,Pur jus de citron,"Jardin bio, Léa Nature","['en:plant-based-foods-and-beverages', 'en:beverages', 'en:plant-based-beverages', 'en:fruit-based-beverages', 'en:juices-and-nectars', 'en:fruit-juices', 'en:non-alcoholic-beverages', 'en:lemon-juice']",b,https://images.openfoodfacts.org/images/products/345/630/000/2508/front_en.117.400.jpg,L'Éléfàn,Grenoble,France,45.1750672,5.7304083,2023-11-27T11:46:50.635950Z
389,3456300003796,2.03,False,,EUR,2023-11-27,,Petits pois et jeunes carottes,Jardin bio,"['en:plant-based-foods-and-beverages', 'en:plant-based-foods', 'en:fruits-and-vegetables-based-foods', 'en:legumes-and-their-products', 'en:canned-foods', 'en:legumes', 'en:vegetables-based-foods', 'en:canned-plant-based-foods', 'en:canned-vegetables', 'en:canned-legumes', 'en:canned-peas-and-carrots']",a,https://images.openfoodfacts.org/images/products/345/630/000/3796/front_fr.29.400.jpg,L'Éléfàn,Grenoble,France,45.1750672,5.7304083,2023-11-27T11:46:51.826362Z
390,3456300003819,2.77,False,,EUR,2023-11-27,,Feves au naturel,Jardin Bio,"['en:plant-based-foods-and-beverages', 'en:plant-based-foods', 'en:fruits-and-vegetables-based-foods', 'en:legumes-and-their-products', 'en:canned-foods', 'en:legumes', 'en:vegetables-based-foods', 'en:canned-plant-based-foods', 'en:vegetables', 'en:canned-vegetables', 'en:canned-legumes', 'en:broad-beans', 'en:canned-broad-beans']",a,https://images.openfoodfacts.org/images/products/345/630/000/3819/front_fr.44.400.jpg,L'Éléfàn,Grenoble,France,45.1750672,5.7304083,2023-11-27T11:46:53.007327Z
391,3456300004106,2.24,False,,EUR,2023-11-27,,Tortillas Paprika,Jardin bio,"['en:snacks', 'en:salty-snacks', 'en:appetizers', 'en:chips-and-fries', 'en:crisps', 'en:corn-chips']",d,https://images.openfoodfacts.org/images/products/345/630/000/4106/front_fr.42.400.jpg,L'Éléfàn,Grenoble,France,45.1750672,5.7304083,2023-11-27T11:46:54.183732Z
392,3456300004120,2.88,False,,EUR,2023-11-27,,Velouté de petits champignons,"Jardin bio,Léa nature","['en:plant-based-foods-and-beverages', 'en:plant-based-foods', 'en:fruits-and-vegetables-based-foods', 'en:meals', 'en:soups', 'en:cream-soups', 'en:vegetable-soups', 'en:cream-of-vegetable-soups']",b,https://images.openfoodfacts.org/images/products/345/630/000/4120/front_fr.4.400.jpg,L'Éléfàn,Grenoble,France,45.1750672,5.7304083,2023-11-27T11:46:55.357632Z
393,3456300004281,2.82,False,,EUR,2023-11-27,,Préparation pour steaks veggie aux petits légumes,"Jardin Bio,Léa Nature","['en:plant-based-foods-and-beverages', 'en:plant-based-foods', 'en:meat-alternatives', 'en:meat-analogues', 'en:vegetarian-patties']",c,https://images.openfoodfacts.org/images/products/345/630/000/4281/front_fr.4.400.jpg,L'Éléfàn,Grenoble,France,45.1750672,5.7304083,2023-11-27T11:46:56.536272Z
394,3456300004298,2.82,False,,EUR,2023-11-27,,Préparation pour steaks veggie aux 3 céréales,Jardin bio,[],unknown,https://images.openfoodfacts.org/images/products/345/630/000/4298/front_fr.4.400.jpg,L'Éléfàn,Grenoble,France,45.1750672,5.7304083,2023-11-27T11:46:57.715353Z
395,3456300004311,2.24,False,,EUR,2023-11-27,,Chips lentilles,"Jardin Bio étic,Jardin bio,Léa Nature","['en:plant-based-foods-and-beverages', 'en:plant-based-foods', 'en:snacks', 'en:cereals-and-potatoes', 'en:salty-snacks', 'en:appetizers', 'en:chips-and-fries', 'en:crisps', 'en:potato-crisps', 'en:lentil-crisps']",c,https://images.openfoodfacts.org/images/products/345/630/000/4311/front_fr.84.400.jpg,L'Éléfàn,Grenoble,France,45.1750672,5.7304083,2023-11-27T11:46:58.890031Z
396,3456300004328,2.24,False,,EUR,2023-11-27,,Chips de lentilles aux petits oignons,Jardin bio,"['en:snacks', 'en:salty-snacks', 'en:appetizers', 'en:chips-and-fries', 'en:crisps', 'fr:chips-de-lentilles']",b,https://images.openfoodfacts.org/images/products/345/630/000/4328/front_fr.52.400.jpg,L'Éléfàn,Grenoble,France,45.1750672,5.7304083,2023-11-27T11:47:00.072099Z
397,3456300004380,1.91,False,,EUR,2023-11-27,,Sauce végetale façon bolognaise ail persil,Jardin Bio,[],unknown,https://images.openfoodfacts.org/images/products/345/630/000/4380/front_fr.6.400.jpg,L'Éléfàn,Grenoble,France,45.1750672,5.7304083,2023-11-27T11:47:01.252977Z
398,3456300004397,1.91,False,,EUR,2023-11-27,,Sauce Tomate Basilic Aux Protéines De Soja Bio Sans Gluten,Jardin Bio,"['en:condiments', 'en:sauces', 'en:tomato-sauces', 'en:groceries']",c,https://images.openfoodfacts.org/images/products/345/630/000/4397/front_fr.7.400.jpg,L'Éléfàn,Grenoble,France,45.1750672,5.7304083,2023-11-27T11:47:02.445863Z
399,3456300004625,8.89,False,,EUR,2023-11-27,,Huile de coco vierge,Jardin Bio,"['en:plant-based-foods-and-beverages', 'en:plant-based-foods', 'en:fats', 'en:vegetable-fats', 'en:vegetable-oils', 'en:fruit-and-fruit-seed-oils', 'en:coconut-oils', 'en:virgin-coconut-oils']",e,https://images.openfoodfacts.org/images/products/345/630/000/4625/front_fr.67.400.jpg,L'Éléfàn,Grenoble,France,45.1750672,5.7304083,2023-11-27T11:47:03.623065Z
400,3456300004717,3.18,False,,EUR,2023-11-27,,Sauce tomate cèpes,Jardin bio,"['en:plant-based-foods-and-beverages', 'en:plant-based-foods', 'en:fruits-and-vegetables-based-foods', 'en:canned-foods', 'en:vegetables-based-foods', 'en:canned-plant-based-foods', 'en:vegetables', 'en:canned-vegetables', 'en:tomatoes-and-their-products', 'en:tomatoes', 'en:canned-tomatoes']",a,https://images.openfoodfacts.org/images/products/345/630/000/4717/front_fr.14.400.jpg,L'Éléfàn,Grenoble,France,45.1750672,5.7304083,2023-11-27T11:47:04.806314Z
401,3456300006308,2.78,False,,EUR,2023-11-27,,Grainergie,Jardin Bio,"['en:plant-based-foods-and-beverages', 'en:plant-based-foods', 'en:snacks', 'en:sweet-snacks', 'en:nuts-and-their-products', 'en:bars', 'en:nut-bars']",b,https://images.openfoodfacts.org/images/products/345/630/000/6308/front_fr.4.400.jpg,L'Éléfàn,Grenoble,France,45.1750672,5.7304083,2023-11-27T11:47:16.059001Z
402,3456300007930,2.73,False,,EUR,2023-11-27,,Couscous poulet et curcuma,Jardin bio,"['en:meals', 'en:meals-with-meat', 'en:savory-semolina-dishes', 'en:poultry-meals', 'en:prepared-couscous', 'en:couscous-with-meat', 'en:meals-with-chicken', 'en:chicken-couscous']",b,https://images.openfoodfacts.org/images/products/345/630/000/7930/front_fr.392.400.jpg,L'Éléfàn,Grenoble,France,45.1750672,5.7304083,2023-11-27T11:47:17.246904Z
403,3456300007947,2.61,False,,EUR,2023-11-27,,Lentilles Quinoa Soja,Léa Nature,"['en:plant-based-foods-and-beverages', 'en:plant-based-foods', 'en:legumes-and-their-products', 'en:meals', 'en:plant-based-meals', 'fr:plats-prepares-a-base-de-lentilles']",b,https://images.openfoodfacts.org/images/products/345/630/000/7947/front_fr.4.400.jpg,L'Éléfàn,Grenoble,France,45.1750672,5.7304083,2023-11-27T11:47:18.425172Z
404,3456300007961,2.64,False,,EUR,2023-11-27,,Chili Végétal,"Jardin bio, Léa Nature","['en:plant-based-foods-and-beverages', 'en:plant-based-foods', 'en:canned-foods', 'en:meals', 'en:bean-dishes', 'en:canned-meals', 'en:plant-based-meals', 'en:chili-sin-carne']",a,https://images.openfoodfacts.org/images/products/345/630/000/7961/front_fr.41.400.jpg,L'Éléfàn,Grenoble,France,45.1750672,5.7304083,2023-11-27T11:47:19.603800Z
405,3456300007985,2.64,False,,EUR,2023-11-27,,Cappelletti aubergine,Jardin bio,"['en:canned-foods', 'en:meals', 'en:pasta-dishes', 'en:stuffed-pastas', 'en:canned-meals']",a,https://images.openfoodfacts.org/images/products/345/630/000/7985/front_fr.23.400.jpg,L'Éléfàn,Grenoble,France,45.1750672,5.7304083,2023-11-27T11:47:20.787655Z
406,3456300007992,2.99,False,,EUR,2023-11-27,,Ravioli chèvre et ciboulette,"Jardin bio, LÉA NATURE","['en:plant-based-foods-and-beverages', 'en:plant-based-foods', 'en:cereals-and-potatoes', 'en:cereals-and-their-products', 'en:meals', 'en:pasta-dishes', 'en:pastas', 'en:stuffed-pastas', 'en:ravioli', 'en:microwave-meals', 'en:pasta-stuffed-with-cheese', 'en:plant-based-meals', 'en:cheese-ravioli']",b,https://images.openfoodfacts.org/images/products/345/630/000/7992/front_fr.81.400.jpg,L'Éléfàn,Grenoble,France,45.1750672,5.7304083,2023-11-27T11:47:21.979147Z
407,3456300008425,3.05,False,,EUR,2023-11-27,,Tortillons sarrasin quinoa,"Jardin Bio,Léa Nature",['fr:specialite-cerealiere-a-base-de-mais'],a,https://images.openfoodfacts.org/images/products/345/630/000/8425/front_fr.4.400.jpg,L'Éléfàn,Grenoble,France,45.1750672,5.7304083,2023-11-27T11:47:23.148487Z
408,3456300008463,4.46,False,,EUR,2023-11-27,,Sauce tomate Provencale aux fines herbes,"Jardin bio, Léa Nature","['en:plant-based-foods-and-beverages', 'en:plant-based-foods', 'en:fruits-and-vegetables-based-foods', 'en:canned-foods', 'en:condiments', 'en:vegetables-based-foods', 'en:canned-plant-based-foods', 'en:vegetables', 'en:canned-vegetables', 'en:sauces', 'en:tomatoes-and-their-products', 'en:tomato-sauces', 'en:tomatoes', 'en:canned-tomatoes', 'en:provencale-sauces', 'fr:epicerie']",b,https://images.openfoodfacts.org/images/products/345/630/000/8463/front_fr.44.400.jpg,L'Éléfàn,Grenoble,France,45.1750672,5.7304083,2023-11-27T11:47:24.322590Z
409,3456300008494,7.27,False,,EUR,2023-11-27,,Puree de sesame Bio,Jardin bio,"['en:plant-based-foods-and-beverages', 'en:plant-based-foods', 'en:cereals-and-potatoes', 'en:spreads', 'en:cereals-and-their-products', 'en:plant-based-spreads', 'en:oilseed-purees', 'en:cereal-butters', 'en:tahini', 'en:white-tahini']",c,https://images.openfoodfacts.org/images/products/345/630/000/8494/front_fr.42.400.jpg,L'Éléfàn,Grenoble,France,45.1750672,5.7304083,2023-11-27T11:47:25.495538Z
410,3456300008500,2.31,False,,EUR,2023-11-27,,Sauce champignon à la crème fraîche,"Jardin Bio,Léa Nature","['en:condiments', 'en:sauces', 'en:cream-sauces-with-mushrooms', 'en:mushroom-sauces', 'en:groceries']",c,https://images.openfoodfacts.org/images/products/345/630/000/8500/front_fr.4.400.jpg,L'Éléfàn,Grenoble,France,45.1750672,5.7304083,2023-11-27T11:47:26.676565Z
411,3456300008999,3.03,False,,EUR,2023-11-27,,Tartines craquantes quinoa pois chiche,Jardin bio,"['en:plant-based-foods-and-beverages', 'en:plant-based-foods', 'en:snacks', 'en:cereals-and-potatoes', 'en:extruded-crispbreads']",b,https://images.openfoodfacts.org/images/products/345/630/000/8999/front_fr.65.400.jpg,L'Éléfàn,Grenoble,France,45.1750672,5.7304083,2023-11-27T11:47:27.859597Z
412,3456300009071,4.46,False,,EUR,2023-11-27,,Jardin Bio - Sauce tomate Basilic,"Jardin bio, Léa Nature","['en:plant-based-foods-and-beverages', 'en:plant-based-foods', 'en:fruits-and-vegetables-based-foods', 'en:canned-foods', 'en:condiments', 'en:vegetables-based-foods', 'en:canned-plant-based-foods', 'en:vegetables', 'en:canned-vegetables', 'en:sauces', 'en:tomatoes-and-their-products', 'en:meal-sauces', 'en:tomato-sauces', 'en:tomatoes', 'en:canned-tomatoes', 'en:tomato-sauces-with-basil', 'fr:epicerie']",b,https://images.openfoodfacts.org/images/products/345/630/000/9071/front_fr.30.400.jpg,L'Éléfàn,Grenoble,France,45.1750672,5.7304083,2023-11-27T11:47:29.031011Z
413,3456300009361,2.78,False,,EUR,2023-11-27,,Bouillon cube bœuf dégraissé,"Jardin bio,Léa Nature","['en:dried-products', 'en:dried-products-to-be-rehydrated', 'en:broths', 'en:dehydrated-broths', 'en:beef-broth', 'en:bouillon-cubes', 'en:broth-stock', 'en:groceries']",unknown,https://images.openfoodfacts.org/images/products/345/630/000/9361/front_fr.28.400.jpg,L'Éléfàn,Grenoble,France,45.1750672,5.7304083,2023-11-27T11:47:30.212698Z
414,3456300010503,2.99,False,,EUR,2023-11-27,,Riz cuisiné légumes et poulet,"Jardin Bio,Jardin biologique","['en:meals', 'en:meals-with-meat', 'en:rice-dishes', 'en:poultry-meals', 'en:meals-with-chicken', 'en:microwave-meals']",c,https://images.openfoodfacts.org/images/products/345/630/001/0503/front_fr.40.400.jpg,L'Éléfàn,Grenoble,France,45.1750672,5.7304083,2023-11-27T11:47:31.383917Z
415,3456300012415,5.41,False,,EUR,2023-11-27,,Boost Immunité,"Jardin bio, Léa Nature Jardin Bio",[],unknown,https://images.openfoodfacts.org/images/products/345/630/001/2415/front_fr.18.400.jpg,L'Éléfàn,Grenoble,France,45.1750672,5.7304083,2023-11-27T11:47:32.559605Z
416,3456300012569,4.01,False,,EUR,2023-11-27,,Dessert Biofruits® Pomme Fraise,"Jardin bio, Léa Nature","['en:plant-based-foods-and-beverages', 'en:plant-based-foods', 'en:fruits-and-vegetables-based-foods', 'en:desserts', 'en:fruits-based-foods', 'en:compotes', 'en:apple-compotes', 'en:fruits-puree-without-sugar-added', 'en:strawberry-applesauces', 'fr:compotes-sans-sucres']",a,https://images.openfoodfacts.org/images/products/345/630/001/2569/front_fr.51.400.jpg,L'Éléfàn,Grenoble,France,45.1750672,5.7304083,2023-11-27T11:47:33.734204Z
417,3456300012941,2.99,False,,EUR,2023-11-27,,Quinotto Champignon Parmesan,"Jardin bio, Léa Nature","['en:meals', 'en:microwave-meals', 'en:quinoa-dishes']",b,https://images.openfoodfacts.org/images/products/345/630/001/2941/front_fr.33.400.jpg,L'Éléfàn,Grenoble,France,45.1750672,5.7304083,2023-11-27T11:47:34.910437Z
418,3456300012958,2.99,False,,EUR,2023-11-27,,Quinotto potimarron châtaigne Parmessan,"Jardin bio, Léa Nature","['en:meals', 'en:quinoa-dishes']",b,https://images.openfoodfacts.org/images/products/345/630/001/2958/front_fr.37.400.jpg,L'Éléfàn,Grenoble,France,45.1750672,5.7304083,2023-11-27T11:47:36.090020Z
419,3456300014334,2.99,False,,EUR,2023-11-27,,Risotto tomate et poivron rouge,"Jardin bio,Léa Nature","['en:plant-based-foods-and-beverages', 'en:plant-based-foods', 'en:cereals-and-potatoes', 'en:meals', 'en:seeds', 'en:cereals-and-their-products', 'en:cereal-grains', 'en:rice-dishes', 'en:rices', 'en:risottos', 'en:vegetable-risottos']",c,https://images.openfoodfacts.org/images/products/345/630/001/4334/front_fr.34.400.jpg,L'Éléfàn,Grenoble,France,45.1750672,5.7304083,2023-11-27T11:47:37.262139Z
420,3456300014396,4.18,False,,EUR,2023-11-27,,Aubergines cuisinées,Jardin bio,"['en:plant-based-foods-and-beverages', 'en:plant-based-foods', 'en:fruits-and-vegetables-based-foods', 'en:vegetable-based-foods-and-beverages', 'en:canned-foods', 'en:vegetables-based-foods', 'en:canned-plant-based-foods', 'en:canned-vegetables', 'en:prepared-vegetables']",a,https://images.openfoodfacts.org/images/products/345/630/001/4396/front_fr.13.400.jpg,L'Éléfàn,Grenoble,France,45.1750672,5.7304083,2023-11-27T11:47:38.437658Z
421,3456300016208,3.03,False,,EUR,2023-11-27,,Haricots verts extra-fins coupés,Jardin Bio,"['en:plant-based-foods-and-beverages', 'en:plant-based-foods', 'en:fruits-and-vegetables-based-foods', 'en:legumes-and-their-products', 'en:canned-foods', 'en:legumes', 'en:vegetables-based-foods', 'en:canned-plant-based-foods', 'en:vegetables', 'en:canned-vegetables', 'en:green-beans', 'en:canned-legumes', 'en:canned-green-beans']",a,https://images.openfoodfacts.org/images/products/345/630/001/6208/front_fr.11.400.jpg,L'Éléfàn,Grenoble,France,45.1750672,5.7304083,2023-11-27T11:47:39.610605Z
422,3456300016420,3.53,False,,EUR,2023-11-27,,Velouté lentilles corail coco curry,JARDIN BIO,"['en:plant-based-foods-and-beverages', 'en:plant-based-foods', 'en:fruits-and-vegetables-based-foods', 'en:legumes-and-their-products', 'en:legumes', 'en:seeds', 'en:legume-seeds', 'en:meals', 'en:pulses', 'en:soups', 'en:cream-soups', 'en:vegetable-soups', 'en:cream-of-vegetable-soups', 'fr:veloutes-de-lentilles']",d,https://images.openfoodfacts.org/images/products/345/630/001/6420/front_fr.3.400.jpg,L'Éléfàn,Grenoble,France,45.1750672,5.7304083,2023-11-27T11:47:40.789672Z
423,3456300016475,3.53,False,,EUR,2023-11-27,,Potiron Patate douce Châtaigne,Léa Nature,"['en:plant-based-foods-and-beverages', 'en:plant-based-foods', 'en:fruits-and-vegetables-based-foods', 'en:meals', 'en:soups', 'en:cream-soups', 'en:vegetable-soups', 'en:cream-of-vegetable-soups', 'fr:veloute-potiron-patate-douce-chataigne']",b,https://images.openfoodfacts.org/images/products/345/630/001/6475/front_fr.30.400.jpg,L'Éléfàn,Grenoble,France,45.1750672,5.7304083,2023-11-27T11:47:41.959370Z
424,3456300016611,2.99,False,,EUR,2023-11-27,,Risotto champignons et parmesan,JARDIN BIO ETIC,"['en:frozen-foods', 'en:meals', 'en:rice-dishes', 'en:risottos', 'en:vegetable-risottos', 'en:mushroom-risottos']",c,https://images.openfoodfacts.org/images/products/345/630/001/6611/front_fr.25.400.jpg,L'Éléfàn,Grenoble,France,45.1750672,5.7304083,2023-11-27T11:47:43.131180Z
425,3456300016628,2.99,False,,EUR,2023-11-27,,Riz cuisiné,JARDIN BIO,"['en:plant-based-foods-and-beverages', 'en:plant-based-foods', 'en:cereals-and-potatoes', 'en:meals', 'en:seeds', 'en:cereals-and-their-products', 'en:cereal-grains', 'en:rices', 'fr:cereales-preparees', 'en:microwave-meals']",d,https://images.openfoodfacts.org/images/products/345/630/001/6628/front_fr.25.400.jpg,L'Éléfàn,Grenoble,France,45.1750672,5.7304083,2023-11-27T11:47:44.301436Z
426,3456300016635,4.93,False,,EUR,2023-11-27,,Lentilles à l indienne coco et curry,Léa Nature Jardin Bio,"['en:plant-based-foods-and-beverages', 'en:plant-based-foods', 'en:legumes-and-their-products', 'en:canned-foods', 'en:legumes', 'en:meals', 'en:seeds', 'en:canned-plant-based-foods', 'en:legume-seeds', 'en:pulses', 'en:lentils', 'en:prepared-vegetables', 'en:canned-legumes', 'en:cooked-vegetables', 'en:canned-seasoned-lentils', 'en:cooked-lentils', 'en:prepared-lentils']",c,https://images.openfoodfacts.org/images/products/345/630/001/6635/front_fr.13.400.jpg,L'Éléfàn,Grenoble,France,45.1750672,5.7304083,2023-11-27T11:47:45.471018Z
427,3462452002105,4.68,False,,EUR,2023-11-27,,Tourtons fromage de chèvre,Tourtons Du Champsaur,"['en:meals', 'fr:tourtons']",d,https://images.openfoodfacts.org/images/products/346/245/200/2105/front_fr.11.400.jpg,L'Éléfàn,Grenoble,France,45.1750672,5.7304083,2023-11-27T11:47:46.643260Z
428,3462452002112,4.68,False,,EUR,2023-11-27,,Tourtons epinards,Tourtons Du Champsaur,['en:meals'],c,https://images.openfoodfacts.org/images/products/346/245/200/2112/front_fr.21.400.jpg,L'Éléfàn,Grenoble,France,45.1750672,5.7304083,2023-11-27T11:47:47.816619Z
429,3462452002136,4.41,False,,EUR,2023-11-27,,8 Tourtons aux pommes LE TOURTON DU CHAMPSAUR,,[],unknown,,L'Éléfàn,Grenoble,France,45.1750672,5.7304083,2023-11-27T11:47:48.988464Z
430,3462452002167,5.99,False,,EUR,2023-11-27,,Tourtons du champsaur fourrage cacao,,[],unknown,https://images.openfoodfacts.org/images/products/346/245/200/2167/front_fr.4.400.jpg,L'Éléfàn,Grenoble,France,45.1750672,5.7304083,2023-11-27T11:47:50.172557Z
431,3462452002198,3.83,False,,EUR,2023-11-27,,14 TOURTONS COCKTAILS DU CHAMPSAUR A LA TAPENADE,,[],unknown,https://images.openfoodfacts.org/images/products/346/245/200/2198/front_fr.11.400.jpg,L'Éléfàn,Grenoble,France,45.1750672,5.7304083,2023-11-27T11:47:51.347737Z
432,3462452002228,4.68,False,,EUR,2023-11-27,,8 Tourtons Dauphinois LE TOURTON DU CHAMPSAUR,Pellegrin Frères,['fr:tourtons'],d,,L'Éléfàn,Grenoble,France,45.1750672,5.7304083,2023-11-27T11:47:52.518970Z
433,3462452002242,4.02,False,,EUR,2023-11-27,,Ravioles du Champsaur St Marcellin,"Pellegrin frères, Tourtons du Champsaur","['en:dairies', 'en:fermented-foods', 'en:fermented-milk-products', 'en:cheeses', 'en:meals', 'en:soft-cheeses', 'en:cow-cheeses', 'en:pasta-dishes', 'en:soft-cheeses-with-bloomy-rind', 'en:stuffed-pastas', 'en:french-cheeses', 'fr:ravioles', 'en:saint-marcellin', 'fr:tourtons']",c,https://images.openfoodfacts.org/images/products/346/245/200/2242/front_fr.20.400.jpg,L'Éléfàn,Grenoble,France,45.1750672,5.7304083,2023-11-27T11:47:53.705685Z
434,3462452002457,4.68,False,,EUR,2023-11-27,,Tourtons poireaux,"Hautes-Alpes Naturellement, Tourton Du Champsaur","['en:plant-based-foods-and-beverages', 'en:plant-based-foods', 'en:fruits-and-vegetables-based-foods', 'en:vegetables-based-foods', 'en:meals', 'en:vegetables', 'en:vegetable-rods', 'en:plant-based-meals', 'fr:tourtons']",d,https://images.openfoodfacts.org/images/products/346/245/200/2457/front_fr.15.400.jpg,L'Éléfàn,Grenoble,France,45.1750672,5.7304083,2023-11-27T11:47:54.891012Z
435,3462452002488,4.68,False,,EUR,2023-11-27,,Tourtons du Champsaur Ratatouille,Pellegrin Frères,"['en:plant-based-foods-and-beverages', 'en:plant-based-foods', 'en:meals', 'en:fresh-foods', 'en:prepared-vegetables', 'en:fresh-meals', 'en:plant-based-meals', 'en:ratatouille', 'fr:tourtons']",c,https://images.openfoodfacts.org/images/products/346/245/200/2488/front_fr.4.400.jpg,L'Éléfàn,Grenoble,France,45.1750672,5.7304083,2023-11-27T11:47:56.072850Z
436,3462452002563,4.68,False,,EUR,2023-11-27,,Tourtons carotte potiron,Tourtons Du Champsaur,"['en:plant-based-foods-and-beverages', 'en:plant-based-foods', 'en:fruits-and-vegetables-based-foods', 'en:vegetables-based-foods', 'en:pumpkin-and-squash-plant-products', 'en:pumpkins-and-their-products', 'fr:tourtons']",c,https://images.openfoodfacts.org/images/products/346/245/200/2563/front_fr.14.400.jpg,L'Éléfàn,Grenoble,France,45.1750672,5.7304083,2023-11-27T11:47:57.252760Z
437,3462452002594,4.68,False,,EUR,2023-11-27,,,,[],,,L'Éléfàn,Grenoble,France,45.1750672,5.7304083,2023-11-27T11:47:58.454415Z
438,3462452002648,4.68,False,,EUR,2023-11-27,,Tourtons Tomate-mozza,Tourtons du Champsaur,"['en:meals', 'en:fresh-foods', 'en:fresh-meals']",c,https://images.openfoodfacts.org/images/products/346/245/200/2648/front_fr.3.400.jpg,L'Éléfàn,Grenoble,France,45.1750672,5.7304083,2023-11-27T11:47:59.624633Z
439,3462452160003,9.36,False,,EUR,2023-11-27,,16 Tourtons du Champsaur,Tourtons du Champsaur,['fr:tourtons'],d,https://images.openfoodfacts.org/images/products/346/245/216/0003/front_fr.4.400.jpg,L'Éléfàn,Grenoble,France,45.1750672,5.7304083,2023-11-27T11:48:00.802832Z
440,3464930018257,4.15,False,,EUR,2023-11-27,,Vinaigre de Xeres bio,La Cigale Provencale,"['en:condiments', 'en:vinegars', 'en:wine-vinegars', 'en:white-wine-vinegars', 'en:xeres-vinegars']",not-applicable,https://images.openfoodfacts.org/images/products/346/493/001/8257/front_fr.4.400.jpg,L'Éléfàn,Grenoble,France,45.1750672,5.7304083,2023-11-27T11:48:01.973595Z
441,3464931005256,3.94,False,,EUR,2023-11-27,,Vinaigre de cidre bio,La Cigale Provençale,"['en:condiments', 'en:vinegars', 'en:cider-vinegars']",not-applicable,https://images.openfoodfacts.org/images/products/346/493/100/5256/front_fr.15.400.jpg,L'Éléfàn,Grenoble,France,45.1750672,5.7304083,2023-11-27T11:48:03.167724Z
442,3464933703105,3.6,False,,EUR,2023-11-27,,Moutarde ancienne bio,La Cigale Provencale,"['en:condiments', 'en:sauces', 'en:mustards', 'en:old-style-mustards']",e,https://images.openfoodfacts.org/images/products/346/493/370/3105/front_fr.3.400.jpg,L'Éléfàn,Grenoble,France,45.1750672,5.7304083,2023-11-27T11:48:04.345557Z
443,3468310000207,22.42,False,,EUR,2023-11-27,,,,[],,,L'Éléfàn,Grenoble,France,45.1750672,5.7304083,2023-11-27T11:48:05.530351Z
444,3468310000214,22.42,False,,EUR,2023-11-27,,,,[],,,L'Éléfàn,Grenoble,France,45.1750672,5.7304083,2023-11-27T11:48:06.715080Z
445,3468310000221,27.04,False,,EUR,2023-11-27,,,,[],,,L'Éléfàn,Grenoble,France,45.1750672,5.7304083,2023-11-27T11:48:07.892985Z
446,3468310000238,23.74,False,,EUR,2023-11-27,,,,[],,,L'Éléfàn,Grenoble,France,45.1750672,5.7304083,2023-11-27T11:48:09.100834Z
447,3468310000245,33.11,False,,EUR,2023-11-27,,Coppa de montagne,Salaison du Champsaur,"['en:meats-and-their-products', 'en:prepared-meats', 'en:coppa']",d,https://images.openfoodfacts.org/images/products/346/831/000/0245/front_fr.3.400.jpg,L'Éléfàn,Grenoble,France,45.1750672,5.7304083,2023-11-27T11:48:10.287250Z
448,3468310000269,29.81,False,,EUR,2023-11-27,,,,[],,,L'Éléfàn,Grenoble,France,45.1750672,5.7304083,2023-11-27T11:48:11.474061Z
449,3468310000290,18.33,False,,EUR,2023-11-27,,,,[],,,L'Éléfàn,Grenoble,France,45.1750672,5.7304083,2023-11-27T11:48:12.652394Z
450,3468310000306,31.92,False,,EUR,2023-11-27,,Jambon sec de montagne,Salaison du Champsaur,"['en:meats-and-their-products', 'en:prepared-meats', 'en:hams', 'en:cured-hams', 'en:dried-hams']",d,https://images.openfoodfacts.org/images/products/346/831/000/0306/front_fr.3.400.jpg,L'Éléfàn,Grenoble,France,45.1750672,5.7304083,2023-11-27T11:48:13.823091Z
451,3468310000634,11.87,False,,EUR,2023-11-27,,,,[],,,L'Éléfàn,Grenoble,France,45.1750672,5.7304083,2023-11-27T11:48:25.020144Z
452,3468310000658,11.87,False,,EUR,2023-11-27,,,,[],,,L'Éléfàn,Grenoble,France,45.1750672,5.7304083,2023-11-27T11:48:26.214869Z
453,3477730001121,4.13,False,,EUR,2023-11-27,,Dessert Noir 58% cacao,Kaoka,"['en:snacks', 'en:sweet-snacks', 'en:cocoa-and-its-products', 'en:chocolates', 'en:dark-chocolates', 'en:dark-chocolate-bars-for-cooking']",e,https://images.openfoodfacts.org/images/products/347/773/000/1121/front_fr.66.400.jpg,L'Éléfàn,Grenoble,France,45.1750672,5.7304083,2023-11-27T11:48:27.400484Z
454,3477730001138,4.77,False,,EUR,2023-11-27,,Chocolat noir corsé dessert biologique,Kaoka,"['en:snacks', 'en:sweet-snacks', 'en:cocoa-and-its-products', 'en:confectioneries', 'en:chocolates', 'en:dark-chocolates', 'en:dark-chocolate-bar-with-more-than-70-cocoa']",e,https://images.openfoodfacts.org/images/products/347/773/000/1138/front_fr.62.400.jpg,L'Éléfàn,Grenoble,France,45.1750672,5.7304083,2023-11-27T11:48:28.581247Z
455,3477730001145,5.01,False,,EUR,2023-11-27,,Tablette Dessert Lait 38%,Kaoka,"['en:snacks', 'en:sweet-snacks', 'en:cocoa-and-its-products', 'en:confectioneries', 'en:chocolates', 'en:milk-chocolates']",e,https://images.openfoodfacts.org/images/products/347/773/000/1145/front_fr.50.400.jpg,L'Éléfàn,Grenoble,France,45.1750672,5.7304083,2023-11-27T11:48:29.779156Z
456,3477730001206,2.47,False,,EUR,2023-11-27,,Chocolat Noir 70% Bio,Kaoka,"['en:snacks', 'en:desserts', 'en:sweet-snacks', 'en:cocoa-and-its-products', 'en:chocolates', 'en:dark-chocolates', 'en:dark-chocolate-bar-with-more-than-70-cocoa', 'en:extra-fine-dark-chocolates']",e,https://images.openfoodfacts.org/images/products/347/773/000/1206/front_fr.71.400.jpg,L'Éléfàn,Grenoble,France,45.1750672,5.7304083,2023-11-27T11:48:31.111465Z
457,3477730009011,4.12,False,,EUR,2023-11-27,,Cacao maigre en poudre bio équitable,Kaoka,"['en:beverages-and-beverages-preparations', 'en:beverages', 'en:breakfasts', 'en:cocoa-and-its-products', 'en:hot-beverages', 'en:beverage-preparations', 'en:cocoa-and-chocolate-powders', 'en:instant-beverages', 'en:cocoa-powders']",unknown,https://images.openfoodfacts.org/images/products/347/773/000/9011/front_fr.76.400.jpg,L'Éléfàn,Grenoble,France,45.1750672,5.7304083,2023-11-27T11:48:32.371786Z
458,3478820003186,2.28,False,,EUR,2023-11-27,,Double concentré de tomate,"Jardin bio,Léa Nature","['en:plant-based-foods-and-beverages', 'en:plant-based-foods', 'en:fruits-and-vegetables-based-foods', 'en:vegetable-based-foods-and-beverages', 'en:vegetables-based-foods', 'en:vegetables', 'en:tomatoes-and-their-products', 'en:tomatoes', 'en:double-concentrate-tomato-paste', 'en:tomato-pastes', 'en:canned-double-concentrate-tomato-paste']",b,https://images.openfoodfacts.org/images/products/347/882/000/3186/front_fr.102.400.jpg,L'Éléfàn,Grenoble,France,45.1750672,5.7304083,2023-11-27T11:48:33.543616Z
459,3478820008969,2.97,False,,EUR,2023-11-27,,Ratatouille Bio aux Herbes de Provence,"Jardin bio, Léa Nature","['en:plant-based-foods-and-beverages', 'en:plant-based-foods', 'en:fruits-and-vegetables-based-foods', 'en:canned-foods', 'en:vegetables-based-foods', 'en:canned-plant-based-foods', 'en:meals', 'en:canned-vegetables', 'en:prepared-vegetables', 'en:ratatouille']",a,https://images.openfoodfacts.org/images/products/347/882/000/8969/front_fr.34.400.jpg,L'Éléfàn,Grenoble,France,45.1750672,5.7304083,2023-11-27T11:48:34.781969Z
460,3478820013192,2.6,False,,EUR,2023-11-27,,DUO DE QUINOA AUX LEGUMES,"Jardin bio, Léa Nature","['en:plant-based-foods-and-beverages', 'en:plant-based-foods', 'en:meals', 'en:microwave-meals', 'en:plant-based-meals']",b,https://images.openfoodfacts.org/images/products/347/882/001/3192/front_fr.64.400.jpg,L'Éléfàn,Grenoble,France,45.1750672,5.7304083,2023-11-27T11:48:36.482706Z
461,3478820023191,2.39,False,,EUR,2023-11-27,,Riz Byriani Bio,"Jardin Bio,Léa Nature","['en:meals', 'fr:cereales-preparees', 'en:microwave-meals']",b,https://images.openfoodfacts.org/images/products/347/882/002/3191/front_fr.15.400.jpg,L'Éléfàn,Grenoble,France,45.1750672,5.7304083,2023-11-27T11:48:37.683648Z
462,3478820023641,2.3,False,,EUR,2023-11-27,,Sauce tomate Basilic Jardin BIO,"Jardin Bio, Jardin biologique, Léa Nature","['en:condiments', 'en:sauces', 'en:meal-sauces', 'en:tomato-sauces', 'en:tomato-sauces-with-basil', 'en:groceries']",b,https://images.openfoodfacts.org/images/products/347/882/002/3641/front_fr.48.400.jpg,L'Éléfàn,Grenoble,France,45.1750672,5.7304083,2023-11-27T11:48:38.872239Z
463,3478820023726,4.62,False,,EUR,2023-11-27,,Pâtes farcies aux légumes à la sauce tomate bio,Jardin bio,"['en:canned-foods', 'en:meals', 'en:pasta-dishes', 'en:stuffed-pastas', 'en:pasta-stuffed-with-vegetables', 'en:ravioli', 'en:canned-meals', 'en:ravioli-with-vegetables', 'en:canned-raviolis']",c,https://images.openfoodfacts.org/images/products/347/882/002/3726/front_fr.65.400.jpg,L'Éléfàn,Grenoble,France,45.1750672,5.7304083,2023-11-27T11:48:40.129561Z
464,3478820031479,3.73,False,,EUR,2023-11-27,,Légumes pour couscous et plats orientaux,"Jardin Bio étic, Jardin biologique, Léa Nature","['en:plant-based-foods-and-beverages', 'en:plant-based-foods', 'en:fruits-and-vegetables-based-foods', 'en:canned-foods', 'en:vegetables-based-foods', 'en:canned-plant-based-foods', 'en:meals', 'en:canned-vegetables', 'en:prepared-vegetables', 'en:savory-semolina-dishes', 'en:cooked-vegetables', 'en:prepared-couscous', 'en:cooked-mixed-vegetables-for-couscous']",a,https://images.openfoodfacts.org/images/products/347/882/003/1479/front_fr.92.400.jpg,L'Éléfàn,Grenoble,France,45.1750672,5.7304083,2023-11-27T11:48:41.384136Z
465,3478820036719,2.22,False,,EUR,2023-11-27,,SABLES NOIX DE COCO ET CITRON,"Jardin bio, Léa Nature","['en:snacks', 'en:sweet-snacks', 'en:biscuits-and-cakes', 'en:biscuits', 'en:shortbread-cookies', 'en:shortbread-cookie-with-coconut']",e,https://images.openfoodfacts.org/images/products/347/882/003/6719/front_fr.77.400.jpg,L'Éléfàn,Grenoble,France,45.1750672,5.7304083,2023-11-27T11:48:42.562379Z
466,3478820078221,5.95,False,,EUR,2023-11-27,,Huile oméga bio'3,"Jardin bio, Léa nature","['en:plant-based-foods-and-beverages', 'en:plant-based-foods', 'en:fats', 'en:vegetable-fats', 'en:vegetable-oils']",b,https://images.openfoodfacts.org/images/products/347/882/007/8221/front_fr.20.400.jpg,L'Éléfàn,Grenoble,France,45.1750672,5.7304083,2023-11-27T11:48:43.809070Z
467,3478820091145,3.21,False,,EUR,2023-11-27,,Fourrés chocolat Jardin Bio,Jardin Bio,"['en:snacks', 'en:sweet-snacks', 'en:biscuits-and-cakes', 'en:biscuits-and-crackers', 'en:biscuits', 'en:chocolate-biscuits', 'en:filled-biscuits', 'en:sandwich-biscuits']",e,https://images.openfoodfacts.org/images/products/347/882/009/1145/front_fr.58.400.jpg,L'Éléfàn,Grenoble,France,45.1750672,5.7304083,2023-11-27T11:48:45.147937Z
468,3478822005249,3.07,False,,EUR,2023-11-27,,Ketchup,Jardin bio,"['en:plant-based-foods-and-beverages', 'en:plant-based-foods', 'en:fruits-and-vegetables-based-foods', 'en:canned-foods', 'en:condiments', 'en:vegetables-based-foods', 'en:canned-plant-based-foods', 'en:vegetables', 'en:canned-vegetables', 'en:sauces', 'en:tomatoes-and-their-products', 'en:tomato-sauces', 'en:tomatoes', 'en:canned-tomatoes', 'en:ketchup', 'fr:epicerie']",d,https://images.openfoodfacts.org/images/products/347/882/200/5249/front_fr.49.400.jpg,L'Éléfàn,Grenoble,France,45.1750672,5.7304083,2023-11-27T11:48:46.391132Z
469,3478823002179,4.89,False,,EUR,2023-11-27,,Huile de colza,"Jardin bio, Léa Nature","['en:plant-based-foods-and-beverages', 'en:plant-based-foods', 'en:fats', 'en:vegetable-fats', 'en:vegetable-oils', 'en:rapeseed-oils']",b,https://images.openfoodfacts.org/images/products/347/882/300/2179/front_fr.23.400.jpg,L'Éléfàn,Grenoble,France,45.1750672,5.7304083,2023-11-27T11:48:47.586603Z
470,3483460010258,2.77,False,,EUR,2023-11-27,,Tofu nature,Tossolia,"['en:plant-based-foods-and-beverages', 'en:plant-based-foods', 'en:legumes-and-their-products', 'en:meat-alternatives', 'en:meat-analogues', 'en:tofu', 'en:plain-tofu']",a,https://images.openfoodfacts.org/images/products/348/346/001/0258/front_fr.42.400.jpg,L'Éléfàn,Grenoble,France,45.1750672,5.7304083,2023-11-27T11:48:48.763554Z
471,3483460010500,4.45,False,,EUR,2023-11-27,,Tofu Nature,Tossolia,"['en:plant-based-foods-and-beverages', 'en:plant-based-foods', 'en:legumes-and-their-products', 'en:meat-alternatives', 'en:meat-analogues', 'en:tofu', 'en:plain-tofu']",a,https://images.openfoodfacts.org/images/products/348/346/001/0500/front_fr.34.400.jpg,L'Éléfàn,Grenoble,France,45.1750672,5.7304083,2023-11-27T11:48:49.935939Z
472,3483460011002,8.02,False,,EUR,2023-11-27,,1KG Tofu Nature Bloc,Tossolia,"['en:plant-based-foods-and-beverages', 'en:plant-based-foods', 'en:legumes-and-their-products', 'en:meat-alternatives', 'en:tofu', 'en:plain-tofu']",a,https://images.openfoodfacts.org/images/products/348/346/001/1002/front_fr.10.400.jpg,L'Éléfàn,Grenoble,France,45.1750672,5.7304083,2023-11-27T11:48:51.123619Z
473,3483460110200,3.48,False,,EUR,2023-11-27,,Tofu basilic,Tossolia,"['en:plant-based-foods-and-beverages', 'en:plant-based-foods', 'en:legumes-and-their-products', 'en:meat-alternatives', 'en:meat-analogues', 'en:tofu']",b,https://images.openfoodfacts.org/images/products/348/346/011/0200/front_fr.48.400.jpg,L'Éléfàn,Grenoble,France,45.1750672,5.7304083,2023-11-27T11:48:52.301002Z
474,3483460110231,5.55,False,,EUR,2023-11-27,,,,[],,,L'Éléfàn,Grenoble,France,45.1750672,5.7304083,2023-11-27T11:48:53.471012Z
475,3483460110309,2.88,False,,EUR,2023-11-27,,,,[],,,L'Éléfàn,Grenoble,France,45.1750672,5.7304083,2023-11-27T11:48:54.647641Z
476,3483460120209,3.63,False,,EUR,2023-11-27,,200G Tofu aux Olives,Tossolia,"['en:plant-based-foods-and-beverages', 'en:plant-based-foods', 'en:legumes-and-their-products', 'en:meat-alternatives', 'en:meat-analogues', 'en:tofu', 'fr:tofu-aux-olives']",a,https://images.openfoodfacts.org/images/products/348/346/012/0209/front_fr.37.400.jpg,L'Éléfàn,Grenoble,France,45.1750672,5.7304083,2023-11-27T11:48:55.823508Z
477,3483460140207,3.73,False,,EUR,2023-11-27,,Tofu fumé,Tossolia,"['en:plant-based-foods-and-beverages', 'en:plant-based-foods', 'en:legumes-and-their-products', 'en:meat-alternatives', 'en:meat-analogues', 'en:tofu', 'en:smoked-tofu']",a,https://images.openfoodfacts.org/images/products/348/346/014/0207/front_fr.60.400.jpg,L'Éléfàn,Grenoble,France,45.1750672,5.7304083,2023-11-27T11:48:57.000721Z
478,3483460150206,3.53,False,,EUR,2023-11-27,,Tofu Indien,Tossolia,"['en:plant-based-foods-and-beverages', 'en:plant-based-foods', 'en:legumes-and-their-products', 'en:meat-alternatives', 'en:meat-analogues', 'en:tofu']",c,https://images.openfoodfacts.org/images/products/348/346/015/0206/front_fr.26.400.jpg,L'Éléfàn,Grenoble,France,45.1750672,5.7304083,2023-11-27T11:48:58.188686Z
479,3483460240204,3.48,False,,EUR,2023-11-27,,Tofu Fumé aux 5 graines,Tossolia,"['en:plant-based-foods-and-beverages', 'en:plant-based-foods', 'en:legumes-and-their-products', 'en:meat-alternatives', 'en:meat-analogues', 'en:tofu', 'en:smoked-tofu']",a,https://images.openfoodfacts.org/images/products/348/346/024/0204/front_fr.33.400.jpg,L'Éléfàn,Grenoble,France,45.1750672,5.7304083,2023-11-27T11:48:59.389102Z
480,3483460280200,3.77,False,,EUR,2023-11-27,,Tofu Ail des ours & Noisettes,Tossolia,"['en:plant-based-foods-and-beverages', 'en:plant-based-foods', 'en:legumes-and-their-products', 'en:meat-alternatives', 'en:meat-analogues', 'en:tofu']",b,https://images.openfoodfacts.org/images/products/348/346/028/0200/front_fr.29.400.jpg,L'Éléfàn,Grenoble,France,45.1750672,5.7304083,2023-11-27T11:49:00.576981Z
481,3483460700142,2.51,False,,EUR,2023-11-27,,Tofu grillé à l’ail des ours,Tossolia,"['en:plant-based-foods-and-beverages', 'en:plant-based-foods', 'en:legumes-and-their-products', 'en:meat-alternatives', 'en:meat-analogues', 'en:tofu']",c,https://images.openfoodfacts.org/images/products/348/346/070/0142/front_fr.38.400.jpg,L'Éléfàn,Grenoble,France,45.1750672,5.7304083,2023-11-27T11:49:01.767477Z
482,3483460710141,2.69,False,,EUR,2023-11-27,,Suprêmes de tofu Fumés au bois de hêtre,Tossolia,"['en:plant-based-foods-and-beverages', 'en:plant-based-foods', 'en:legumes-and-their-products', 'en:meat-alternatives', 'en:tofu']",d,https://images.openfoodfacts.org/images/products/348/346/071/0141/front_fr.39.400.jpg,L'Éléfàn,Grenoble,France,45.1750672,5.7304083,2023-11-27T11:49:02.944372Z
483,3483460720140,2.61,False,,EUR,2023-11-27,,Tofu grillé tomates séchées & basilic,Tossolia,"['en:plant-based-foods-and-beverages', 'en:plant-based-foods', 'en:legumes-and-their-products', 'en:meat-alternatives', 'en:meat-analogues', 'xx:tofu', 'fr:tofu-cuisine']",c,https://images.openfoodfacts.org/images/products/348/346/072/0140/front_fr.42.400.jpg,L'Éléfàn,Grenoble,France,45.1750672,5.7304083,2023-11-27T11:49:04.164406Z
484,3483461000258,2.55,False,,EUR,2023-11-27,,Panisse Nature,Tossolia,"['en:plant-based-foods-and-beverages', 'en:plant-based-foods', 'en:meals', 'en:plant-based-meals']",b,https://images.openfoodfacts.org/images/products/348/346/100/0258/front_fr.12.400.jpg,L'Éléfàn,Grenoble,France,45.1750672,5.7304083,2023-11-27T11:49:05.342748Z
485,3483461200184,3.3,False,,EUR,2023-11-27,,Galettes lentilles riz légumes emmental,Tossolia,[],unknown,https://images.openfoodfacts.org/images/products/348/346/120/0184/front_fr.4.400.jpg,L'Éléfàn,Grenoble,France,45.1750672,5.7304083,2023-11-27T11:49:06.527972Z
486,3483461210183,3.3,False,,EUR,2023-11-27,,Galette pois chiches et cumin,Tossolia,"['en:plant-based-foods-and-beverages', 'en:plant-based-foods', 'en:legumes-and-their-products', 'en:meat-alternatives', 'en:vegetarian-patties']",a,https://images.openfoodfacts.org/images/products/348/346/121/0183/front_fr.4.400.jpg,L'Éléfàn,Grenoble,France,45.1750672,5.7304083,2023-11-27T11:49:07.703326Z
487,3483461230181,3.36,False,,EUR,2023-11-27,,Galettes haricots rouges + poivrons,Tossolia,"['en:plant-based-foods-and-beverages', 'en:plant-based-foods', 'en:snacks', 'en:salty-snacks', 'en:meals', 'en:prepared-vegetables', 'en:vegetable-cakes']",a,https://images.openfoodfacts.org/images/products/348/346/123/0181/front_fr.15.400.jpg,L'Éléfàn,Grenoble,France,45.1750672,5.7304083,2023-11-27T11:49:08.951480Z
488,3483461230266,2.51,False,,EUR,2023-11-27,,,,[],,,L'Éléfàn,Grenoble,France,45.1750672,5.7304083,2023-11-27T11:49:10.144145Z
489,3483461230273,5.0,False,,EUR,2023-11-27,,,,[],,,L'Éléfàn,Grenoble,France,45.1750672,5.7304083,2023-11-27T11:49:11.322776Z
490,3483461230365,10.22,False,,EUR,2023-11-27,,,,[],,,L'Éléfàn,Grenoble,France,45.1750672,5.7304083,2023-11-27T11:49:12.507784Z
491,3483461230372,11.46,False,,EUR,2023-11-27,,,,[],,,L'Éléfàn,Grenoble,France,45.1750672,5.7304083,2023-11-27T11:49:13.702052Z
492,3483461230389,12.5,False,,EUR,2023-11-27,,,,[],,,L'Éléfàn,Grenoble,France,45.1750672,5.7304083,2023-11-27T11:49:14.877852Z
493,3483461230396,31.25,False,,EUR,2023-11-27,,,,[],,,L'Éléfàn,Grenoble,France,45.1750672,5.7304083,2023-11-27T11:49:16.053439Z
494,3483461250189,3.77,False,,EUR,2023-11-27,,Galettes quinoa chèvre pois chiche,Tossolia,"['en:crepes-and-galettes', 'en:galettes']",b,https://images.openfoodfacts.org/images/products/348/346/125/0189/front_fr.19.400.jpg,L'Éléfàn,Grenoble,France,45.1750672,5.7304083,2023-11-27T11:49:17.261999Z
495,3483461260188,3.56,False,,EUR,2023-11-27,,Haricots rouge raisin,Tossolia,"['en:plant-based-foods-and-beverages', 'en:plant-based-foods', 'en:legumes-and-their-products', 'en:legumes', 'en:seeds', 'en:legume-seeds', 'en:pulses']",c,https://images.openfoodfacts.org/images/products/348/346/126/0188/front_fr.3.400.jpg,L'Éléfàn,Grenoble,France,45.1750672,5.7304083,2023-11-27T11:49:18.449767Z
496,3483463020247,3.76,False,,EUR,2023-11-27,,Haché végétal façon Bolognaise,Tossolia,"['en:plant-based-foods-and-beverages', 'en:plant-based-foods', 'en:meals', 'en:meat-alternatives', 'en:meat-analogues', 'en:plant-based-meals', 'en:vegetarian-grounds', 'en:soy-based-minced-prepacked']",a,https://images.openfoodfacts.org/images/products/348/346/302/0247/front_fr.45.400.jpg,L'Éléfàn,Grenoble,France,45.1750672,5.7304083,2023-11-27T11:49:19.637763Z
497,3483463040207,3.8,False,,EUR,2023-11-27,,Haché Végétal Pistou,Tossolia,"['en:plant-based-foods-and-beverages', 'en:plant-based-foods', 'en:legumes-and-their-products', 'en:meat-alternatives', 'en:meat-analogues', 'en:meat-analogues-from-soy-or-wheat-proteins', 'en:textured-vegetable-protein', 'en:vegetarian-balls', 'en:vegetarian-grounds', 'en:textured-soy-protein']",a,https://images.openfoodfacts.org/images/products/348/346/304/0207/front_en.5.400.jpg,L'Éléfàn,Grenoble,France,45.1750672,5.7304083,2023-11-27T11:49:20.855683Z
498,3483463040214,0.77,False,,EUR,2023-11-27,,,,[],,,L'Éléfàn,Grenoble,France,45.1750672,5.7304083,2023-11-27T11:49:22.110809Z
499,3483463050206,3.52,False,,EUR,2023-11-27,,Haché Végétal Tex Mex,Tossolia,"['en:plant-based-foods-and-beverages', 'en:plant-based-foods', 'en:meat-alternatives', 'en:meat-analogues', 'en:vegetarian-grounds']",a,https://images.openfoodfacts.org/images/products/348/346/305/0206/front_fr.25.400.jpg,L'Éléfàn,Grenoble,France,45.1750672,5.7304083,2023-11-27T11:49:23.283407Z
500,3483463060205,3.17,False,,EUR,2023-11-27,,Haché Végétal Curry & Coco,Tossolia,['fr:hache-vegetal'],a,https://images.openfoodfacts.org/images/products/348/346/306/0205/front_fr.38.400.jpg,L'Éléfàn,Grenoble,France,45.1750672,5.7304083,2023-11-27T11:49:24.481066Z
501,3483463110184,4.02,False,,EUR,2023-11-27,,Burger Végétal Tomates & Oignons,Tossolia,"['en:plant-based-foods-and-beverages', 'en:plant-based-foods', 'en:meat-alternatives', 'en:meat-analogues', 'en:vegetarian-patties']",a,https://images.openfoodfacts.org/images/products/348/346/311/0184/front_fr.34.400.jpg,L'Éléfàn,Grenoble,France,45.1750672,5.7304083,2023-11-27T11:49:35.674901Z
