query,product_id,product_title,product_description,product_brand,esci_label,product_locale
 revent 80 cfm,B000MOO21W,Panasonic FV-20VQ3 WhisperCeiling 190 CFM Ceiling Mounted Fan,None,Panasonic,Irrelevant,us
bathroom fan without light,B000MOO21W,Panasonic FV-20VQ3 WhisperCeiling 190 CFM Ceiling Mounted Fan,None,Panasonic,Exact,us
 revent 80 cfm,B07X3Y6B1V,"Homewerks 7141-80 Bathroom Fan Integrated LED Light Ceiling Mount Exhaust Ventilation, 1.1 Sones, 80 CFM",None,Homewerks,Exact,us
 revent 80 cfm,B07WDM7MQQ,"Homewerks 7140-80 Bathroom Fan Ceiling Mount Exhaust Ventilation, 1.5 Sones, 80 CFM, White",None,Homewerks,Exact,us
 revent 80 cfm,B07RH6Z8KW,Delta Electronics RAD80L BreezRadiance 80 CFM Heater/Fan/Light Combo White (Renewed),"This pre-owned or refurbished product has been professionally inspected and tested to work and look like new. How a product becomes part of Amazon Renewed, your destination for pre-owned, refurbished products: A customer buys a new product and returns it or trades it in for a newer or different model. That product is inspected and tested to work and look like new by Amazon-qualified suppliers. Then, the product is sold as an Amazon Renewed product on Amazon. If not satisfied with the purchase, r",DELTA ELECTRONICS (AMERICAS) LTD.,Exact,us
 revent 80 cfm,B07QJ7WYFQ,Panasonic FV-08VRE2 Ventilation Fan with Recessed LED (Renewed),None,Panasonic,Exact,us
 revent 80 cfm,B076Q7V5WX,"Panasonic FV-0511VQ1 WhisperCeiling DC Ventilation Fan, Speed Selector, SmartFlow Technology, Quiet,White",None,Panasonic,Exact,us
12 inch bathroomwall mounted fan,B076Q7V5WX,"Panasonic FV-0511VQ1 WhisperCeiling DC Ventilation Fan, Speed Selector, SmartFlow Technology, Quiet,White",None,Panasonic,Irrelevant,us
bathroom fan,B076Q7V5WX,"Panasonic FV-0511VQ1 WhisperCeiling DC Ventilation Fan, Speed Selector, SmartFlow Technology, Quiet,White",None,Panasonic,Substitute,us
bathroom fan without light,B076Q7V5WX,"Panasonic FV-0511VQ1 WhisperCeiling DC Ventilation Fan, Speed Selector, SmartFlow Technology, Quiet,White",None,Panasonic,Exact,us
fv relay,B076Q7V5WX,"Panasonic FV-0511VQ1 WhisperCeiling DC Ventilation Fan, Speed Selector, SmartFlow Technology, Quiet,White",None,Panasonic,Irrelevant,us
 revent 80 cfm,B075ZBF9HG,"Panasonic FV-0510VSL1 WhisperValue DC Ventilation Fan with Light, 50-80-100 CFM",None,Panasonic,Exact,us
bathroom fan without light,B075ZBF9HG,"Panasonic FV-0510VSL1 WhisperValue DC Ventilation Fan with Light, 50-80-100 CFM",None,Panasonic,Irrelevant,us
fv relay,B075ZBF9HG,"Panasonic FV-0510VSL1 WhisperValue DC Ventilation Fan with Light, 50-80-100 CFM",None,Panasonic,Irrelevant,us
 revent 80 cfm,B06W2LB17J,"Panasonic FV-0510VS1 WhisperValue DC Ventilation Fan, 50-80-100 CFM",None,Panasonic,Exact,us
bathroom fan,B06W2LB17J,"Panasonic FV-0510VS1 WhisperValue DC Ventilation Fan, 50-80-100 CFM",None,Panasonic,Substitute,us
fv relay,B06W2LB17J,"Panasonic FV-0510VS1 WhisperValue DC Ventilation Fan, 50-80-100 CFM",None,Panasonic,Irrelevant,us
 revent 80 cfm,B07JY1PQNT,"Aero Pure ABF80 L5 W ABF80L5 Ceiling Mount 80 CFM w/LED Light/Nightlight, Energy Star Certified, White Quiet Bathroom Ventilation Fan",None,Aero Pure,Exact,us
 revent 80 cfm,B01MZIK0PI,"Delta Electronics (Americas) Ltd. RAD80 Delta BreezRadiance Series 80 CFM Fan with Heater, 10.5W, 1.5 Sones",None,DELTA ELECTRONICS (AMERICAS) LTD.,Exact,us
 revent 80 cfm,B011RX6PNO,"Aero Pure AP120H-SL W Slim Fit 120 CFM Bathroom Fan with LED Light and Humidity Sensor, White Finish",None,Aero Pure,Irrelevant,us
 revent 80 cfm,B00XBZFWWM,"Panasonic FV-0811VF5 WhisperFit EZ Retrofit Ventilation Fan, 80 or 110 CFM",None,Panasonic,Exact,us
bathroom fan,B00XBZFWWM,"Panasonic FV-0811VF5 WhisperFit EZ Retrofit Ventilation Fan, 80 or 110 CFM",None,Panasonic,Exact,us
bathroom fan without light,B00XBZFWWM,"Panasonic FV-0811VF5 WhisperFit EZ Retrofit Ventilation Fan, 80 or 110 CFM",None,Panasonic,Exact,us
fv relay,B00XBZFWWM,"Panasonic FV-0811VF5 WhisperFit EZ Retrofit Ventilation Fan, 80 or 110 CFM",None,Panasonic,Irrelevant,us
heat recovery ventilator,B00XBZFWWM,"Panasonic FV-0811VF5 WhisperFit EZ Retrofit Ventilation Fan, 80 or 110 CFM",None,Panasonic,Complement,us
quiet bathroom exhaust fan drop ceiling,B00XBZFWWM,"Panasonic FV-0811VF5 WhisperFit EZ Retrofit Ventilation Fan, 80 or 110 CFM",None,Panasonic,Exact,us
 revent 80 cfm,B00MARNO5Y,Aero Pure AP80RVLW Super Quiet 80 CFM Recessed Fan/Light Bathroom Ventilation Fan with White Trim Ring,None,Aero Pure,Exact,us
 revent 80 cfm,B003O0MNGC,Delta BreezSignature VFB25ACH 80 CFM Exhaust Bath Fan with Humidity Sensor,None,DELTA ELECTRONICS (AMERICAS) LTD.,Exact,us
 revent 80 cfm,B001E6DMKY,"Broan Very Quiet Ceiling Bathroom Exhaust Fan, ENERGY STAR Certified, 0.3 Sones, 80 CFM",None,Broan-NuTone,Exact,us
bathroom fan without light,B001E6DMKY,"Broan Very Quiet Ceiling Bathroom Exhaust Fan, ENERGY STAR Certified, 0.3 Sones, 80 CFM",None,Broan-NuTone,Exact,us
broan replacement parts,B001E6DMKY,"Broan Very Quiet Ceiling Bathroom Exhaust Fan, ENERGY STAR Certified, 0.3 Sones, 80 CFM",None,Broan-NuTone,Irrelevant,us
quiet bathroom exhaust fan drop ceiling,B001E6DMKY,"Broan Very Quiet Ceiling Bathroom Exhaust Fan, ENERGY STAR Certified, 0.3 Sones, 80 CFM",None,Broan-NuTone,Exact,us
 revent 80 cfm,B01N5Y6002,"Delta Electronics (Americas) Ltd. GBR80HLED Delta BreezGreenBuilder Series 80 CFM Fan/Dimmable H, LED Light, Dual Speed & Humidity Sensor",None,DELTA ELECTRONICS (AMERICAS) LTD.,Exact,us
!awnmower tires without rims,B075SCHMPY,"RamPro 10"" All Purpose Utility Air Tires/Wheels with a 5/8"" Diameter Hole with Double Sealed Bearings (Pack of 2)","<b>About The Ram-Pro All Purpose Utility 10"" Air Tires Wheels Pack of 2.</b></p> <b>The Problem:</b><br> Your handtrucks tires are flat but why should you spend so much money to buy a compete new handtruck?</p> <b>Our Solution:</b><br> The Ram-Pro All Purpose 10"" Air Tires Wheels that will replace and fit your hand truck old tires properly with very easy installations and will be even better and more comfortable than the originals.</p> <b>Double Sealed Bearings:</b><br> The Double Bearings will ",RamPro,Irrelevant,us
!awnmower tires without rims,B08L3B9B9P,"MaxAuto 2-Pack 13x5.00-6 2PLY Turf Mower Tractor Tire with Yellow Rim, (3"" Centered Hub, 3/4"" Bushings )","MaxAuto 2-Pack 13x5.00-6 2PLY Turf Mower Tractor Tire with Yellow Rim, 3"" Centered Hub, 3/4"" Bearings<br>",MaxAuto,Exact,us
ztr mower lift,B08L3B9B9P,"MaxAuto 2-Pack 13x5.00-6 2PLY Turf Mower Tractor Tire with Yellow Rim, (3"" Centered Hub, 3/4"" Bushings )","MaxAuto 2-Pack 13x5.00-6 2PLY Turf Mower Tractor Tire with Yellow Rim, 3"" Centered Hub, 3/4"" Bearings<br>",MaxAuto,Irrelevant,us
!awnmower tires without rims,B082K7V2GZ,"NEIKO 20601A 14.5 inch Steel Tire Spoon Lever Iron Tool Kit | Professional Tire Changing Tool for Motorcycle, Dirt Bike, Lawn Mower | 3 pcs Tire Spoons | 3 Rim Protector | Valve Tool | 6 Valve Cores",None,Neiko,Irrelevant,us
!awnmower tires without rims,B07P4CF3DP,2PK 13x5.00-6 13x5.00x6 13x5x6 13x5-6 2PLY Turf Mower Tractor Tire with Gray Rim,"Tire Size: 13 x 5.00 - 6 Axle: 3/4"" inside diameter Hub Length: 3"" Offset hub *Please make sure wheel size(axle, hub, offset) is same as item replacing. Just because tire size is the same, does not mean it will work. Shipping is costly to return and usually not worth returning!*",Russo,Substitute,us
!awnmower tires without rims,B07C1WZG12,"(Set of 2) 15x6.00-6 Husqvarna/Poulan Tire Wheel Assy .75"" Bearing",No fuss. Just take off your old assembly and replace with this. No need for tubes or tire shops. No messing around with mounting these yourself. Perfect replacement for your machine. Will make your machine look and feel new. **** .75 precision ball bearings ****.,Antego Tire & Wheel,Exact,us
!awnmower tires without rims,B077QMNXTS,"MaxAuto 2 Pcs 16x6.50-8 Lawn Mower Tire for Garden Tractors Ridings, 4PR, Tubeless","<br>Tire Specifications:<br> 1. Material: Rubber<br> 2. Tire Size: 16X6.50-8<br> 3. Load Range: Max. 620lbs@28psi<br> 4. Tire Type: Tubeless<br> 5. Rim Width: 5.375""<br> 6. SW: 165mm / 6.50""<br> 7. OD: 410mm / 16.14""<br> 8. Rating: 4 PLY<br> 9. Tread Depth: 7.1mm/ 0.28""<br> 10. Pattern: P332<br> <br>Feature:<br> 1. Tires ONLY, rims not included<br> 2. Easy to install and easy to use<br> 3. Act as a spare or replacement of the broken one<br> 4. A perfect combination of premium rubber material and",MaxAuto,Exact,us
lawn mower tires,B077QMNXTS,"MaxAuto 2 Pcs 16x6.50-8 Lawn Mower Tire for Garden Tractors Ridings, 4PR, Tubeless","<br>Tire Specifications:<br> 1. Material: Rubber<br> 2. Tire Size: 16X6.50-8<br> 3. Load Range: Max. 620lbs@28psi<br> 4. Tire Type: Tubeless<br> 5. Rim Width: 5.375""<br> 6. SW: 165mm / 6.50""<br> 7. OD: 410mm / 16.14""<br> 8. Rating: 4 PLY<br> 9. Tread Depth: 7.1mm/ 0.28""<br> 10. Pattern: P332<br> <br>Feature:<br> 1. Tires ONLY, rims not included<br> 2. Easy to install and easy to use<br> 3. Act as a spare or replacement of the broken one<br> 4. A perfect combination of premium rubber material and",MaxAuto,Exact,us
!awnmower tires without rims,B01M3SJ699,Dr.Roc Tire Spoon Lever Dirt Bike Lawn Mower Motorcycle Tire Changing Tools with Durable Bag 3 Tire Irons 2 Rim Protectors 1 Valve Stems Set TR412 TR413,"</b><p> Easy tire spoons to change your motorcycle,dirtbike,lawn mower,garden tractor,kayak transporter and other small tires like wheel barrow tires etc</p> <p><b>Specifications:</b><br /> Length:11"" (280mm) <br />Weight:480g<br />Finish: Beautiful polished chrome finish <br />Useful tire tool to change the tire of motorcycles/dirt bikes/lawn mower/atv and other small tires like wheel barrow tires <br />Easy Grip Handle:Nice handles,nice distinction from most other levers,Anti-skid Anti- hand <",Dr.Roc,Complement,us
!awnmower tires without rims,B06XX6BM2R,"MARASTAR 21446-2PK 15x6.00-6"" Front Tire Assembly Replacement-Craftsman Mower, Pack of 2",None,MARASTAR,Exact,us
23x10.5 tractor intertubes,B06XX6BM2R,"MARASTAR 21446-2PK 15x6.00-6"" Front Tire Assembly Replacement-Craftsman Mower, Pack of 2",None,MARASTAR,Exact,us
!awnmower tires without rims,B01DBGLLUC,"15x6.00-6"" Front Tire Assembly Replacement for 100 and 300 Series John Deere Riding Mowers - 2 pack",None,MARASTAR,Substitute,us
riding mowers clearance,B01DBGLLUC,"15x6.00-6"" Front Tire Assembly Replacement for 100 and 300 Series John Deere Riding Mowers - 2 pack",None,MARASTAR,Complement,us
!awnmower tires without rims,B00N16T5D8,"Honda HRR Wheel Kit (2 Front 44710-VL0-L02ZB, 2 Back 42710-VE2-M02ZE)","Honda HRR Wheel Kit, Set of 4 Wheels.",Honda,Irrelevant,us
!awnmower tires without rims,B0089RNSNM,Honda 42710-VE2-M02ZE (Replaces 42710-VE2-M01ZE) Lawn Mower Rear Wheel Set of 2,Honda 42710-VE2-M02ZE (Replaces 42710-VE2-M01ZE AND 42710-VG3-B00) Lawn Mower Rear Wheel Set of 2,Honda,Exact,us
!awnmower tires without rims,B0089RA0HY,"Honda 44710-VG3-010 Front Wheels, (Set of 2)","Honda Front Wheels (Set of 2) PLEASE NOTE: Check your owner's manual to be sure 44710-VL0-L02ZB, 44710-VG3-000 is the correct replacement part for your mower model. Consult owner's manual for proper part number identification and proper installation.",Honda,Substitute,us
!awnmower tires without rims,B005O5Y3QI,Carlisle Turf Saver Lawn & Garden Tire - 15X6-6 A,None,Carlisle Paddles,Exact,us
lawn mower tires,B005O5Y3QI,Carlisle Turf Saver Lawn & Garden Tire - 15X6-6 A,None,Carlisle Paddles,Exact,us
tires 6in,B005O5Y3QI,Carlisle Turf Saver Lawn & Garden Tire - 15X6-6 A,None,Carlisle Paddles,Irrelevant,us
!awnmower tires without rims,B0018TWDOI,Oregon 72-107 Universal Wheel 7X150 Diamond Plastic,None,Oregon,Exact,us
char broil grill wheel,B0018TWDOI,Oregon 72-107 Universal Wheel 7X150 Diamond Plastic,None,Oregon,Exact,us
tires 6in,B0018TWDOI,Oregon 72-107 Universal Wheel 7X150 Diamond Plastic,None,Oregon,Irrelevant,us
!awnmower tires without rims,B00004RA3F,"American Lawn Mower Company 1204-14 14-Inch 4-Blade Push Reel Lawn Mower, Red",None,American Lawn Mower Company,Irrelevant,us
havana lawn mower,B00004RA3F,"American Lawn Mower Company 1204-14 14-Inch 4-Blade Push Reel Lawn Mower, Red",None,American Lawn Mower Company,Exact,us
honda lawn mower,B00004RA3F,"American Lawn Mower Company 1204-14 14-Inch 4-Blade Push Reel Lawn Mower, Red",None,American Lawn Mower Company,Substitute,us
honda lawnmower,B00004RA3F,"American Lawn Mower Company 1204-14 14-Inch 4-Blade Push Reel Lawn Mower, Red",None,American Lawn Mower Company,Substitute,us
landmowers,B00004RA3F,"American Lawn Mower Company 1204-14 14-Inch 4-Blade Push Reel Lawn Mower, Red",None,American Lawn Mower Company,Exact,us
lawn mower,B00004RA3F,"American Lawn Mower Company 1204-14 14-Inch 4-Blade Push Reel Lawn Mower, Red",None,American Lawn Mower Company,Exact,us
lawn mower without motor,B00004RA3F,"American Lawn Mower Company 1204-14 14-Inch 4-Blade Push Reel Lawn Mower, Red",None,American Lawn Mower Company,Exact,us
no engine pish mower,B00004RA3F,"American Lawn Mower Company 1204-14 14-Inch 4-Blade Push Reel Lawn Mower, Red",None,American Lawn Mower Company,Exact,us
reel mower with grass catcher,B00004RA3F,"American Lawn Mower Company 1204-14 14-Inch 4-Blade Push Reel Lawn Mower, Red",None,American Lawn Mower Company,Substitute,us
!awnmower tires without rims,B01H3KC5U2,Craftsman 532403111 Mower Front Drive Wheels (Pack of 2),"(2) AYP Craftsman Mower Front Drive Wheels for 194231X460 NEW Product Description Brand New - Unused Parts Genuine, OEM, AYP Product Includes 2 Front Drive Wheels Item Specifications: Manufactured by Oregon to fit Craftsman AYP is the OEM manufacturer of Craftsman products Replaces part number 194231X427 8"" x 1.75"" Fits Craftsman models: 917376091 917370441 917379470 917376531 917371650 917376391 917255540 917254470 917254501 917254502 917254381 917254570 917254571 917254572 917254590 917254591 ",Craftsman,Irrelevant,us
havana lawn mower,B01H3KC5U2,Craftsman 532403111 Mower Front Drive Wheels (Pack of 2),"(2) AYP Craftsman Mower Front Drive Wheels for 194231X460 NEW Product Description Brand New - Unused Parts Genuine, OEM, AYP Product Includes 2 Front Drive Wheels Item Specifications: Manufactured by Oregon to fit Craftsman AYP is the OEM manufacturer of Craftsman products Replaces part number 194231X427 8"" x 1.75"" Fits Craftsman models: 917376091 917370441 917379470 917376531 917371650 917376391 917255540 917254470 917254501 917254502 917254381 917254570 917254571 917254572 917254590 917254591 ",Craftsman,Exact,us
hoop house garden,B07D7TBSGH,"FOTMISHU 6Pcs Greenhouse Hoops Rust-Free Grow Tunnel Tunnel, 4ft Long Steel with Plastic Coated Plant Supports for Garden Fabric, Plant Support Garden Stakes","<p><b>Description:</b><br><b>Material:</b>plastic coated steel pipe<b>Size</b>Length 120 (the size before bending), width 50 * height 48CM(The size after bending)<b>Weight:</b> 720g<b>Color:</b>green<b>Packing includ:</b>6pcs hoops/bag<b>Product Usage:</b><br>1, can be used for the traction of Tomatoes vine, vines and some natural climbing plants. with support<br>2, can be used as a support for the greenhouse<br>3, Garden Hoops provide convenience for your garden plant work<br><b>Features:</b><b",FOTMISHU,Exact,us
plants shade cover,B07D7TBSGH,"FOTMISHU 6Pcs Greenhouse Hoops Rust-Free Grow Tunnel Tunnel, 4ft Long Steel with Plastic Coated Plant Supports for Garden Fabric, Plant Support Garden Stakes","<p><b>Description:</b><br><b>Material:</b>plastic coated steel pipe<b>Size</b>Length 120 (the size before bending), width 50 * height 48CM(The size after bending)<b>Weight:</b> 720g<b>Color:</b>green<b>Packing includ:</b>6pcs hoops/bag<b>Product Usage:</b><br>1, can be used for the traction of Tomatoes vine, vines and some natural climbing plants. with support<br>2, can be used as a support for the greenhouse<br>3, Garden Hoops provide convenience for your garden plant work<br><b>Features:</b><b",FOTMISHU,Complement,us
metal gates fencing,B07DHX8YH2,"Zippity Outdoor Products ZP19026 Lightweight Portable Vinyl Picket Fence Kit w/Metal Base(42"" H x 92"" W), White",None,Zippity Outdoor Products,Substitute,us
out door dog fence,B07DHX8YH2,"Zippity Outdoor Products ZP19026 Lightweight Portable Vinyl Picket Fence Kit w/Metal Base(42"" H x 92"" W), White",None,Zippity Outdoor Products,Substitute,us
black screen covering,B07DS3J3MB,ColourTree 6' x 50' Black Fence Privacy Screen Windscreen Cover Fabric Shade Tarp Netting Mesh Cloth - Commercial Grade 170 GSM - Cable Zip Ties Included - We Make Custom Size,None,ColourTree,Exact,us
privacy mesh fence,B07DS3J3MB,ColourTree 6' x 50' Black Fence Privacy Screen Windscreen Cover Fabric Shade Tarp Netting Mesh Cloth - Commercial Grade 170 GSM - Cable Zip Ties Included - We Make Custom Size,None,ColourTree,Exact,us
greenhouse dome,B07L41H13T,"MIXC 10-Pack Seed Trays Seedling Starter Tray, Humidity Adjustable Plant Starter Kit with Dome and Base Greenhouse Grow Trays Mini Propagator for Seeds Growing Starting (12 Cells per Tray)","<b>MIXC Seedling Starter Trays Kit</b></br> It's your best choice for creating a greenhouse environment with high humidity and warm air for your seeds</br> </br> <b>What is the difference between our seedling starter trays and others? </b></br> -Transparent trays of our seed grow kit make it easy to observe your plants without interrupting the process, you can visually observe the growth of root. </br> -Built-in adjustable vents of this seed trays allow you to regulate the temperature and humidi",MIXC,Substitute,us
propogator,B07L41H13T,"MIXC 10-Pack Seed Trays Seedling Starter Tray, Humidity Adjustable Plant Starter Kit with Dome and Base Greenhouse Grow Trays Mini Propagator for Seeds Growing Starting (12 Cells per Tray)","<b>MIXC Seedling Starter Trays Kit</b></br> It's your best choice for creating a greenhouse environment with high humidity and warm air for your seeds</br> </br> <b>What is the difference between our seedling starter trays and others? </b></br> -Transparent trays of our seed grow kit make it easy to observe your plants without interrupting the process, you can visually observe the growth of root. </br> -Built-in adjustable vents of this seed trays allow you to regulate the temperature and humidi",MIXC,Exact,us
starter trey,B07L41H13T,"MIXC 10-Pack Seed Trays Seedling Starter Tray, Humidity Adjustable Plant Starter Kit with Dome and Base Greenhouse Grow Trays Mini Propagator for Seeds Growing Starting (12 Cells per Tray)","<b>MIXC Seedling Starter Trays Kit</b></br> It's your best choice for creating a greenhouse environment with high humidity and warm air for your seeds</br> </br> <b>What is the difference between our seedling starter trays and others? </b></br> -Transparent trays of our seed grow kit make it easy to observe your plants without interrupting the process, you can visually observe the growth of root. </br> -Built-in adjustable vents of this seed trays allow you to regulate the temperature and humidi",MIXC,Exact,us
black screen covering,B07MFP4PPQ,"Sunnyglade 6 feet x 50 feet Privacy Screen Fence Heavy Duty Fencing Mesh Shade Net Cover for Wall Garden Yard Backyard (6 ft X 50 ft, Green)",None,Sunnyglade,Exact,us
chicken coop tarp,B07MFP4PPQ,"Sunnyglade 6 feet x 50 feet Privacy Screen Fence Heavy Duty Fencing Mesh Shade Net Cover for Wall Garden Yard Backyard (6 ft X 50 ft, Green)",None,Sunnyglade,Exact,us
outdoor wall covering,B07MFP4PPQ,"Sunnyglade 6 feet x 50 feet Privacy Screen Fence Heavy Duty Fencing Mesh Shade Net Cover for Wall Garden Yard Backyard (6 ft X 50 ft, Green)",None,Sunnyglade,Exact,us
privacy fence,B07MFP4PPQ,"Sunnyglade 6 feet x 50 feet Privacy Screen Fence Heavy Duty Fencing Mesh Shade Net Cover for Wall Garden Yard Backyard (6 ft X 50 ft, Green)",None,Sunnyglade,Exact,us
privacy mesh fence,B07MFP4PPQ,"Sunnyglade 6 feet x 50 feet Privacy Screen Fence Heavy Duty Fencing Mesh Shade Net Cover for Wall Garden Yard Backyard (6 ft X 50 ft, Green)",None,Sunnyglade,Exact,us
privacy screen,B07MFP4PPQ,"Sunnyglade 6 feet x 50 feet Privacy Screen Fence Heavy Duty Fencing Mesh Shade Net Cover for Wall Garden Yard Backyard (6 ft X 50 ft, Green)",None,Sunnyglade,Exact,us
baby door gate,B07S7LGN9S,"EasyBaby Products Indoor Outdoor Retractable Baby Gate, 33"" Tall, Extends up to 55"" Wide, Black","<b>This Retractable Gate Fits openings up to 55"" wide and is 33"" tall.<br> Enjoy the full walk-through space of your home’s entryways and stairways with EasyBaby retractable gate.<br> Can be installed at top and bottom of stairways, doorways, hallways, indoor and outdoor use. includes components for easy installation: stainless steel screws, catch mounts, wall spacers for the skirting board or baseboard and installation guide templates. must be fitted between rigid surfaces such as plasterboard,",EasyBaby,Exact,us
child gates,B07S7LGN9S,"EasyBaby Products Indoor Outdoor Retractable Baby Gate, 33"" Tall, Extends up to 55"" Wide, Black","<b>This Retractable Gate Fits openings up to 55"" wide and is 33"" tall.<br> Enjoy the full walk-through space of your home’s entryways and stairways with EasyBaby retractable gate.<br> Can be installed at top and bottom of stairways, doorways, hallways, indoor and outdoor use. includes components for easy installation: stainless steel screws, catch mounts, wall spacers for the skirting board or baseboard and installation guide templates. must be fitted between rigid surfaces such as plasterboard,",EasyBaby,Exact,us
retractable mesh gate,B07S7LGN9S,"EasyBaby Products Indoor Outdoor Retractable Baby Gate, 33"" Tall, Extends up to 55"" Wide, Black","<b>This Retractable Gate Fits openings up to 55"" wide and is 33"" tall.<br> Enjoy the full walk-through space of your home’s entryways and stairways with EasyBaby retractable gate.<br> Can be installed at top and bottom of stairways, doorways, hallways, indoor and outdoor use. includes components for easy installation: stainless steel screws, catch mounts, wall spacers for the skirting board or baseboard and installation guide templates. must be fitted between rigid surfaces such as plasterboard,",EasyBaby,Exact,us
metal fence roll,B07R3TNQDM,"Amgo 6' x 50' Black Fence Privacy Screen Windscreen,with Bindings & Grommets, Heavy Duty for Commercial and Residential, 90% Blockage, Cable Zip Ties Included, (Available for Custom Sizes)","<p><strong>Package Included:</strong></p> <p>1 - 6 x 50 fence privacy screen.</p> <p>1 - 80 pcs cable zip ties.</p> <p> </p> <p><strong>Specifications</strong></p> <p>★ Size: 6' x 50'</p> <p>★ Color: Black</p> <p>★ Fabric Material: High-density polyethylene, 0% recycled material, water & air permeable</p> <p>★ Blockage: 90%</p> <p>★ Finish: Black bindings & grommets all around, 1ft apart vertically, 2ft apart horizontally.</p> <p>★ Warranty: 3 years full warranty.</p> <p> </p> <p><strong>Why Cho",Amgo,Exact,us
privacy fence,B07R3TNQDM,"Amgo 6' x 50' Black Fence Privacy Screen Windscreen,with Bindings & Grommets, Heavy Duty for Commercial and Residential, 90% Blockage, Cable Zip Ties Included, (Available for Custom Sizes)","<p><strong>Package Included:</strong></p> <p>1 - 6 x 50 fence privacy screen.</p> <p>1 - 80 pcs cable zip ties.</p> <p> </p> <p><strong>Specifications</strong></p> <p>★ Size: 6' x 50'</p> <p>★ Color: Black</p> <p>★ Fabric Material: High-density polyethylene, 0% recycled material, water & air permeable</p> <p>★ Blockage: 90%</p> <p>★ Finish: Black bindings & grommets all around, 1ft apart vertically, 2ft apart horizontally.</p> <p>★ Warranty: 3 years full warranty.</p> <p> </p> <p><strong>Why Cho",Amgo,Exact,us
privacy mesh fence,B07R3TNQDM,"Amgo 6' x 50' Black Fence Privacy Screen Windscreen,with Bindings & Grommets, Heavy Duty for Commercial and Residential, 90% Blockage, Cable Zip Ties Included, (Available for Custom Sizes)","<p><strong>Package Included:</strong></p> <p>1 - 6 x 50 fence privacy screen.</p> <p>1 - 80 pcs cable zip ties.</p> <p> </p> <p><strong>Specifications</strong></p> <p>★ Size: 6' x 50'</p> <p>★ Color: Black</p> <p>★ Fabric Material: High-density polyethylene, 0% recycled material, water & air permeable</p> <p>★ Blockage: 90%</p> <p>★ Finish: Black bindings & grommets all around, 1ft apart vertically, 2ft apart horizontally.</p> <p>★ Warranty: 3 years full warranty.</p> <p> </p> <p><strong>Why Cho",Amgo,Substitute,us
sun shades for fences,B07R3TNQDM,"Amgo 6' x 50' Black Fence Privacy Screen Windscreen,with Bindings & Grommets, Heavy Duty for Commercial and Residential, 90% Blockage, Cable Zip Ties Included, (Available for Custom Sizes)","<p><strong>Package Included:</strong></p> <p>1 - 6 x 50 fence privacy screen.</p> <p>1 - 80 pcs cable zip ties.</p> <p> </p> <p><strong>Specifications</strong></p> <p>★ Size: 6' x 50'</p> <p>★ Color: Black</p> <p>★ Fabric Material: High-density polyethylene, 0% recycled material, water & air permeable</p> <p>★ Blockage: 90%</p> <p>★ Finish: Black bindings & grommets all around, 1ft apart vertically, 2ft apart horizontally.</p> <p>★ Warranty: 3 years full warranty.</p> <p> </p> <p><strong>Why Cho",Amgo,Substitute,us
garden screens for privacy,B07TVHBMZS,"DearHouse Artificial Ivy Privacy Fence Screen, 98.4x59in Artificial Hedges Fence and Faux Ivy Vine Leaf Decoration for Outdoor Garden Decor","Artificial Ivy Privacy Fence Screen, Enjoy privacy in your yard while upgrading it with a natural look using this faux ivy privacy fence screen. Simply put it on a fence in the backyard or on a balcony railing to block the view of neighbors.",DearHouse,Exact,us
blink xt2 mount,B07XG17SPY,(10 Pack) Vinyl Siding Clips Hooks No-Hole Needed Outdoor Siding Screws Hanger for Mount Home Security Camera,"These hooks for mounting home security cameras on vinyl siding without drilling or using adhesives. <br> Simple to use, you just roll the hook into any seam in the vinyl siding. <br> Easy to put up and move cameras to get the best positioning. <br> Low profile slight bend design.<br> Rust-free, No stains on your siding.<br> Each hook holds up to ten pounds .<br> <br> <b>Specifications: </b><br> <b>Material: </b>High Quality Stainless Steel<br> <b>Size: </b>Approximately 1-1/3""(3.4cm) <br> <b>Max",HUXOR,Complement,us
vinyl siding,B07XG17SPY,(10 Pack) Vinyl Siding Clips Hooks No-Hole Needed Outdoor Siding Screws Hanger for Mount Home Security Camera,"These hooks for mounting home security cameras on vinyl siding without drilling or using adhesives. <br> Simple to use, you just roll the hook into any seam in the vinyl siding. <br> Easy to put up and move cameras to get the best positioning. <br> Low profile slight bend design.<br> Rust-free, No stains on your siding.<br> Each hook holds up to ten pounds .<br> <br> <b>Specifications: </b><br> <b>Material: </b>High Quality Stainless Steel<br> <b>Size: </b>Approximately 1-1/3""(3.4cm) <br> <b>Max",HUXOR,Exact,us
11 x 21 plant trays for seedlings without holes,B08TBSXMTF,"10 Pack Plastic Growing Trays, 15.7 X 11.8 X 2.4 Growing Trays Without Holes, Hydroponic Tray for Flowers, Seedlings, Plants, Wheatgrass, Microgreens",None,wudee,Substitute,us
garden trays without holes,B08TBSXMTF,"10 Pack Plastic Growing Trays, 15.7 X 11.8 X 2.4 Growing Trays Without Holes, Hydroponic Tray for Flowers, Seedlings, Plants, Wheatgrass, Microgreens",None,wudee,Exact,us
$12 label maker that’s not a cheap one,B07QC4X29H,ASURION 4 Year Home Improvement Protection Plan $20-29.99,"Asurion is taking the guesswork out of finding product protection plans to fit your needs. Products fail - often at the most inconvenient time. It’s a good thing you’re covered because no other plan can protect your stuff the way an Asurion Protection Plan can. Simply put, Asurion Protection Plans cover your products when you need it most with a fast and easy claims process. Buy a protection plan from a company that you know and trust. Add an Asurion Protection Plan to your cart today! Please se",ASURION,Irrelevant,us
1 20 volt extension cord no it's not what i,B07QC4X29H,ASURION 4 Year Home Improvement Protection Plan $20-29.99,"Asurion is taking the guesswork out of finding product protection plans to fit your needs. Products fail - often at the most inconvenient time. It’s a good thing you’re covered because no other plan can protect your stuff the way an Asurion Protection Plan can. Simply put, Asurion Protection Plans cover your products when you need it most with a fast and easy claims process. Buy a protection plan from a company that you know and trust. Add an Asurion Protection Plan to your cart today! Please se",ASURION,Irrelevant,us
bicyle seat light,B07QC4X29H,ASURION 4 Year Home Improvement Protection Plan $20-29.99,"Asurion is taking the guesswork out of finding product protection plans to fit your needs. Products fail - often at the most inconvenient time. It’s a good thing you’re covered because no other plan can protect your stuff the way an Asurion Protection Plan can. Simply put, Asurion Protection Plans cover your products when you need it most with a fast and easy claims process. Buy a protection plan from a company that you know and trust. Add an Asurion Protection Plan to your cart today! Please se",ASURION,Irrelevant,us
birch bay stickers,B07QC4X29H,ASURION 4 Year Home Improvement Protection Plan $20-29.99,"Asurion is taking the guesswork out of finding product protection plans to fit your needs. Products fail - often at the most inconvenient time. It’s a good thing you’re covered because no other plan can protect your stuff the way an Asurion Protection Plan can. Simply put, Asurion Protection Plans cover your products when you need it most with a fast and easy claims process. Buy a protection plan from a company that you know and trust. Add an Asurion Protection Plan to your cart today! Please se",ASURION,Irrelevant,us
dimmer knobs chrome,B07QC4X29H,ASURION 4 Year Home Improvement Protection Plan $20-29.99,"Asurion is taking the guesswork out of finding product protection plans to fit your needs. Products fail - often at the most inconvenient time. It’s a good thing you’re covered because no other plan can protect your stuff the way an Asurion Protection Plan can. Simply put, Asurion Protection Plans cover your products when you need it most with a fast and easy claims process. Buy a protection plan from a company that you know and trust. Add an Asurion Protection Plan to your cart today! Please se",ASURION,Irrelevant,us
do not water plants sign,B07QC4X29H,ASURION 4 Year Home Improvement Protection Plan $20-29.99,"Asurion is taking the guesswork out of finding product protection plans to fit your needs. Products fail - often at the most inconvenient time. It’s a good thing you’re covered because no other plan can protect your stuff the way an Asurion Protection Plan can. Simply put, Asurion Protection Plans cover your products when you need it most with a fast and easy claims process. Buy a protection plan from a company that you know and trust. Add an Asurion Protection Plan to your cart today! Please se",ASURION,Irrelevant,us
gold slave for 15 years,B07QC4X29H,ASURION 4 Year Home Improvement Protection Plan $20-29.99,"Asurion is taking the guesswork out of finding product protection plans to fit your needs. Products fail - often at the most inconvenient time. It’s a good thing you’re covered because no other plan can protect your stuff the way an Asurion Protection Plan can. Simply put, Asurion Protection Plans cover your products when you need it most with a fast and easy claims process. Buy a protection plan from a company that you know and trust. Add an Asurion Protection Plan to your cart today! Please se",ASURION,Irrelevant,us
yeah no not happening,B00VJ8O3SM,Feelin Good Tees Hi I Don't Care Thanks Sarcasm Sarcastic Graphic Very Funny T Shirts XL Black,"Hi I Don't Care Thanks Funny T-Shirt. The best part is when you pull this shirt over your head you become the center of attention. The finest quality cotton tee. They fit great, preshrunk and we only use brand name tees. The t-shirts are heavy weight cotton tees. We have over 1000 designs. Check out our store for more funny and novelty t shirts that will become your favorite.",Feelin Good Tees,Exact,us
#try not to suck tshirt,B00XD075HU,Enough Social Interaction Graphic Novelty T Shirt 5XL Black,None,Feelin Good Tees,Substitute,us
'cause not everyone can get into lehigh,B00XD075HU,Enough Social Interaction Graphic Novelty T Shirt 5XL Black,None,Feelin Good Tees,Irrelevant,us
", funny cat suits are not repeated a week",B00XD075HU,Enough Social Interaction Graphic Novelty T Shirt 5XL Black,None,Feelin Good Tees,Exact,us
"I want a light weight chromebook, something which is easy to carry with me, It must have built in security and use google chrome as my search .",B00XD075HU,Enough Social Interaction Graphic Novelty T Shirt 5XL Black,None,Feelin Good Tees,Irrelevant,us
"I want a warm, waterproof coat with a hood. One that zips up. Preferably black or khaki green in colour. ",B00XD075HU,Enough Social Interaction Graphic Novelty T Shirt 5XL Black,None,Feelin Good Tees,Irrelevant,us
"I would choose an upper end laptop with high specifcations, so that it will last for a number of years",B00XD075HU,Enough Social Interaction Graphic Novelty T Shirt 5XL Black,None,Feelin Good Tees,Irrelevant,us
do not give into the war within shirt,B00XD075HU,Enough Social Interaction Graphic Novelty T Shirt 5XL Black,None,Feelin Good Tees,Substitute,us
fishing is not just a sport it is a way of life shirt,B00XD075HU,Enough Social Interaction Graphic Novelty T Shirt 5XL Black,None,Feelin Good Tees,Substitute,us
gifts for 2nd anniversary or guys,B00XD075HU,Enough Social Interaction Graphic Novelty T Shirt 5XL Black,None,Feelin Good Tees,Exact,us
good citizens need not fear,B00XD075HU,Enough Social Interaction Graphic Novelty T Shirt 5XL Black,None,Feelin Good Tees,Irrelevant,us
his arm is not too short to save,B00XD075HU,Enough Social Interaction Graphic Novelty T Shirt 5XL Black,None,Feelin Good Tees,Irrelevant,us
nancy polesi do not mess with me nb tees,B00XD075HU,Enough Social Interaction Graphic Novelty T Shirt 5XL Black,None,Feelin Good Tees,Irrelevant,us
no beer not going shirt,B00XD075HU,Enough Social Interaction Graphic Novelty T Shirt 5XL Black,None,Feelin Good Tees,Substitute,us
our like will not be there again gilbert alter-gilbert,B00XD075HU,Enough Social Interaction Graphic Novelty T Shirt 5XL Black,None,Feelin Good Tees,Irrelevant,us
pewdiepie merch hat,B00XD075HU,Enough Social Interaction Graphic Novelty T Shirt 5XL Black,None,Feelin Good Tees,Irrelevant,us
psych black and tan,B00XD075HU,Enough Social Interaction Graphic Novelty T Shirt 5XL Black,None,Feelin Good Tees,Exact,us
rwby shirt women,B00XD075HU,Enough Social Interaction Graphic Novelty T Shirt 5XL Black,None,Feelin Good Tees,Substitute,us
say no to socialism,B00XD075HU,Enough Social Interaction Graphic Novelty T Shirt 5XL Black,None,Feelin Good Tees,Substitute,us
the old that is strong does not wither patch,B00XD075HU,Enough Social Interaction Graphic Novelty T Shirt 5XL Black,None,Feelin Good Tees,Irrelevant,us
welder gag gifts,B00XD075HU,Enough Social Interaction Graphic Novelty T Shirt 5XL Black,None,Feelin Good Tees,Substitute,us
white shark not great just mediocre,B00XD075HU,Enough Social Interaction Graphic Novelty T Shirt 5XL Black,None,Feelin Good Tees,Substitute,us
#try not to suck tshirt,B07KDRHCZ8,Try Not To Suck Shirt Funny Baseball T-Shirt,None,Chicago T-Shirts,Exact,us
#try not to suck tshirt,B016Q1CXI8,"GKVK Mens Slimming Body Shaper Vest Shirt Abs Abdomen Slim, White, M(chest size 86cm-91cm/34inches-36inches)","<b>GKVK - Quality Enhances Life<br><br>Overview:</b><br><br>GKVK 107 is the new generation body shaper for men. Gynecomastia compression shirt to hide man boobs moobs slimming mens shapewear. This vest is designed<br>for compression to make you look thinner and slimmer, reduce your belly size and enhance pressure on the belly, which makes a nicer look for your body and<br>build confidence again.<br><br><b>Men's Elastic Sculpting Vest Thermal Compression Base Layer Slim Compression Muscle Tank Sh",GKVK,Irrelevant,us
#try not to suck tshirt,B017OA5AKI,"I Smell Hippies | Funny Ronald Reagan Conservative Merica USA Unisex T-Shirt-Adult,XL Black",A unisex t-shirt with a vibrant screen print across the chest.,Ann Arbor T-shirt Co.,Substitute,us
donald trump birthday presents,B017OA5AKI,"I Smell Hippies | Funny Ronald Reagan Conservative Merica USA Unisex T-Shirt-Adult,XL Black",A unisex t-shirt with a vibrant screen print across the chest.,Ann Arbor T-shirt Co.,Substitute,us
it takes courage not to be discouraged,B017OA5AKI,"I Smell Hippies | Funny Ronald Reagan Conservative Merica USA Unisex T-Shirt-Adult,XL Black",A unisex t-shirt with a vibrant screen print across the chest.,Ann Arbor T-shirt Co.,Irrelevant,us
mens patriots funny shirts,B017OA5AKI,"I Smell Hippies | Funny Ronald Reagan Conservative Merica USA Unisex T-Shirt-Adult,XL Black",A unisex t-shirt with a vibrant screen print across the chest.,Ann Arbor T-shirt Co.,Exact,us
no beer not going shirt,B017OA5AKI,"I Smell Hippies | Funny Ronald Reagan Conservative Merica USA Unisex T-Shirt-Adult,XL Black",A unisex t-shirt with a vibrant screen print across the chest.,Ann Arbor T-shirt Co.,Substitute,us
you may not know me but i got your 6 shirt,B017OA5AKI,"I Smell Hippies | Funny Ronald Reagan Conservative Merica USA Unisex T-Shirt-Adult,XL Black",A unisex t-shirt with a vibrant screen print across the chest.,Ann Arbor T-shirt Co.,Substitute,us
#try not to suck tshirt,B0758YVFG8,Outstanding Humor Graphic Novelty Sarcastic Funny T Shirt XL Black,None,Feelin Good Tees,Irrelevant,us
'i am not crazy juste think differently' tshirt,B0758YVFG8,Outstanding Humor Graphic Novelty Sarcastic Funny T Shirt XL Black,None,Feelin Good Tees,Substitute,us
-i am not responsible for what my face does,B0758YVFG8,Outstanding Humor Graphic Novelty Sarcastic Funny T Shirt XL Black,None,Feelin Good Tees,Irrelevant,us
1 nation design t shirts we are not descended,B0758YVFG8,Outstanding Humor Graphic Novelty Sarcastic Funny T Shirt XL Black,None,Feelin Good Tees,Substitute,us
"I want a jacket without a hood that is fairly slim-fitting, but warm.",B0758YVFG8,Outstanding Humor Graphic Novelty Sarcastic Funny T Shirt XL Black,None,Feelin Good Tees,Irrelevant,us
I would be looking for a laptop that is good value and lightweight with long battery life.,B0758YVFG8,Outstanding Humor Graphic Novelty Sarcastic Funny T Shirt XL Black,None,Feelin Good Tees,Irrelevant,us
I would buy a baubax travel jacket since I love all the pockets.,B0758YVFG8,Outstanding Humor Graphic Novelty Sarcastic Funny T Shirt XL Black,None,Feelin Good Tees,Irrelevant,us
I would buy an affordable warm jacket.I would buy a jacket that is on sale.,B0758YVFG8,Outstanding Humor Graphic Novelty Sarcastic Funny T Shirt XL Black,None,Feelin Good Tees,Irrelevant,us
I would choose a blue hoodie as a replacement jacket that i would want to buy,B0758YVFG8,Outstanding Humor Graphic Novelty Sarcastic Funny T Shirt XL Black,None,Feelin Good Tees,Irrelevant,us
I would like a light weight jacket that is medium length with a hood and a zip fastening,B0758YVFG8,Outstanding Humor Graphic Novelty Sarcastic Funny T Shirt XL Black,None,Feelin Good Tees,Irrelevant,us
I would want a warm winter jacket.  It would need a hood.,B0758YVFG8,Outstanding Humor Graphic Novelty Sarcastic Funny T Shirt XL Black,None,Feelin Good Tees,Irrelevant,us
I'm looking to get a marroon jacket. I'm looking for one which is water proof but not too heavy. I don't want a winter jacket.,B0758YVFG8,Outstanding Humor Graphic Novelty Sarcastic Funny T Shirt XL Black,None,Feelin Good Tees,Irrelevant,us
Something versatile. Like a plain black puff coat maybe. That can be worn in its own right but can easily be thrown over a hoodie or another jacket too.,B0758YVFG8,Outstanding Humor Graphic Novelty Sarcastic Funny T Shirt XL Black,None,Feelin Good Tees,Irrelevant,us
a day without wine is like just kidding shirt,B0758YVFG8,Outstanding Humor Graphic Novelty Sarcastic Funny T Shirt XL Black,None,Feelin Good Tees,Substitute,us
athletic trainer thou shalt not try me mood shirt,B0758YVFG8,Outstanding Humor Graphic Novelty Sarcastic Funny T Shirt XL Black,None,Feelin Good Tees,Substitute,us
autism: nightmare without end,B0758YVFG8,Outstanding Humor Graphic Novelty Sarcastic Funny T Shirt XL Black,None,Feelin Good Tees,Irrelevant,us
ban idiots not guns t-shirt,B0758YVFG8,Outstanding Humor Graphic Novelty Sarcastic Funny T Shirt XL Black,None,Feelin Good Tees,Substitute,us
chase the dream not the fame nike shirt,B0758YVFG8,Outstanding Humor Graphic Novelty Sarcastic Funny T Shirt XL Black,None,Feelin Good Tees,Substitute,us
do you not realize i have had diarrhea since easters,B0758YVFG8,Outstanding Humor Graphic Novelty Sarcastic Funny T Shirt XL Black,None,Feelin Good Tees,Substitute,us
engineer i'm not arguing funny engineering t-shirt,B0758YVFG8,Outstanding Humor Graphic Novelty Sarcastic Funny T Shirt XL Black,None,Feelin Good Tees,Substitute,us
"forgiving is not forgetting, it's actually",B0758YVFG8,Outstanding Humor Graphic Novelty Sarcastic Funny T Shirt XL Black,None,Feelin Good Tees,Irrelevant,us
i enjoy not having polio,B0758YVFG8,Outstanding Humor Graphic Novelty Sarcastic Funny T Shirt XL Black,None,Feelin Good Tees,Irrelevant,us
i support trans rights because i'm not an idiot,B0758YVFG8,Outstanding Humor Graphic Novelty Sarcastic Funny T Shirt XL Black,None,Feelin Good Tees,Irrelevant,us
i will not leave the house today,B0758YVFG8,Outstanding Humor Graphic Novelty Sarcastic Funny T Shirt XL Black,None,Feelin Good Tees,Substitute,us
i'm not a player i'm a gamer shirt,B0758YVFG8,Outstanding Humor Graphic Novelty Sarcastic Funny T Shirt XL Black,None,Feelin Good Tees,Irrelevant,us
i've decided i'm not old snoopy t-shirt,B0758YVFG8,Outstanding Humor Graphic Novelty Sarcastic Funny T Shirt XL Black,None,Feelin Good Tees,Exact,us
if only night would not come,B0758YVFG8,Outstanding Humor Graphic Novelty Sarcastic Funny T Shirt XL Black,None,Feelin Good Tees,Irrelevant,us
lack fear not beer,B0758YVFG8,Outstanding Humor Graphic Novelty Sarcastic Funny T Shirt XL Black,None,Feelin Good Tees,Irrelevant,us
no beer not going shirt,B0758YVFG8,Outstanding Humor Graphic Novelty Sarcastic Funny T Shirt XL Black,None,Feelin Good Tees,Substitute,us
no heaven without you shirt,B0758YVFG8,Outstanding Humor Graphic Novelty Sarcastic Funny T Shirt XL Black,None,Feelin Good Tees,Substitute,us
someday is not a day of the week shirt,B0758YVFG8,Outstanding Humor Graphic Novelty Sarcastic Funny T Shirt XL Black,None,Feelin Good Tees,Substitute,us
straight not narrow shirt,B0758YVFG8,Outstanding Humor Graphic Novelty Sarcastic Funny T Shirt XL Black,None,Feelin Good Tees,Substitute,us
survivor without a tattoo,B0758YVFG8,Outstanding Humor Graphic Novelty Sarcastic Funny T Shirt XL Black,None,Feelin Good Tees,Irrelevant,us
tony ferguson shirt,B0758YVFG8,Outstanding Humor Graphic Novelty Sarcastic Funny T Shirt XL Black,None,Feelin Good Tees,Substitute,us
um is not an answer,B0758YVFG8,Outstanding Humor Graphic Novelty Sarcastic Funny T Shirt XL Black,None,Feelin Good Tees,Substitute,us
white shark not great just mediocre,B0758YVFG8,Outstanding Humor Graphic Novelty Sarcastic Funny T Shirt XL Black,None,Feelin Good Tees,Irrelevant,us
you come at the king you best not miss,B0758YVFG8,Outstanding Humor Graphic Novelty Sarcastic Funny T Shirt XL Black,None,Feelin Good Tees,Irrelevant,us
you may not know me but i got your 6 shirt,B0758YVFG8,Outstanding Humor Graphic Novelty Sarcastic Funny T Shirt XL Black,None,Feelin Good Tees,Substitute,us
#try not to suck tshirt,B07DMR9L6N,Try not to Suck T-Shirt Funny Cool Sport Ballgame Sarcastic,None,Seppel's Design,Exact,us
athletic trainer thou shalt not try me mood shirt,B07DMR9L6N,Try not to Suck T-Shirt Funny Cool Sport Ballgame Sarcastic,None,Seppel's Design,Substitute,us
#try not to suck tshirt,B07FQKM692,WELL THAT SUCKS SHIRT - That is annoying T-Shirt,None,T-Shirts with Funny Sayings for Men and Women,Substitute,us
#try not to suck tshirt,B015G0IQ6I,Someone Awesome Comes Along Graphic Novelty Sarcastic Funny T Shirt L Black,None,Feelin Good Tees,Irrelevant,us
I want a jacket that keeps me dry and warm and preferably purple.,B015G0IQ6I,Someone Awesome Comes Along Graphic Novelty Sarcastic Funny T Shirt L Black,None,Feelin Good Tees,Irrelevant,us
"I want a laptop that allows me to play some older games, surf the internet, and watch dvd's and blu-ray disks. ",B015G0IQ6I,Someone Awesome Comes Along Graphic Novelty Sarcastic Funny T Shirt L Black,None,Feelin Good Tees,Irrelevant,us
I would buy a baubax travel jacket since I love all the pockets.,B015G0IQ6I,Someone Awesome Comes Along Graphic Novelty Sarcastic Funny T Shirt L Black,None,Feelin Good Tees,Irrelevant,us
I would buy a nice comfortable sweater. A hoodie preferably. I don't care about the appearance nearly as much as i do about comfort.,B015G0IQ6I,Someone Awesome Comes Along Graphic Novelty Sarcastic Funny T Shirt L Black,None,Feelin Good Tees,Complement,us
I would buy a simple black waterproof jacket with lots of pockets.,B015G0IQ6I,Someone Awesome Comes Along Graphic Novelty Sarcastic Funny T Shirt L Black,None,Feelin Good Tees,Irrelevant,us
"I would buy a waterproof jacket that is also warm, even in winter.  The jacket would also need to fit well and have multiple pockets.",B015G0IQ6I,Someone Awesome Comes Along Graphic Novelty Sarcastic Funny T Shirt L Black,None,Feelin Good Tees,Irrelevant,us
I would want a warm winter jacket.  It would need a hood.,B015G0IQ6I,Someone Awesome Comes Along Graphic Novelty Sarcastic Funny T Shirt L Black,None,Feelin Good Tees,Irrelevant,us
It’s a lightweight jacket that is water and wind resistant but has a fleece lining so it can be used in a wide variety of weather. ,B015G0IQ6I,Someone Awesome Comes Along Graphic Novelty Sarcastic Funny T Shirt L Black,None,Feelin Good Tees,Irrelevant,us
The laptop I would choose would be a silver apple Macbook. It would be thin and easy to carry around.,B015G0IQ6I,Someone Awesome Comes Along Graphic Novelty Sarcastic Funny T Shirt L Black,None,Feelin Good Tees,Irrelevant,us
if youre not first youre last shirt,B015G0IQ6I,Someone Awesome Comes Along Graphic Novelty Sarcastic Funny T Shirt L Black,None,Feelin Good Tees,Substitute,us
nancy polesi do not mess with me nb tees,B015G0IQ6I,Someone Awesome Comes Along Graphic Novelty Sarcastic Funny T Shirt L Black,None,Feelin Good Tees,Exact,us
$0.00 not kindleunlimited,B0926VH8DK,Blood in the Bayou: A Bone-Chilling FBI Thriller (FBI Agent Jade Monroe Live or Die Series Book 1),"On her first assignment since her promotion to SSA status in the Serial Crimes Unit of the FBI, Jade Monroe and her new partner, Lorenzo DeLeon, are tasked to southern Louisiana, where disturbing discoveries have been made. Human bones have been found in numerous sites deep in bayou country, and the locals aren’t too excited about having outsiders poking around in their business.<br><br>When Jade has a chance meeting with a local hunter, she finds his assistance exactly what she needs to break t",,Substitute,us
$0.00 not kindleunlimited,B084VVGLY4,The School Mistress (Emerson Pass Historicals Book 1),"<h2>An untested teacher. A wealthy benefactor. When their attraction becomes undeniable, will they open their hearts to each other?</h2><p>Colorado, 1910. Quinn Cooper can’t help feeling uneasy. But securing a job as a schoolmarm in a tiny frontier town was the only way to save her family from starvation back in Boston. And her nerves aren’t eased by a stray gunshot that spooks the sleigh horses, casting her into the snow… until she’s rescued by a handsome stranger.</p><p>Lord Alexander Barnes k",,Exact,us
$0.00 not kindleunlimited,B07K8TR8SQ,Wild Irish Rose (The Merriams Book 1),"<p><b>International Bestselling Author Ava Miles kicks off another blockbuster feel-good family series with an irreverent hero, two well-intentioned matchmakers, and a heroine as beautiful as a wild Irish rose. A <i>USA Today</i> Bestseller.</b><br><br>Billionaire Trevor Merriam doesn’t like being ordered around by his older brother, much less to a sleepy Irish village to complete a business deal for their family company.</p><p>Worse: the owner of the land he needs to buy doesn’t want him there.",,Irrelevant,us
$0.00 not kindleunlimited,B07DTJ8YNJ,Everything Is F*cked: A Book About Hope (The Subtle Art of Not Giving a F*ck (2 Book Series)),"<p><strong>NEW YORK TIMES BESTSELLER</strong><strong><br /></strong></p><p><strong>From the author of the international mega-bestseller <em>The Subtle Art of Not Giving A F*ck</em> comes a counterintuitive guide to the problems of hope. <br /></strong><br />We live in an interesting time. Materially, everything is the best it’s ever been—we are freer, healthier and wealthier than any people in human history. Yet, somehow everything seems to be irreparably and horribly f*cked—the planet is warmin",,Irrelevant,us
the suddle art of not giving a f kindle,B07DTJ8YNJ,Everything Is F*cked: A Book About Hope (The Subtle Art of Not Giving a F*ck (2 Book Series)),"<p><strong>NEW YORK TIMES BESTSELLER</strong><strong><br /></strong></p><p><strong>From the author of the international mega-bestseller <em>The Subtle Art of Not Giving A F*ck</em> comes a counterintuitive guide to the problems of hope. <br /></strong><br />We live in an interesting time. Materially, everything is the best it’s ever been—we are freer, healthier and wealthier than any people in human history. Yet, somehow everything seems to be irreparably and horribly f*cked—the planet is warmin",,Exact,us
$0.00 not kindleunlimited,B01LYDS038,Epic Zero: Tales of a Not-So-Super 6th Grader Books 1-3 (Epic Zero Collection Book 1),"<b>Growing up in a superhero family is cool, unless you're powerless...</b><br>**Gold Medal Winner - Readers' Favorite Book Awards.**<br>★★★★★<b>Over 6,000 five-star series reviews on Amazon and Goodreads.</b><br><br>All Elliott Harkness wants is to be a superhero. His parents are superheroes. His older sister is a superhero. Heck, even his dog is a superhero. But Elliott has a problem—he’s a “Zero”—which is super-speak for powerless! So, while his family is off fighting crime, Elliott is stuck ",,Exact,us
$0.00 not kindleunlimited,B019MMUA8S,The Subtle Art of Not Giving a F*ck: A Counterintuitive Approach to Living a Good Life (Mark Manson Collection Book 1),"<p><strong>#1 <em>New York Times</em> Bestseller</strong></p><p><strong>Over 10 million copies sold</strong></p><p>In this generation-defining self-help guide, a superstar blogger cuts through the crap to show us how to stop trying to be ""positive"" all the time so that we can truly become better, happier people.</p><p>For decades, we’ve been told that positive thinking is the key to a happy, rich life. ""F**k positivity,"" Mark Manson says. ""Let’s be honest, shit is f**ked and we have to live with",HarperOne,Irrelevant,us
books not kindle,B019MMUA8S,The Subtle Art of Not Giving a F*ck: A Counterintuitive Approach to Living a Good Life (Mark Manson Collection Book 1),"<p><strong>#1 <em>New York Times</em> Bestseller</strong></p><p><strong>Over 10 million copies sold</strong></p><p>In this generation-defining self-help guide, a superstar blogger cuts through the crap to show us how to stop trying to be ""positive"" all the time so that we can truly become better, happier people.</p><p>For decades, we’ve been told that positive thinking is the key to a happy, rich life. ""F**k positivity,"" Mark Manson says. ""Let’s be honest, shit is f**ked and we have to live with",HarperOne,Exact,us
dear girls,B019MMUA8S,The Subtle Art of Not Giving a F*ck: A Counterintuitive Approach to Living a Good Life (Mark Manson Collection Book 1),"<p><strong>#1 <em>New York Times</em> Bestseller</strong></p><p><strong>Over 10 million copies sold</strong></p><p>In this generation-defining self-help guide, a superstar blogger cuts through the crap to show us how to stop trying to be ""positive"" all the time so that we can truly become better, happier people.</p><p>For decades, we’ve been told that positive thinking is the key to a happy, rich life. ""F**k positivity,"" Mark Manson says. ""Let’s be honest, shit is f**ked and we have to live with",HarperOne,Irrelevant,us
gary john bishop,B019MMUA8S,The Subtle Art of Not Giving a F*ck: A Counterintuitive Approach to Living a Good Life (Mark Manson Collection Book 1),"<p><strong>#1 <em>New York Times</em> Bestseller</strong></p><p><strong>Over 10 million copies sold</strong></p><p>In this generation-defining self-help guide, a superstar blogger cuts through the crap to show us how to stop trying to be ""positive"" all the time so that we can truly become better, happier people.</p><p>For decades, we’ve been told that positive thinking is the key to a happy, rich life. ""F**k positivity,"" Mark Manson says. ""Let’s be honest, shit is f**ked and we have to live with",HarperOne,Exact,us
it’s christmas fact,B019MMUA8S,The Subtle Art of Not Giving a F*ck: A Counterintuitive Approach to Living a Good Life (Mark Manson Collection Book 1),"<p><strong>#1 <em>New York Times</em> Bestseller</strong></p><p><strong>Over 10 million copies sold</strong></p><p>In this generation-defining self-help guide, a superstar blogger cuts through the crap to show us how to stop trying to be ""positive"" all the time so that we can truly become better, happier people.</p><p>For decades, we’ve been told that positive thinking is the key to a happy, rich life. ""F**k positivity,"" Mark Manson says. ""Let’s be honest, shit is f**ked and we have to live with",HarperOne,Irrelevant,us
the straight state,B019MMUA8S,The Subtle Art of Not Giving a F*ck: A Counterintuitive Approach to Living a Good Life (Mark Manson Collection Book 1),"<p><strong>#1 <em>New York Times</em> Bestseller</strong></p><p><strong>Over 10 million copies sold</strong></p><p>In this generation-defining self-help guide, a superstar blogger cuts through the crap to show us how to stop trying to be ""positive"" all the time so that we can truly become better, happier people.</p><p>For decades, we’ve been told that positive thinking is the key to a happy, rich life. ""F**k positivity,"" Mark Manson says. ""Let’s be honest, shit is f**ked and we have to live with",HarperOne,Substitute,us
the suddle art of not giving a f kindle,B019MMUA8S,The Subtle Art of Not Giving a F*ck: A Counterintuitive Approach to Living a Good Life (Mark Manson Collection Book 1),"<p><strong>#1 <em>New York Times</em> Bestseller</strong></p><p><strong>Over 10 million copies sold</strong></p><p>In this generation-defining self-help guide, a superstar blogger cuts through the crap to show us how to stop trying to be ""positive"" all the time so that we can truly become better, happier people.</p><p>For decades, we’ve been told that positive thinking is the key to a happy, rich life. ""F**k positivity,"" Mark Manson says. ""Let’s be honest, shit is f**ked and we have to live with",HarperOne,Exact,us
$0.00 not kindleunlimited,B014V1Q6SI,Never Binge Again(tm): How Thousands of People Have Stopped Overeating and Binge Eating - and Stuck to the Diet of Their Choice! (By Reprogramming Themselves to Think Differently About Food.),"<b>If you struggle with binge eating, emotional eating, stress <br>eating, or if you repeatedly manage to lose weight only to gain it all back, you <br>may be approaching things with the wrong mindset.  </b> <br>Most contemporary thought on overeating and bingeing focuses on healing and <br>self-love. But people who've overcome food addiction and weight <br>issues often report it was more like capturing and caging a rabid dog than <br>learning to love their inner child... <br>Open the cage even ",,Irrelevant,us
$0.00 not kindleunlimited,B00YF8TIRY,Wiggly the Worm: Fun Short Stories for Kids (Early Bird Reader Book 1),"<p>Follow the adventures of Wiggly Worm and his best friends (Snarky Snail, Rattles Snake, and Munchy Mosquito). Wiggly and his friends live in a backyard garden. What happens when they decide to explore outside the yard?</p><p><strong>This is an excellent story book for early readers, reading aloud at home, and as a bedtime story.</strong></p><ul><li>5 fun short stories for kids</li><li>Includes ""just for fun"" activities</li><li>Short story chapter book with pictures</li><li>Perfect for a bedti",,Exact,us
$0.00 not kindleunlimited,B00KUX0NAE,The Keys to my Diary: Fern -- A Florida Keys rom-com beach read romance novel,"<b>Hi, there! Would YOU like to take a peek in my diary?</b> <br> <br>Wait, we haven't been introduced. My name is Fern, and by some wonderful stroke of good luck, I live in the beautiful, tropical Florida Keys. <br> <br>My life is wacky, often wild, and always entertaining. From my love-hate relationship with the book, The Secret, to my encounters with cursing parrots and skittering crabs, the summations of my offbeat life will make you laugh right along with me. <br> <br>It is a particularly e",,Exact,us
$0.00 not kindleunlimited,B004OL2OKK,A Family Affair: A Small Town Family Saga (Truth In Lies Book 1),None,,Complement,us
'moment case' for iphone 7 not the plus,B07TB7C24Z,"NEWDERY Battery Case for iPhone 6 Plus, 6s Plus, 7 Plus, 8 Plus, 5000mAh Charging Case Extended Battery Pack Protective Charger Case for iPhone 7 Plus 8 Plus 5.5 inches",None,NEWDERY,Irrelevant,us
'moment case' for iphone 7 not the plus,B07QDXRY1V,kwmobile Crossbody Case Compatible with Apple iPhone 7 Plus / 8 Plus - Case Clear TPU Phone Cover w/Lanyard Cord Strap - Transparent/Black,"kwmobile stands for modern, practical and affordable gadgets for smartphones, tablets and other electronic devices. We offer the perfect accessories for a variety of manufacturers' brands and models.<ul></ul><ul></ul><b>Details</b><ul></ul><ul><li>COMPATIBILITY: Compatible with Apple iPhone 7 Plus / 8 Plus</li><li>CONVENIENT STRAP: Wear this lanyard case around your neck or crossbody so your phone is always safely with you</li><li>TRANSPARENT TPU: The case is made of soft, protective plastic to ",kwmobile,Irrelevant,us
'moment case' for iphone 7 not the plus,B07QDXRY1V,kwmobile Carcasa Compatible con Apple iPhone 7 Plus / 8 Plus - Funda Transparente TPU con Cuerda para Colgar - Transparente/Negro,kwmobile forma parte de una empresa alemana que ofrece accesorios originales para diferentes tipos de dispositivos electrónicos. Entre su gama de productos encontrarás justo lo que estabas buscando.<ul></ul><ul></ul><b>Propiedades</b><ul></ul><ul><li>COMPATIBILIDAD: Compatible con Apple iPhone 7 Plus / 8 Plus.</li><li>SIEMPRE SEGURO: Lleva tu móvil de forma segura con este práctico case protector con cinta para el cuello. Al usarlo evitarás que tu smartphone se caiga por si se te resbala de las ,kwmobile,Irrelevant,us
'moment case' for iphone 7 not the plus,B07MNW6Y9C,"QLTYPRI iPhone 7 Plus 8 Plus Case, Premium PU Leather Cover TPU Bumper with Card Holder Kickstand Hidden Magnetic Adsorption Shockproof Flip Wallet Case for iPhone 7 Plus 8 Plus - Blue","<p><b>Design</b></p> <p>- With a simple color designing looks retro and vintage, which also makes your phone classic and stylish. </p> <p>- Precise cut out, better protect your phone from dust, scratches, bumps and other daily damages. </p> <p>- The leather case with 3 card slots and 1 cash pocket is convenient for you to put your card or cash in. One of the card slot is transparent that you can put in a photo. </p> <p>- This durable case with hidden magnetic adsorption designing provides a secu",QLTYPRI,Irrelevant,us
'moment case' for iphone 7 not the plus,B07LB167FQ,"TopSZ Yellow Pikacu Case for iPhone 8 Plus/7 Plus 5.5"", Silicone 3D Cartoon Animal Cover,Kids Girls Teens Boys Animated Cool Fun Cute Kawaii Soft Rubber Funny Character Cases for iPhone 8Plus 7Plus","<b> Feature: <br></b> 1.The iPhone 7 Plus / 8 Plus 5.5"" case is pretty, beautiful adorable cartoon style, which is perfect selection for yourself or your kids, girls or boys. this Protective phone shell would get lots of compliments for the case everywhere. <br> 2.The iPhone 7Plus / 8Plus 5.5"" case is soft silicone material. It is a little big, which is convenient to you install and carry, It's very shockproof as it's made from soft silicone,so you don't have to worry about phone broken when it ",TopSZ,Irrelevant,us
'moment case' for iphone 7 not the plus,B07KPX9MYK,"Ruky iPhone 7 Plus Case, iPhone 8 Plus Glitter Case, Gradient Quicksand Series Bling Liquid Floating TPU Bumper Cushion Women Girls Case for iPhone 6 Plus 6s Plus 7 Plus 8 Plus, Gradient Teal","<br><b> Ruky Gradient Quicksand Series -- iPhone 6 Plus/6s Plus/7 Plus/8 Plus Glitter Liquid Phone Case for Girls Women</b><br> <br> 1.Combination of Glitter Liquid Design and hanging dying technology, Fashion and shiny appearance make your iPhone 6 Plus/6s Plus/7 Plus/8 Plus more attractive and fun to play with.<br> <br> 2.Slim design and perfect fit that adds minimum bulk to your iPhone 6 Plus/6s Plus/7 Plus/8 Plus. The Ruky shining case will give you a sense of comfortable and make your phone",Ruky,Substitute,us
'moment case' for iphone 7 not the plus,B087JPY57L,"Huakay iPhone 7 Plus Waterproof Case, iPhone 8 Plus Waterproof Case Full Body Shockproof Sandproof Dirtproof IP68 Underwater Outdoor Waterproof Case for iPhone 7plus/8 Plus(Black/Clear)","<p> Huakay Full Body Shockproof Sandproof Dirtproof IP68 Underwater Outdoor Waterproof Case for iPhone 7 plus/8 plus(Black/Clear)<br></p><p><b>*Key Outstanding Features</b></p><p>1.2020 new Design IP68 standard waterproof case, sandproof/shockproof/snowproof/dustproof.</p><p>2. Clear back shows original iPhone Colors, also not block the wireless charging feature without removing this case.</p><p>3.Case built-in scratch-resistant screen protector with high touch sensitivity. Can use the camera we",Huakay,Irrelevant,us
'moment case' for iphone 7 not the plus,B07JBYNNFH,"Caka iPhone 7 Plus Case, iPhone 8 Plus Glitter Case for Women Girls Bling Flowing Floating Liquid Sparkle TPU Black Case for iPhone 6 Plus 6S Plus 7 Plus 8 Plus (5.5 inch) (Blue Purple)","<b>Package:</b><br> iPhone 7 Plus Glitter Case * 1<br> iPhone 7 Plus Screen Protector * 1<br><br> <b>Note:</b><br> 1.WILL NOT FIT iPhone 6/6S/7 (4.7 inch).<br> 2.Made of high grade soft TPU material,which is beautiful and protective.<br> 3.The Edge of this case is higher than the phone surface.<br> Keep your screen protected with front raised edges that protect your screen when placed face down and wraparound shock resistant bumpers that protect against sudden drops and falls.<br><br> <b>Compare",Caka,Irrelevant,us
protective purple iphone 6 plus cases,B07JBYNNFH,"Caka iPhone 7 Plus Case, iPhone 8 Plus Glitter Case for Women Girls Bling Flowing Floating Liquid Sparkle TPU Black Case for iPhone 6 Plus 6S Plus 7 Plus 8 Plus (5.5 inch) (Blue Purple)","<b>Package:</b><br> iPhone 7 Plus Glitter Case * 1<br> iPhone 7 Plus Screen Protector * 1<br><br> <b>Note:</b><br> 1.WILL NOT FIT iPhone 6/6S/7 (4.7 inch).<br> 2.Made of high grade soft TPU material,which is beautiful and protective.<br> 3.The Edge of this case is higher than the phone surface.<br> Keep your screen protected with front raised edges that protect your screen when placed face down and wraparound shock resistant bumpers that protect against sudden drops and falls.<br><br> <b>Compare",Caka,Substitute,us
'moment case' for iphone 7 not the plus,B07CYQQHZ4,"J.west iPhone 8 Plus Case/iPhone 7 Plus Case, Cute Ultra Thin [Tinfoil Series] Macaron Color Bling Lightweight Soft TPU Case Cover for iPhone 7 Plus / 8 Plus (Pink)","<b> iPhone 8 Plus Case, iPhone 7 Plus Case, J.west IMD Design Bumper Slim TPU Soft Rubber Cover Anti-Scratch Thin Back Protective Phone Case for iPhone 7 Plus / 8 Plus <br> </b> - Allowing full access to touchscreen, camera, buttons, and ports. Conveniently to access and remove. <br> - Material: Soft Silicone TPU Rubber Silicone. <br> - Protecting your device from scratches, dust, shock and fingerprint. <br> - Perfect cutouts allow you to maximize the functionality of your device. <br> - High Qu",J.west,Irrelevant,us
iphone 8 plus large watermelon silicone,B07CYQQHZ4,"J.west iPhone 8 Plus Case/iPhone 7 Plus Case, Cute Ultra Thin [Tinfoil Series] Macaron Color Bling Lightweight Soft TPU Case Cover for iPhone 7 Plus / 8 Plus (Pink)","<b> iPhone 8 Plus Case, iPhone 7 Plus Case, J.west IMD Design Bumper Slim TPU Soft Rubber Cover Anti-Scratch Thin Back Protective Phone Case for iPhone 7 Plus / 8 Plus <br> </b> - Allowing full access to touchscreen, camera, buttons, and ports. Conveniently to access and remove. <br> - Material: Soft Silicone TPU Rubber Silicone. <br> - Protecting your device from scratches, dust, shock and fingerprint. <br> - Perfect cutouts allow you to maximize the functionality of your device. <br> - High Qu",J.west,Substitute,us
'moment case' for iphone 7 not the plus,B07BDJ52BF,"YOUMAKER Case for iPhone 8 Plus & iPhone 7 Plus, Full Body with Built-in Screen Protector Heavy Duty Protection Shockproof Slim Fit Cover for Apple iPhone 8 Plus 5.5 Inch - Blue","<b>YOUMAKER, Your Wise Maker</b><br>Functionality, style, and quality, YOUMAKER is committed to bringing the most comprehensive user experience with the most dedicated passion. Our tablet and cell phone cases are proved to be one of the most popular digital device partners with the best affordability by the market. YOUMAKER is never going to hesitate with improvisation and innovation and always consider your concerns at the first place. We are pleasant to let the products do the talking and grat",YOUMAKER,Irrelevant,us
'moment case' for iphone 7 not the plus,B075LGQ2ZC,"Dockem Luxe Wallet Case for iPhone 8 Plus and 7 Plus - Slim, Simple Card Case with UltraGrip Canvas Style Synthetic Leather: Professional Executive Cover with 2 Card/ID Holder Slots [Black and Grey]",The Dockem Luxe Card Case for iPhone 8 Plus and iPhone 7 Plus is a highly functional yet attractive case. The premium Twill Canvas style synthetic leather with the elegant UltraGrip texture gives a sophisticated feel that provides a versatile look and comfortable grip; it fits in with your casual jeans but also doesn't look out of place in a professional business environment. 2 card slots make this case a functional item to add to any iPhone user's repertoire. <p> <b>Go Wallet-less:</b> Free you,Dockem,Exact,us
'moment case' for iphone 7 not the plus,B06WVFM7MV,"Crave iPhone 8 Plus Case, iPhone 7 Plus Case, Dual Guard Protection Series Case for Apple iPhone 8/7 Plus (5.5 Inch) - Slate","<p><b> The perfect balance of protection and style for your phone begins with the Crave Dual Guard. </b></p> <p>Keeping your phone in perfectly working order can be difficult when you have a habit of dropping your phone or letting your kids play with it at dinner. Either way, you’re just asking to use the protection plan and get a refurbished phone in its place. That’s why you need to keep it from ever getting that far with ultimate protection from the <b>Crave Dual Guard Apple iPhone Case</b> d",Crave,Irrelevant,us
'moment case' for iphone 7 not the plus,B01MCRI209,LONTECT for iPhone 7 Plus Case Hybrid Heavy Duty Shockproof Full-Body Protective Case with Dual Layer [Hard PC+ Soft Silicone] Impact Protection for Apple iPhone 7 Plus - Black,"This 3-layer case is made of hard pc+ soft silicone. A soft silicone inner case tightly grips to your phone while absorbing shocks and bumps. Simple Snap-On design polycarbonate hard-shell case perfectly secure your device and easy access to all buttons, sensors, and ports. Package: 1x hybrid case for apple iPhone 7 Plus. Please note: Accessory only, phone not included how to install? 1.Put your phone inside the silicone layer case. 2.Put the silicone layer case into the back cover 3.Snap the pl",LONTECT,Exact,us
'moment case' for iphone 7 not the plus,B01LYMRRTW,"Dimaka iPhone 7 Plus Case, iPhone 8 Plus Case for Girls, Vintage Pattern Case [Floral Cover] 2 Layer Parts Hybrid Cover for iPhone 7 Plus and iPhone 8 Plus (Obsession Camellia)",<b>Dimaka</b> is <b>legitimate US Trademark</b> . <br> Dimaka Direct is the only Trusted Seller on Amazon. <br> <br> <b>Design to Fits All</b> <br> One Dimaka Hybrid Case = One Ink Print Pattern Covre + Full Corner Covered/Rounded Edges TPU Bumper. Designed to work with all models of the iPhone 7 Plus and iPhone 8 Plus. Soft inner TPU and hard Polycarbonate outer shell dual layer case offers excellent shock absorption and abrasion resistance while maintaining a thin form factor and providing an ,Dimaka,Irrelevant,us
iphone 8 plus case dual layer,B01LYMRRTW,"Dimaka iPhone 7 Plus Case, iPhone 8 Plus Case for Girls, Vintage Pattern Case [Floral Cover] 2 Layer Parts Hybrid Cover for iPhone 7 Plus and iPhone 8 Plus (Obsession Camellia)",<b>Dimaka</b> is <b>legitimate US Trademark</b> . <br> Dimaka Direct is the only Trusted Seller on Amazon. <br> <br> <b>Design to Fits All</b> <br> One Dimaka Hybrid Case = One Ink Print Pattern Covre + Full Corner Covered/Rounded Edges TPU Bumper. Designed to work with all models of the iPhone 7 Plus and iPhone 8 Plus. Soft inner TPU and hard Polycarbonate outer shell dual layer case offers excellent shock absorption and abrasion resistance while maintaining a thin form factor and providing an ,Dimaka,Exact,us
wildflower cases iphone 8 plus,B01LYMRRTW,"Dimaka iPhone 7 Plus Case, iPhone 8 Plus Case for Girls, Vintage Pattern Case [Floral Cover] 2 Layer Parts Hybrid Cover for iPhone 7 Plus and iPhone 8 Plus (Obsession Camellia)",<b>Dimaka</b> is <b>legitimate US Trademark</b> . <br> Dimaka Direct is the only Trusted Seller on Amazon. <br> <br> <b>Design to Fits All</b> <br> One Dimaka Hybrid Case = One Ink Print Pattern Covre + Full Corner Covered/Rounded Edges TPU Bumper. Designed to work with all models of the iPhone 7 Plus and iPhone 8 Plus. Soft inner TPU and hard Polycarbonate outer shell dual layer case offers excellent shock absorption and abrasion resistance while maintaining a thin form factor and providing an ,Dimaka,Substitute,us
'moment case' for iphone 7 not the plus,B07KMCK7F2,"Battery Case for iPhone 8 Plus/7 Plus/6s Plus/6 Plus, 8000mAh Ultra-Slim Portable Charger Case Rechargeable Battery Charging Case Compatible with iPhone 6 Plus/6s Plus/7 Plus/8 Plus (5.5 inch)-Black","<b>Important Note:</b><br> ONLY compatible with iPhone 8 Plus/7 Plus/6s Plus/6 Plus (5.5 inch)<br> <br> Not compatible with iPhone 8/7/6s/6.<br> <br> Wireless charging is NOT supported<br> <br> This case is not designed to provide screen protection.<br> <br> This battery case is not automatic, press the back power button for 3 seconds to start charging.<br> <br> Not supported Car Charger, high Voltage or Quick Charge deployed adapters.<br> <br> Please use your phone original charging cable and w",SNSOU,Substitute,us
'not my circus not my monkeys my monkeys flyshirt',B07M9WZD9P,Not My Monkeys Not My Circus...My Monkeys Fly T-Shirt,None,Crazy Tees,Exact,us
not my circus not my monkeys t-shirt,B07M9WZD9P,Not My Monkeys Not My Circus...My Monkeys Fly T-Shirt,None,Crazy Tees,Exact,us
'not my circus not my monkeys my monkeys flyshirt',B07N898T8M,"Not My Circus, Not My Monkeys T-Shirt",None,Tireless Tees,Exact,us
not my circus not my monkeys,B07N898T8M,"Not My Circus, Not My Monkeys T-Shirt",None,Tireless Tees,Exact,us
not my circus not my monkeys t-shirt,B07N898T8M,"Not My Circus, Not My Monkeys T-Shirt",None,Tireless Tees,Exact,us
not my monkeys not my circus,B07N898T8M,"Not My Circus, Not My Monkeys T-Shirt",None,Tireless Tees,Exact,us
'not my circus not my monkeys my monkeys flyshirt',B07NDC5DVR,Not My Circus Not My Monkeys My Monkeys Fly Funny T-Shirt,None,Funny Graphic T-Shirts,Exact,us
not my circus not my monkeys,B07NDC5DVR,Not My Circus Not My Monkeys My Monkeys Fly Funny T-Shirt,None,Funny Graphic T-Shirts,Exact,us
'not my circus not my monkeys my monkeys flyshirt',B07P8KKRFQ,"Not My Circus, Not My Monkey's T-Shirt",None,Tireless Tees,Exact,us
not my circus not my monkeys t-shirt,B07P8KKRFQ,"Not My Circus, Not My Monkey's T-Shirt",None,Tireless Tees,Exact,us
'not my circus not my monkeys my monkeys flyshirt',B07PBX93MF,Not My Circus Not My Monkeys My Monkeys Fly Witch T Shirt,None,Easy Halloween T Shirts,Exact,us
not my circus not my monkeys t-shirt,B07PBX93MF,Not My Circus Not My Monkeys My Monkeys Fly Witch T Shirt,None,Easy Halloween T Shirts,Exact,us
not my monkeys not my circus,B07PBX93MF,Not My Circus Not My Monkeys My Monkeys Fly Witch T Shirt,None,Easy Halloween T Shirts,Substitute,us
'not my circus not my monkeys my monkeys flyshirt',B07PLTR4DV,Dresswel Women This is My Circus These are My Monkeys T-Shirt Mom Life Graphic Tee Pocket Shirt Casual Tops,Dresswel Women This Is My Circus These Are My Monkeys Mom Life Letter Print Crew Neck Solid Color Casual T-Shirt<br/>--------------------------------------------------------<br/><b>Package Including</b><br/>1 * women top,Dresswel,Substitute,us
'not my circus not my monkeys my monkeys flyshirt',B07QSXR7CV,Not my Circus Not my Monkeys T Shirt T-Shirt,None,Modern Tees Funny Pun Tshirts,Exact,us
not my circus not my monkeys,B07QSXR7CV,Not my Circus Not my Monkeys T Shirt T-Shirt,None,Modern Tees Funny Pun Tshirts,Exact,us
not my circus not my monkeys t-shirt,B07QSXR7CV,Not my Circus Not my Monkeys T Shirt T-Shirt,None,Modern Tees Funny Pun Tshirts,Exact,us
not my monkeys not my circus,B07QSXR7CV,Not my Circus Not my Monkeys T Shirt T-Shirt,None,Modern Tees Funny Pun Tshirts,Exact,us
'not my circus not my monkeys my monkeys flyshirt',B07TRJKRWF,Not My Circus Not My Monkeys T-Shirt,None,Animal Tees & Gift Idea,Exact,us
not my circus not my monkeys,B07TRJKRWF,Not My Circus Not My Monkeys T-Shirt,None,Animal Tees & Gift Idea,Exact,us
not my circus not my monkeys t-shirt,B07TRJKRWF,Not My Circus Not My Monkeys T-Shirt,None,Animal Tees & Gift Idea,Exact,us
not my monkeys not my circus,B07TRJKRWF,Not My Circus Not My Monkeys T-Shirt,None,Animal Tees & Gift Idea,Exact,us
'not my circus not my monkeys my monkeys flyshirt',B0922LX2HH,"Say No to the Prick Shirt,Don't Trust the Prick Anti Vaccine T-Shirt",None,"Anti Vaccine T Shirt for Men,Women,Adults,Teens",Irrelevant,us
'not my circus not my monkeys my monkeys flyshirt',B07WVN9KL3,Funny Mom This Is My Circus And These Are My Monkeys T-Shirt,None,VSDS,Substitute,us
'not my circus not my monkeys my monkeys flyshirt',B07WYZ5PD2,Not My Circus Not My Monkeys Party T-Shirt,None,Monkeys Fly Witch Costume Halloween Gifts,Exact,us
not my circus not my monkeys,B07WYZ5PD2,Not My Circus Not My Monkeys Party T-Shirt,None,Monkeys Fly Witch Costume Halloween Gifts,Exact,us
not my circus not my monkeys t-shirt,B07WYZ5PD2,Not My Circus Not My Monkeys Party T-Shirt,None,Monkeys Fly Witch Costume Halloween Gifts,Exact,us
'not my circus not my monkeys my monkeys flyshirt',B07ZJ5FDTV,Not My Circus Not My Monkeys - Wine Tumbler with Sliding Lid - Stemless Stainless Steel Insulated Cup - Funny Retirement Gifts - Pink,"Bevvee 12 ounce vacuum sealed cups are the perfect gift for outdoorsy friends and family that are will spend retirement outdoors! <br><br> Eye catching design meticulously etched (not printed) into the glass so that it never wears off. If you're looking for gift ideas for women that are retiring, then this cup will make a fun accessory for their collection. Fun birthday gift for moms and dads that love unique wine accessories. <br> <br> Whether you prefer to spend the summer at the beach or by t",Bevvee,Irrelevant,us
not my circus not my monkeys,B07ZJ5FDTV,Not My Circus Not My Monkeys - Wine Tumbler with Sliding Lid - Stemless Stainless Steel Insulated Cup - Funny Retirement Gifts - Pink,"Bevvee 12 ounce vacuum sealed cups are the perfect gift for outdoorsy friends and family that are will spend retirement outdoors! <br><br> Eye catching design meticulously etched (not printed) into the glass so that it never wears off. If you're looking for gift ideas for women that are retiring, then this cup will make a fun accessory for their collection. Fun birthday gift for moms and dads that love unique wine accessories. <br> <br> Whether you prefer to spend the summer at the beach or by t",Bevvee,Exact,us
not my monkeys not my circus,B07ZJ5FDTV,Not My Circus Not My Monkeys - Wine Tumbler with Sliding Lid - Stemless Stainless Steel Insulated Cup - Funny Retirement Gifts - Pink,"Bevvee 12 ounce vacuum sealed cups are the perfect gift for outdoorsy friends and family that are will spend retirement outdoors! <br><br> Eye catching design meticulously etched (not printed) into the glass so that it never wears off. If you're looking for gift ideas for women that are retiring, then this cup will make a fun accessory for their collection. Fun birthday gift for moms and dads that love unique wine accessories. <br> <br> Whether you prefer to spend the summer at the beach or by t",Bevvee,Exact,us
'not my circus not my monkeys my monkeys flyshirt',B084RWDWGM,"Eeffoc Is Coffee Spelled Backwards, As I Dont Give Eeffoc Mug- Perfect Office Mug Sarcastic Cup Funny Mugs For Women, Men, Boss, Coworker, Employee, Boss - 11oz Coffee Mug and Tea Cup - By CBT Mugs","Enjoy your morning coffee, tea, or juice in one of our 11-ounce ceramic mugs, great for cold drinks and hot drinks alike, while declaring your love for someone special. Start a great day with our lovers’ mug, perfect for everyday use. Our stoneware mugs design are printed on both sides making a great gift or souvenir for any occasion, from birthday to engagements, housewarmings, long-distance relationships, or simply missing that special person. Any time you want to show your appreciation with a",CBTwear,Irrelevant,us
sarcastic office gifts,B084RWDWGM,"Eeffoc Is Coffee Spelled Backwards, As I Dont Give Eeffoc Mug- Perfect Office Mug Sarcastic Cup Funny Mugs For Women, Men, Boss, Coworker, Employee, Boss - 11oz Coffee Mug and Tea Cup - By CBT Mugs","Enjoy your morning coffee, tea, or juice in one of our 11-ounce ceramic mugs, great for cold drinks and hot drinks alike, while declaring your love for someone special. Start a great day with our lovers’ mug, perfect for everyday use. Our stoneware mugs design are printed on both sides making a great gift or souvenir for any occasion, from birthday to engagements, housewarmings, long-distance relationships, or simply missing that special person. Any time you want to show your appreciation with a",CBTwear,Exact,us
'not my circus not my monkeys my monkeys flyshirt',B084SRR6HS,"My Level Of Sarcasm Depends - Funny Gifts Sarcastic Coffee Mugs For Women, Men Ceramic Cup White Inspirational Gifts For the Office Mug Best Boss Mug Gag Novelty Present - 11oz Tea Cup - By CBT Mugs","Enjoy your morning coffee, tea, or juice in one of our 11-ounce ceramic mugs, great for cold drinks and hot drinks alike, while declaring your love for someone special. Start a great day with our lovers’ mug, perfect for everyday use. Our stoneware mugs design are printed on both sides making a great gift or souvenir for any occasion, from birthday to engagements, housewarmings, long-distance relationships, or simply missing that special person. Any time you want to show your appreciation with a",CBTwear,Irrelevant,us
i do not spew profanities mug,B084SRR6HS,"My Level Of Sarcasm Depends - Funny Gifts Sarcastic Coffee Mugs For Women, Men Ceramic Cup White Inspirational Gifts For the Office Mug Best Boss Mug Gag Novelty Present - 11oz Tea Cup - By CBT Mugs","Enjoy your morning coffee, tea, or juice in one of our 11-ounce ceramic mugs, great for cold drinks and hot drinks alike, while declaring your love for someone special. Start a great day with our lovers’ mug, perfect for everyday use. Our stoneware mugs design are printed on both sides making a great gift or souvenir for any occasion, from birthday to engagements, housewarmings, long-distance relationships, or simply missing that special person. Any time you want to show your appreciation with a",CBTwear,Substitute,us
sarcastic office gifts,B084SRR6HS,"My Level Of Sarcasm Depends - Funny Gifts Sarcastic Coffee Mugs For Women, Men Ceramic Cup White Inspirational Gifts For the Office Mug Best Boss Mug Gag Novelty Present - 11oz Tea Cup - By CBT Mugs","Enjoy your morning coffee, tea, or juice in one of our 11-ounce ceramic mugs, great for cold drinks and hot drinks alike, while declaring your love for someone special. Start a great day with our lovers’ mug, perfect for everyday use. Our stoneware mugs design are printed on both sides making a great gift or souvenir for any occasion, from birthday to engagements, housewarmings, long-distance relationships, or simply missing that special person. Any time you want to show your appreciation with a",CBTwear,Exact,us
'not my circus not my monkeys my monkeys flyshirt',B08FTQ43BK,Not My Circus Not My Monkey T-Shirt,None,Animal Tees & Gift Idea,Exact,us
not my circus not my monkeys,B08FTQ43BK,Not My Circus Not My Monkey T-Shirt,None,Animal Tees & Gift Idea,Exact,us
not my circus not my monkeys t-shirt,B08FTQ43BK,Not My Circus Not My Monkey T-Shirt,None,Animal Tees & Gift Idea,Exact,us
not my monkeys not my circus,B08FTQ43BK,Not My Circus Not My Monkey T-Shirt,None,Animal Tees & Gift Idea,Exact,us
'not my circus not my monkeys my monkeys flyshirt',B08R2Z7D7G,"Not My Circus Not My Monkeys My Monkeys Witch Fly Halloween 11oz Ceramic Coffee Mug, Tea Cup, Chocolate Cups, Mugs For Hot And Cold Beverages, Unique Gift Idea","<p>😄😄😄 <strong>Start your day with a smile while enjoying your morning coffee cup</strong> 😄😄😄️</p> <p>🎯️ Having morning coffee is a good way to start your day. We offer you this novelty cup with a funny quote printed on the side of the mug that will light up your day.</p> <p>☕ 11oz (325ml) - H: 3.75in, D: 3.15in.<br />☕ Perfect for coffee, tea and hot chocolate, this classic shape white, durable ceramic mug comes in the most popular size. High quality sublimation printing makes it an appreciate",ALOPW,Irrelevant,us
'not my circus not my monkeys my monkeys flyshirt',B07KGK9YVP,"Not My Circus – Cute Funny Stemless Wine Glass, Large 17 Ounces, Etched Sayings, Gift Box","- Not My Circus Not My Monkeys - Cute wine gift for parents & babysitters.<br> <br> - High quality, large, 17 oz stemless wine glass<br> <br> - Etched text (not printed) - The text is engraved by hand in the USA and will never wear off.<br> <br> - Individually boxed glasses are unique ideas for gifts for women like your best friend, sister, aunt, or any woman that loves wine.<br> <br> - Dishwasher safe! Great for daily use.<br> <br> <b>The perfect gift for fun women that love wine! </b> <br> <br",Bevvee,Exact,us
not my circus not my monkeys,B07KGK9YVP,"Not My Circus – Cute Funny Stemless Wine Glass, Large 17 Ounces, Etched Sayings, Gift Box","- Not My Circus Not My Monkeys - Cute wine gift for parents & babysitters.<br> <br> - High quality, large, 17 oz stemless wine glass<br> <br> - Etched text (not printed) - The text is engraved by hand in the USA and will never wear off.<br> <br> - Individually boxed glasses are unique ideas for gifts for women like your best friend, sister, aunt, or any woman that loves wine.<br> <br> - Dishwasher safe! Great for daily use.<br> <br> <b>The perfect gift for fun women that love wine! </b> <br> <br",Bevvee,Exact,us
not my monkeys not my circus,B07KGK9YVP,"Not My Circus – Cute Funny Stemless Wine Glass, Large 17 Ounces, Etched Sayings, Gift Box","- Not My Circus Not My Monkeys - Cute wine gift for parents & babysitters.<br> <br> - High quality, large, 17 oz stemless wine glass<br> <br> - Etched text (not printed) - The text is engraved by hand in the USA and will never wear off.<br> <br> - Individually boxed glasses are unique ideas for gifts for women like your best friend, sister, aunt, or any woman that loves wine.<br> <br> - Dishwasher safe! Great for daily use.<br> <br> <b>The perfect gift for fun women that love wine! </b> <br> <br",Bevvee,Exact,us
'not my circus not my monkeys my monkeys flyshirt',B07W1YCD42,BANGELY This is My Circus These are My Monkeys Mom T Shirt Circus Graphic Women Letter Print Mom Life Shirts Fall Casual Tops,"<b>Women's Circus Graphic Funny Mom Life Tees Short Sleeve Casual Tshirt</b><br/><br/>â¤This Is My Circus These Are My Monkeys Mom T Shirt, Letter Graphic Casual o-neck Short Sleeve Tops T Shirt<br/>â¤A Great Gift For A Halloween, Thanksgiving,Birthday, Anniversary, Graduation, Valentine's Day,<br/>Christmas, Mothers' Day, Thanksgiving Day, Easter, etc.<br/>â¤Hand/Machine Wash Cold Water,Dry Flat,Not Bleach<br/><br/><br/><b>Size Chart: </b>(1Inch=2.54cm)<br/>Size S-----Length 66cm/26.0""-----Bust",BANGELY,Exact,us
'not my circus not my monkeys my monkeys flyshirt',B07HJ7QTW4,"5Aup Christmas Gifts Funny Quote Coffee Mug, This Is My Circus and Those Are My Monkeys Novelty Ceramic Cups 11Oz, Unique Birthday and Holiday Gifts for Daughter Teacher Friend","<b>HERE IS COFFEE TIME!</b><br> <br> Whether you’re looking for a daily coffee mug for yourself, family, friends and co-workers. <br> <b>5Aup</b> is proud to offer you this funny cups for the best christmas, holiday office parties, white elephant gift exchanges,<br> and unique stocking stuffers that are great for your parents, dad, mom, male or female coworkers, brother, sister, husband, wife, uncle, aunt, bridesmaid, boyfriend, girlfriend, son, daughter, grandma, grandpa, grandson or granddaugh",5Aup,Irrelevant,us
'not my circus not my monkeys my monkeys flyshirt',B07Y29MQB2,"Polish Not my circus, not my monkeys - nie moje malpy T-Shirt",None,"Polish saying funny Not my circus, not my monkeys",Exact,us
not my circus not my monkeys t-shirt,B07Y29MQB2,"Polish Not my circus, not my monkeys - nie moje malpy T-Shirt",None,"Polish saying funny Not my circus, not my monkeys",Substitute,us
'not my circus not my monkeys my monkeys flyshirt',B07FKMDXY3,"Wampumtuk Let's Keep The Annoyance to A Minimum Today, Office Friendship Job 11 Ounces Funny Coffee Mug","Gifts for . A funny and original gift to make the point of being unique. Affordable price and elegant at the same time. This coffee mug will not crack with extra hot coffee or iced tea. It features a large C handle for comfort. Nothing is impossible. Impossible is nothing. Give it time, it will happen. ""For destiny grants us our wishes, but in its own way, in order to give us something beyond our wishes. Gift ideas for",Wampumtuk,Irrelevant,us
rae dunn not today satan mug,B07FKMDXY3,"Wampumtuk Let's Keep The Annoyance to A Minimum Today, Office Friendship Job 11 Ounces Funny Coffee Mug","Gifts for . A funny and original gift to make the point of being unique. Affordable price and elegant at the same time. This coffee mug will not crack with extra hot coffee or iced tea. It features a large C handle for comfort. Nothing is impossible. Impossible is nothing. Give it time, it will happen. ""For destiny grants us our wishes, but in its own way, in order to give us something beyond our wishes. Gift ideas for",Wampumtuk,Complement,us
'not my circus not my monkeys my monkeys flyshirt',B00MMNGDX6,"Funny Guy Mugs Not My Circus Not My Monkeys Ceramic Coffee Mug, White, 11-Ounce",None,Funny Guy Mugs,Irrelevant,us
not my monkeys not my circus,B00MMNGDX6,"Funny Guy Mugs Not My Circus Not My Monkeys Ceramic Coffee Mug, White, 11-Ounce",None,Funny Guy Mugs,Exact,us
'not my circus not my monkeys my monkeys flyshirt',B00N43ZXGG,"Some days, the best thing about my job is that the chair spins.11 oz Coffee Mug - Funny Inspirational and sarcasm",The perfect size to enjoy your morning beverage and the perfect gift for your loved ones that special day.,A Mug To Keep Designs,Irrelevant,us
", i will not die an unlived life",B00N43ZXGG,"Some days, the best thing about my job is that the chair spins.11 oz Coffee Mug - Funny Inspirational and sarcasm",The perfect size to enjoy your morning beverage and the perfect gift for your loved ones that special day.,A Mug To Keep Designs,Irrelevant,us
11 ways you're being condescending without realizing it,B00N43ZXGG,"Some days, the best thing about my job is that the chair spins.11 oz Coffee Mug - Funny Inspirational and sarcasm",The perfect size to enjoy your morning beverage and the perfect gift for your loved ones that special day.,A Mug To Keep Designs,Irrelevant,us
coffee is not my cup of tea,B00N43ZXGG,"Some days, the best thing about my job is that the chair spins.11 oz Coffee Mug - Funny Inspirational and sarcasm",The perfect size to enjoy your morning beverage and the perfect gift for your loved ones that special day.,A Mug To Keep Designs,Substitute,us
dental coffee mug,B00N43ZXGG,"Some days, the best thing about my job is that the chair spins.11 oz Coffee Mug - Funny Inspirational and sarcasm",The perfect size to enjoy your morning beverage and the perfect gift for your loved ones that special day.,A Mug To Keep Designs,Exact,us
i am with you always do not be afraid,B00N43ZXGG,"Some days, the best thing about my job is that the chair spins.11 oz Coffee Mug - Funny Inspirational and sarcasm",The perfect size to enjoy your morning beverage and the perfect gift for your loved ones that special day.,A Mug To Keep Designs,Irrelevant,us
please do not annoy the writer mug,B00N43ZXGG,"Some days, the best thing about my job is that the chair spins.11 oz Coffee Mug - Funny Inspirational and sarcasm",The perfect size to enjoy your morning beverage and the perfect gift for your loved ones that special day.,A Mug To Keep Designs,Exact,us
'not my circus not my monkeys my monkeys flyshirt',B00SQGQM0M,"Funny Mug - Not my circus, not my monkeys, office - 11 OZ Coffee Mugs - Funny Inspirational and sarcasm - By A Mug To Keep TM","You're Awesome Coffee Mug for yourself or your bff, Nice COFFEE CUP: This big sassy mug is great for start your day off right with dark coffee and some motivational encouragement. HUMOROUS GIFT: “Best Dad Ever” way, a great design for both for men and women. Give it to your mom, dad, daughter, sister, boyfriend, girlfriend, husband, wife, or best friend for her birthday, his graduation, gifts and a happy little . STURDY CERAMIC: Our classic white ceramic mug receives. Plus it's dishwasher and mi",A Mug To Keep TM,Irrelevant,us
Not sure. Maybe a a standard size (15 or 17??) screen middle of the range laptop that is either black or purple. It might be a Dell or Acer ,B00SQGQM0M,"Funny Mug - Not my circus, not my monkeys, office - 11 OZ Coffee Mugs - Funny Inspirational and sarcasm - By A Mug To Keep TM","You're Awesome Coffee Mug for yourself or your bff, Nice COFFEE CUP: This big sassy mug is great for start your day off right with dark coffee and some motivational encouragement. HUMOROUS GIFT: “Best Dad Ever” way, a great design for both for men and women. Give it to your mom, dad, daughter, sister, boyfriend, girlfriend, husband, wife, or best friend for her birthday, his graduation, gifts and a happy little . STURDY CERAMIC: Our classic white ceramic mug receives. Plus it's dishwasher and mi",A Mug To Keep TM,Irrelevant,us
coffee is not my cup of tea,B00SQGQM0M,"Funny Mug - Not my circus, not my monkeys, office - 11 OZ Coffee Mugs - Funny Inspirational and sarcasm - By A Mug To Keep TM","You're Awesome Coffee Mug for yourself or your bff, Nice COFFEE CUP: This big sassy mug is great for start your day off right with dark coffee and some motivational encouragement. HUMOROUS GIFT: “Best Dad Ever” way, a great design for both for men and women. Give it to your mom, dad, daughter, sister, boyfriend, girlfriend, husband, wife, or best friend for her birthday, his graduation, gifts and a happy little . STURDY CERAMIC: Our classic white ceramic mug receives. Plus it's dishwasher and mi",A Mug To Keep TM,Substitute,us
not my circus not my monkeys,B00SQGQM0M,"Funny Mug - Not my circus, not my monkeys, office - 11 OZ Coffee Mugs - Funny Inspirational and sarcasm - By A Mug To Keep TM","You're Awesome Coffee Mug for yourself or your bff, Nice COFFEE CUP: This big sassy mug is great for start your day off right with dark coffee and some motivational encouragement. HUMOROUS GIFT: “Best Dad Ever” way, a great design for both for men and women. Give it to your mom, dad, daughter, sister, boyfriend, girlfriend, husband, wife, or best friend for her birthday, his graduation, gifts and a happy little . STURDY CERAMIC: Our classic white ceramic mug receives. Plus it's dishwasher and mi",A Mug To Keep TM,Exact,us
not my monkeys not my circus,B00SQGQM0M,"Funny Mug - Not my circus, not my monkeys, office - 11 OZ Coffee Mugs - Funny Inspirational and sarcasm - By A Mug To Keep TM","You're Awesome Coffee Mug for yourself or your bff, Nice COFFEE CUP: This big sassy mug is great for start your day off right with dark coffee and some motivational encouragement. HUMOROUS GIFT: “Best Dad Ever” way, a great design for both for men and women. Give it to your mom, dad, daughter, sister, boyfriend, girlfriend, husband, wife, or best friend for her birthday, his graduation, gifts and a happy little . STURDY CERAMIC: Our classic white ceramic mug receives. Plus it's dishwasher and mi",A Mug To Keep TM,Exact,us
rae dunn not today satan mug,B00SQGQM0M,"Funny Mug - Not my circus, not my monkeys, office - 11 OZ Coffee Mugs - Funny Inspirational and sarcasm - By A Mug To Keep TM","You're Awesome Coffee Mug for yourself or your bff, Nice COFFEE CUP: This big sassy mug is great for start your day off right with dark coffee and some motivational encouragement. HUMOROUS GIFT: “Best Dad Ever” way, a great design for both for men and women. Give it to your mom, dad, daughter, sister, boyfriend, girlfriend, husband, wife, or best friend for her birthday, his graduation, gifts and a happy little . STURDY CERAMIC: Our classic white ceramic mug receives. Plus it's dishwasher and mi",A Mug To Keep TM,Substitute,us
woke up sexy as hell again coffee mug,B00SQGQM0M,"Funny Mug - Not my circus, not my monkeys, office - 11 OZ Coffee Mugs - Funny Inspirational and sarcasm - By A Mug To Keep TM","You're Awesome Coffee Mug for yourself or your bff, Nice COFFEE CUP: This big sassy mug is great for start your day off right with dark coffee and some motivational encouragement. HUMOROUS GIFT: “Best Dad Ever” way, a great design for both for men and women. Give it to your mom, dad, daughter, sister, boyfriend, girlfriend, husband, wife, or best friend for her birthday, his graduation, gifts and a happy little . STURDY CERAMIC: Our classic white ceramic mug receives. Plus it's dishwasher and mi",A Mug To Keep TM,Substitute,us
'not my circus not my monkeys my monkeys flyshirt',B010TVM42G,"Funny Mug - Yet, despite the look on my face, you're still talking - 11 OZ Coffee Mugs - Inspirational gifts and sarcasm",The perfect size to enjoy your morning beverage and the perfect gift for your loved ones on that special day. Ideal to surprise friends or co-workers at the office on any occasion. Yours today for a very cheap price.,A Mug To Keep Designs,Irrelevant,us
-i am not responsible for what my face does,B010TVM42G,"Funny Mug - Yet, despite the look on my face, you're still talking - 11 OZ Coffee Mugs - Inspirational gifts and sarcasm",The perfect size to enjoy your morning beverage and the perfect gift for your loved ones on that special day. Ideal to surprise friends or co-workers at the office on any occasion. Yours today for a very cheap price.,A Mug To Keep Designs,Substitute,us
"I would probably choose another MacBook as a replacement, probably a MacBook Air ",B010TVM42G,"Funny Mug - Yet, despite the look on my face, you're still talking - 11 OZ Coffee Mugs - Inspirational gifts and sarcasm",The perfect size to enjoy your morning beverage and the perfect gift for your loved ones on that special day. Ideal to surprise friends or co-workers at the office on any occasion. Yours today for a very cheap price.,A Mug To Keep Designs,Irrelevant,us
I would probably spend the heavy coin and get a gaming pc,B010TVM42G,"Funny Mug - Yet, despite the look on my face, you're still talking - 11 OZ Coffee Mugs - Inspirational gifts and sarcasm",The perfect size to enjoy your morning beverage and the perfect gift for your loved ones on that special day. Ideal to surprise friends or co-workers at the office on any occasion. Yours today for a very cheap price.,A Mug To Keep Designs,Irrelevant,us
Not sure. Maybe a a standard size (15 or 17??) screen middle of the range laptop that is either black or purple. It might be a Dell or Acer ,B010TVM42G,"Funny Mug - Yet, despite the look on my face, you're still talking - 11 OZ Coffee Mugs - Inspirational gifts and sarcasm",The perfect size to enjoy your morning beverage and the perfect gift for your loved ones on that special day. Ideal to surprise friends or co-workers at the office on any occasion. Yours today for a very cheap price.,A Mug To Keep Designs,Irrelevant,us
coffee is not my cup of tea,B010TVM42G,"Funny Mug - Yet, despite the look on my face, you're still talking - 11 OZ Coffee Mugs - Inspirational gifts and sarcasm",The perfect size to enjoy your morning beverage and the perfect gift for your loved ones on that special day. Ideal to surprise friends or co-workers at the office on any occasion. Yours today for a very cheap price.,A Mug To Keep Designs,Irrelevant,us
customized coffee mug teacher,B010TVM42G,"Funny Mug - Yet, despite the look on my face, you're still talking - 11 OZ Coffee Mugs - Inspirational gifts and sarcasm",The perfect size to enjoy your morning beverage and the perfect gift for your loved ones on that special day. Ideal to surprise friends or co-workers at the office on any occasion. Yours today for a very cheap price.,A Mug To Keep Designs,Exact,us
gift for person who love coffie,B010TVM42G,"Funny Mug - Yet, despite the look on my face, you're still talking - 11 OZ Coffee Mugs - Inspirational gifts and sarcasm",The perfect size to enjoy your morning beverage and the perfect gift for your loved ones on that special day. Ideal to surprise friends or co-workers at the office on any occasion. Yours today for a very cheap price.,A Mug To Keep Designs,Exact,us
how to buy a business without being had,B010TVM42G,"Funny Mug - Yet, despite the look on my face, you're still talking - 11 OZ Coffee Mugs - Inspirational gifts and sarcasm",The perfect size to enjoy your morning beverage and the perfect gift for your loved ones on that special day. Ideal to surprise friends or co-workers at the office on any occasion. Yours today for a very cheap price.,A Mug To Keep Designs,Irrelevant,us
"ideally something with 8gb of ram, probably a windows laptop around £400 as in my experience that's what you can rely on and macs are too expensive.",B010TVM42G,"Funny Mug - Yet, despite the look on my face, you're still talking - 11 OZ Coffee Mugs - Inspirational gifts and sarcasm",The perfect size to enjoy your morning beverage and the perfect gift for your loved ones on that special day. Ideal to surprise friends or co-workers at the office on any occasion. Yours today for a very cheap price.,A Mug To Keep Designs,Irrelevant,us
if its not one thing its your mother,B010TVM42G,"Funny Mug - Yet, despite the look on my face, you're still talking - 11 OZ Coffee Mugs - Inspirational gifts and sarcasm",The perfect size to enjoy your morning beverage and the perfect gift for your loved ones on that special day. Ideal to surprise friends or co-workers at the office on any occasion. Yours today for a very cheap price.,A Mug To Keep Designs,Irrelevant,us
rae dunn not today satan mug,B010TVM42G,"Funny Mug - Yet, despite the look on my face, you're still talking - 11 OZ Coffee Mugs - Inspirational gifts and sarcasm",The perfect size to enjoy your morning beverage and the perfect gift for your loved ones on that special day. Ideal to surprise friends or co-workers at the office on any occasion. Yours today for a very cheap price.,A Mug To Keep Designs,Exact,us
'not my circus not my monkeys my monkeys flyshirt',B01JZYDMR4,"3dRose NOT MY CIRCUS, NOT MY MONKEYS. Two Tone Mug, 11 oz, Blue",None,3dRose,Irrelevant,us
not my circus not my monkeys,B01JZYDMR4,"3dRose NOT MY CIRCUS, NOT MY MONKEYS. Two Tone Mug, 11 oz, Blue",None,3dRose,Exact,us
not my monkeys not my circus,B01JZYDMR4,"3dRose NOT MY CIRCUS, NOT MY MONKEYS. Two Tone Mug, 11 oz, Blue",None,3dRose,Exact,us
'not my circus not my monkeys my monkeys flyshirt',B06XSKLTJH,"Mary Square Circus 20 oz. Moment of Truth Ceramic Mug, 1 Count (Pack of 1), White",None,Mary Square,Irrelevant,us
1 foot long hinge without holes,B00M82QZFC,"Highpoint 105 Degree Stop Hinge Antique Brass Plated 8"" 1-Piece","HIGHPOINT Box Hardware is economical small-scale hardware for jewelry boxes, humidors, keepsake boxes, etc. It is easy to affix with the mounting screws and pins included. This Piano Style 105° Stop Hinge is 8"" long, with a leaf that measures 11mm wide x .7mm thick. It is designed for stock 1/2"" or thicker and comes with screws.",HIGHPOINT,Irrelevant,us
1 foot long hinge without holes,B07GX8LQCX,Antrader 2 Pack 43mmx36mm 4 Countersunk Holes Plastic Adjustable Torque Position Control E6-10-301-20 Series Hinge Black Door Hinges,"<b>The Best Product to Save Your Time and Money!</b> <br> <br> <b>Features:</b> <br> E6 series adjustable torque position control hinge allow users the flexibility to define and adjust the operating effort required to move or position panels. <br> With the turn of a screw, these hinges allow users to define the level of resistance. Once adjusted, the positioning torque stays consistent throughout the full range of motion and will hold doors steady in any position. <br> Industry applications: aer",Antrader,Substitute,us
1 foot long hinge without holes,B00CXJRX7O,"Shepherd Hardware 9908 1-Inch Felt Gard Threaded Stem Furniture Glides, 1/4-Inch Stem Diameter, 4 Count",None,Shepherd Hardware,Irrelevant,us
1 foot long hinge without holes,B0002YS98Y,"National Hardware N266-940 V571 Continuous Hinge in Stainless Steel,1-1/2"" x 30""",None,National Hardware,Irrelevant,us
1 foot long hinge without holes,B0002YSJ0C,National Hardware N148-320 V570 Continuous Hinge in Nickel,None,National Hardware,Irrelevant,us
1 foot long hinge without holes,B0006FQJR2,Igloo Universal Fit Plastic Hinges,None,Igloo,Irrelevant,us
1 foot long hinge without holes,B000AYHZHM,"National Hardware N148-379 V570 Continuous Hinge in Nickel,1-1/16"" x 48""",None,National Hardware,Irrelevant,us
1 foot long hinge without holes,B000AYKWE0,"National Hardware N148-171 V570 Continuous Hinge in Nickel,1-1/2"" x 30""",None,National Hardware,Irrelevant,us
1 foot long hinge without holes,B000B4KZTG,"National Hardware N265-389 V570 Continuous Hinge in Nickel,1-1/2"" x 12""",None,National Hardware,Substitute,us
piano hinge,B000B4KZTG,"National Hardware N265-389 V570 Continuous Hinge in Nickel,1-1/2"" x 12""",None,National Hardware,Exact,us
1 foot long hinge without holes,B0017QV7VW,"Wise 8WD12 Aluminum Offset Piano Hinge, 11""",None,Wise,Irrelevant,us
1 foot long hinge without holes,B005J0JMZ0,"Stainless Steel Continuous Hinge with Holes, Polished Finish, 1' Length, 1-1/2"" Width, 0.060"" Leaf Thickness (Pack of 1)",None,ER Wagner,Substitute,us
1 foot long hinge without holes,B005J0KA9M,"Small Parts 304 Stainless Steel Continuous Hinge with Holes, Mill Finish, 1' Length, 3"" Width, 0.060"" Leaf Thickness (Pack of 1) (3-0638-0167)",None,ER Wagner,Irrelevant,us
1 foot long hinge without holes,B00GKZDD8A,"LAMP by Sugatsune Sugatsune HG-YJ50BL Polyacetal Detent Hinge with Holes, 50mm Leaf Height, 60mm Open Width, 5 lbs inch Torque, Black",None,LAMP by Sugatsune,Substitute,us
1 foot long hinge without holes,B005J0L38Y,"Stainless Steel 316 Continuous Hinge without Holes, Unfinished, 0.072"" Leaf Thickness, 2"" Open Width, 1/4"" Pin Diameter, 1"" Knuckle Length, 3' Long (Pack of 1), 3-0746-0241",None,ER Wagner,Exact,us
1 foot long hinge without holes,B005J0KQ46,"Small Parts Steel Continuous Hinge without Holes, Unfinished, 0.072"" Leaf Thickness, 1-1/2"" Open Width, 1/4"" Pin Diameter, 1"" Knuckle Length, 6' Long (Pack of 1) (3-0745-0032)",None,ER Wagner,Substitute,us
1 foot long hinge without holes,B007HBV02C,"Stainless Steel 304 Continuous Hinge Without Hole, Unfinished, 0.06"" Leaf Thickness, 3"" Open Width, 1/4"" Pin Diameter, 1"" Knuckle Length, 1' Long (Pack of 1)",None,Small Parts,Substitute,us
1 foot long hinge without holes,B006893Z7W,"Aluminum 5052 Continuous Hinge without Holes, Unfinished, 0.06"" Leaf Thickness, 2"" Open Width, 1/8"" Pin Diameter, 1/2"" Knuckle Length, 1' Long (Pack of 1) by Monroe",None,Monroe,Irrelevant,us
1 foot long hinge without holes,B005J0WWSY,"Aluminum Continuous Hinge with Holes, Mill Finish, 1' Length, 3"" Width, 0.060"" Leaf Thickness (Pack of 1)",None,ER Wagner,Exact,us
1 foot long hinge without holes,B009Q74AVS,"Allstar Performance ALL23125 2"" Wide x 36"" Long Aluminum Hinge",None,Allstar,Irrelevant,us
1 foot long hinge without holes,B005J0VYTC,"Small Parts Stainless Steel 304 Continuous Hinge with Holes, Unfinished, 0.042"" Leaf Thickness, 1-1/4"" Open Width, 3/32"" Pin Diameter, 1/2"" Knuckle Length, 1' Long (Pack of 1)",None,Small Parts,Irrelevant,us
1 foot long hinge without holes,B005J0VXGQ,"Stainless Steel Continuous Hinge with Holes, Polished Finish, 1' Length, 1-1/16"" Width, 0.042"" Leaf Thickness (Pack of 1)",None,ER Wagner,Irrelevant,us
1 foot long hinge without holes,B005J0WCN4,"Stainless Steel 304 Continuous Hinge with Holes, Unfinished, 0.06"" Leaf Thickness, 2"" Open Width, 1/8"" Pin Diameter, 1/2"" Knuckle Length, 1' Long (Pack of 1), 3-0636-0427",None,ER Wagner,Irrelevant,us
organic pads for women,B07C57MRRS,"Seventh Generation Ultra Thin Pads with Wings, Super Absorbency, 32 Count",None,Seventh Generation,Substitute,us
10 hour pads without wings,B075DJJ96Q,"Rael Organic Cotton Cover Liners - Unscented, Chlorine Free, Light Absorbency, Daily Panty Liners (Long, 36 Count)",None,Rael,Exact,us
panty liners,B075DJJ96Q,"Rael Organic Cotton Cover Liners - Unscented, Chlorine Free, Light Absorbency, Daily Panty Liners (Long, 36 Count)",None,Rael,Exact,us
thin pads without wings,B075DJJ96Q,"Rael Organic Cotton Cover Liners - Unscented, Chlorine Free, Light Absorbency, Daily Panty Liners (Long, 36 Count)",None,Rael,Exact,us
always infinity without wings,B01IULATV0,"Always Infinity Feminine Pads for Women, Size 1, 108 Count, Regular Absorbency, with Wings, Unscented (36 Count, Pack of 3 - 108 Count Total)",None,Always,Substitute,us
always pads,B01IULATV0,"Always Infinity Feminine Pads for Women, Size 1, 108 Count, Regular Absorbency, with Wings, Unscented (36 Count, Pack of 3 - 108 Count Total)",None,Always,Exact,us
always pads thin,B01IULATV0,"Always Infinity Feminine Pads for Women, Size 1, 108 Count, Regular Absorbency, with Wings, Unscented (36 Count, Pack of 3 - 108 Count Total)",None,Always,Substitute,us
always ultra thin pads without wings,B01IULATV0,"Always Infinity Feminine Pads for Women, Size 1, 108 Count, Regular Absorbency, with Wings, Unscented (36 Count, Pack of 3 - 108 Count Total)",None,Always,Irrelevant,us
poise pads regular length,B01IULATV0,"Always Infinity Feminine Pads for Women, Size 1, 108 Count, Regular Absorbency, with Wings, Unscented (36 Count, Pack of 3 - 108 Count Total)",None,Always,Substitute,us
overnight pads for women extra heavy without wings,B08JCJRYW7,Cora Organic Maxi Pads | Ultra Thin Period Pads with Wings | Maxi Overnight Absorbency | Ultra-Absorbent Sanitary Pads for Women | 100% Organic Cotton Topsheet (24 Count (Pack of 1)),Organic Maxi Overnight Pads 24c,Cora,Substitute,us
pads with wings extra heavy,B08JCJRYW7,Cora Organic Maxi Pads | Ultra Thin Period Pads with Wings | Maxi Overnight Absorbency | Ultra-Absorbent Sanitary Pads for Women | 100% Organic Cotton Topsheet (24 Count (Pack of 1)),Organic Maxi Overnight Pads 24c,Cora,Exact,us
overnight pads for women extra heavy without wings,B08WRBG8JW,"LOLA Ultra Thin Menstrual Pads with Wings, Regular Absorbency, Organic Cotton Topsheet & Core, Unscented, Chlorine Free, Hypoallergenic Sanitary Napkins, Powerful Leak Protection - Regular (64 Count)","LOLA ultra thin pads with wings are gynecologist-approved, hypoallergenic and made with an 100% organic cotton topsheet and core for breathability. No toxins, dyes, or mystery ingredients. Just what you see on the box. Because you deserve to know what you’re putting in your underwear.",LOLA,Substitute,us
organic pads for women,B07XL578S2,Cora Organic Pads | Ultra Thin Period Pads with Wings | Overnight Absorbency | Ultra-Absorbent Sanitary Pads for Women | 100% Organic Cotton Topsheet (36 Count (Pack of 1)),None,Cora,Exact,us
overnight pads for women extra heavy without wings,B07XL578S2,Cora Organic Pads | Ultra Thin Period Pads with Wings | Overnight Absorbency | Ultra-Absorbent Sanitary Pads for Women | 100% Organic Cotton Topsheet (36 Count (Pack of 1)),None,Cora,Substitute,us
stayfree ultra thin with wings,B07XL578S2,Cora Organic Pads | Ultra Thin Period Pads with Wings | Overnight Absorbency | Ultra-Absorbent Sanitary Pads for Women | 100% Organic Cotton Topsheet (36 Count (Pack of 1)),None,Cora,Substitute,us
maxi pads without wings,B07192ZQ3L,"Rael Organic Cotton Sanitary Pads - Overnight Size, Heavy Absorbency, Unscented, Ultra Thin Pads for Women (20 Count)",None,Rael,Substitute,us
organic pads for women,B07192ZQ3L,"Rael Organic Cotton Sanitary Pads - Overnight Size, Heavy Absorbency, Unscented, Ultra Thin Pads for Women (20 Count)",None,Rael,Exact,us
overnight pads for women extra heavy without wings,B07192ZQ3L,"Rael Organic Cotton Sanitary Pads - Overnight Size, Heavy Absorbency, Unscented, Ultra Thin Pads for Women (20 Count)",None,Rael,Substitute,us
pads with wings extra heavy,B07192ZQ3L,"Rael Organic Cotton Sanitary Pads - Overnight Size, Heavy Absorbency, Unscented, Ultra Thin Pads for Women (20 Count)",None,Rael,Substitute,us
overnight pads for women extra heavy without wings,B0014H2ZKG,"Seventh Generation Maxi Pads, Overnight with wings, Free & Clear Chlorine Free, 14 count",None,Seventh Generation,Substitute,us
overnight pads for women extra heavy without wings,B0014JWTIM,"Seventh Generation Ultrathin Pads, Overnight with wings, Free & Clear Chlorine Free, 14 count",None,Seventh Generation,Substitute,us
always maxi pads with wings,B0029NYSG8,"Always Ultra Thin Pads Size 1 Regular Absorbency Unscented with Wings, 36 Count, Packaging may vary (Pack of 2)",None,Always,Exact,us
always pads,B0029NYSG8,"Always Ultra Thin Pads Size 1 Regular Absorbency Unscented with Wings, 36 Count, Packaging may vary (Pack of 2)",None,Always,Exact,us
always pads thin,B0029NYSG8,"Always Ultra Thin Pads Size 1 Regular Absorbency Unscented with Wings, 36 Count, Packaging may vary (Pack of 2)",None,Always,Exact,us
always sanitary napkins,B0029NYSG8,"Always Ultra Thin Pads Size 1 Regular Absorbency Unscented with Wings, 36 Count, Packaging may vary (Pack of 2)",None,Always,Exact,us
always ultra thin pads without wings,B0029NYSG8,"Always Ultra Thin Pads Size 1 Regular Absorbency Unscented with Wings, 36 Count, Packaging may vary (Pack of 2)",None,Always,Substitute,us
always ultra thin with wings,B0029NYSG8,"Always Ultra Thin Pads Size 1 Regular Absorbency Unscented with Wings, 36 Count, Packaging may vary (Pack of 2)",None,Always,Exact,us
stayfree ultra thin with wings,B0029NYSG8,"Always Ultra Thin Pads Size 1 Regular Absorbency Unscented with Wings, 36 Count, Packaging may vary (Pack of 2)",None,Always,Substitute,us
maxi pads without wings,B002PKC39O,"SEVENTH GENERATION Free & Clear Maxi Pads, 24 Count (2 Pack)","Our Free & Clear fragrance-free Maxi Pads provide the protection you need without exposing your most sensitive skin to unnecessary chemicals. Our innovative PureFit design conforms to your body for reliable, leak-free protection and comfort.",Seventh Generation,Exact,us
overnight pads for women extra heavy without wings,B002PKC39O,"SEVENTH GENERATION Free & Clear Maxi Pads, 24 Count (2 Pack)","Our Free & Clear fragrance-free Maxi Pads provide the protection you need without exposing your most sensitive skin to unnecessary chemicals. Our innovative PureFit design conforms to your body for reliable, leak-free protection and comfort.",Seventh Generation,Substitute,us
thin pads without wings,B002PKC39O,"SEVENTH GENERATION Free & Clear Maxi Pads, 24 Count (2 Pack)","Our Free & Clear fragrance-free Maxi Pads provide the protection you need without exposing your most sensitive skin to unnecessary chemicals. Our innovative PureFit design conforms to your body for reliable, leak-free protection and comfort.",Seventh Generation,Substitute,us
always everyday liners regular,B003CP156I,"Always Xtra Protection Daily Feminine Panty Liners for Women, Regular, Unscented, 50 Count - Pack of 6 (300 Total Count)",None,Always,Exact,us
always maxi overnight pads without wings,B003CP156I,"Always Xtra Protection Daily Feminine Panty Liners for Women, Regular, Unscented, 50 Count - Pack of 6 (300 Total Count)",None,Always,Substitute,us
always maxi pads long super without wings,B003CP156I,"Always Xtra Protection Daily Feminine Panty Liners for Women, Regular, Unscented, 50 Count - Pack of 6 (300 Total Count)",None,Always,Exact,us
organic pads for women,B01536MCXI,"Natracare Slim Fitting Ultra Pads with Wings, Regular, Made with Certified Organic Cotton, Ecologically Certified Cellulose Pulp and Plant Starch (1 Pack, 14 Pads Total)…",None,NATRACARE,Exact,us
always ultra thin pads without wings,B00G8DDBOU,"ALWAYS Ultra Thin Size 1 Regular Pads With Wings Unscented, 46 Count (Pack of 1)",None,Always,Exact,us
always ultra thin with wings,B00G8DDBOU,"ALWAYS Ultra Thin Size 1 Regular Pads With Wings Unscented, 46 Count (Pack of 1)",None,Always,Exact,us
stayfree pads ultra thin with wings,B00G8DDBOU,"ALWAYS Ultra Thin Size 1 Regular Pads With Wings Unscented, 46 Count (Pack of 1)",None,Always,Substitute,us
stayfree ultra thin with wings,B00G8DDBOU,"ALWAYS Ultra Thin Size 1 Regular Pads With Wings Unscented, 46 Count (Pack of 1)",None,Always,Substitute,us
1 ft 3/8 not hose,B07P1TDMRQ,TAILONZ PNEUMATIC Air Line 3/8 inch od Black Pneumatic Nylon Tube 32.8ft Air Brake Tubing Nylon Hose,"【A LOT THICKER AND TOUGHER】</b>Nylon Tubes have a rigid that is not easy to burst and no leaks. <br>【TRANSPORT A VARIETY OF MEDIA】</b> Such as air, water, oil, chemical solvents.<br>【MULTI-PURPOSE】</b>Nylon Tubes are ideal for general use such as air hose for fish tanks and aquarium, aquaponics, hydroponic, ponds, indoor water garden, drip irrigation, drain, water line, pumps, vacuum, siphon, filters, air conditioning, humidifiers, other home uses, props, plumbing, refrigeration, industrial, lab",TAILONZ PNEUMATIC,Irrelevant,us
air brake hose 3/8,B07P1TDMRQ,TAILONZ PNEUMATIC Air Line 3/8 inch od Black Pneumatic Nylon Tube 32.8ft Air Brake Tubing Nylon Hose,"【A LOT THICKER AND TOUGHER】</b>Nylon Tubes have a rigid that is not easy to burst and no leaks. <br>【TRANSPORT A VARIETY OF MEDIA】</b> Such as air, water, oil, chemical solvents.<br>【MULTI-PURPOSE】</b>Nylon Tubes are ideal for general use such as air hose for fish tanks and aquarium, aquaponics, hydroponic, ponds, indoor water garden, drip irrigation, drain, water line, pumps, vacuum, siphon, filters, air conditioning, humidifiers, other home uses, props, plumbing, refrigeration, industrial, lab",TAILONZ PNEUMATIC,Exact,us
1 ft 3/8 not hose,B07NKPWNCH,"Twinkle Star Garden Hose Extension Adapter, Hose Kink Protector with Coil Spring, 2 Pack","Tightly and securely, no-leak connection.<br> Suitable for any standard garden hose. <br> Easy to connect and disconnect.<br> <br> Material: Brass Connector, PVC Hose, Stainless Steel Spiral Ring<br> Package Include: 2 pack garden hose protector guards<br>",Twinkle Star,Irrelevant,us
hose extension female to female,B07NKPWNCH,"Twinkle Star Garden Hose Extension Adapter, Hose Kink Protector with Coil Spring, 2 Pack","Tightly and securely, no-leak connection.<br> Suitable for any standard garden hose. <br> Easy to connect and disconnect.<br> <br> Material: Brass Connector, PVC Hose, Stainless Steel Spiral Ring<br> Package Include: 2 pack garden hose protector guards<br>",Twinkle Star,Exact,us
1 ft 3/8 not hose,B07L2M6XH6,"Clear Vinyl Tubing Flexible PVC Tubing, Hybrid PVC Hose, Heavy Duty and Lightweight, by 3/8 Inch ID, 50-Feet Length","<b>Specification</b><br> Material: PVC<br> I.D. Size: 9.6 mm<br> O.D. Size: 12.7 mm<br> Length: 50 feet<br> Pressure: 60 PSI<br><br> <b>Product Features</b><br> ♥ The tube is easy to install and use due to the good softening property.<br> ♥ The tube can be long-term used in the humid environment due to the excellent hydrolysis resistance.<br> ♥ The tube is available for non-corrosive medium such as water and air.<br> ♥ The tube has soft, light weight, good elasticity, can also return to the orig",Eastrans,Irrelevant,us
3/8 hose,B07L2M6XH6,"Clear Vinyl Tubing Flexible PVC Tubing, Hybrid PVC Hose, Heavy Duty and Lightweight, by 3/8 Inch ID, 50-Feet Length","<b>Specification</b><br> Material: PVC<br> I.D. Size: 9.6 mm<br> O.D. Size: 12.7 mm<br> Length: 50 feet<br> Pressure: 60 PSI<br><br> <b>Product Features</b><br> ♥ The tube is easy to install and use due to the good softening property.<br> ♥ The tube can be long-term used in the humid environment due to the excellent hydrolysis resistance.<br> ♥ The tube is available for non-corrosive medium such as water and air.<br> ♥ The tube has soft, light weight, good elasticity, can also return to the orig",Eastrans,Exact,us
3/8 id vinyl tubing,B07L2M6XH6,"Clear Vinyl Tubing Flexible PVC Tubing, Hybrid PVC Hose, Heavy Duty and Lightweight, by 3/8 Inch ID, 50-Feet Length","<b>Specification</b><br> Material: PVC<br> I.D. Size: 9.6 mm<br> O.D. Size: 12.7 mm<br> Length: 50 feet<br> Pressure: 60 PSI<br><br> <b>Product Features</b><br> ♥ The tube is easy to install and use due to the good softening property.<br> ♥ The tube can be long-term used in the humid environment due to the excellent hydrolysis resistance.<br> ♥ The tube is available for non-corrosive medium such as water and air.<br> ♥ The tube has soft, light weight, good elasticity, can also return to the orig",Eastrans,Exact,us
1 ft 3/8 not hose,B07N6Q141P,Rocky Mountain Landscapers Select Hose Protector Spring - Hose Saver Kink Protector with solid Brass Couplings - Easy attach extension prevents hose kinks - Maintains water pressure,Rocky Mountain Goods Hose Protector Spring is the easy hose saver extension that prevents hose kinking. Simply attach the spring guard to your faucet and hose and you will prevent kinking and extend the life of your hose. Made of heavy duty brass the couplings are made to be leakproof and last longer. Rocky Mountain Goods Hose Protector Spring comes with lifetime warranty.,Rocky Mountain Radar,Exact,us
1 ft 3/8 not hose,B07MP5BS9X,"M MINGLE Garden Hose Adapter, Male to Male, Female to Female, 3/4 Inch Brass Connector, 4-Pack with Extra 4 Washers","MINGLE Garden Hose Adapter will make your washing work more efficiently. <br><br> <b>Specifications: </b><br> 3/4’’ female thread + 3/4’’ female thread; 3/4’’ male thread + 3/4’’ male thread <br> Made of solid brass.<br><br><b>Application: </b><br> Connect to garden hose end with 3/4 inch thread. <br><br><b>Package List: </b><br>2 x garden hose adapter, male to male; <br>2 x garden hose adapter, female to female; <br> 4 x garden hose washers.",M MINGLE,Irrelevant,us
1 ft 3/8 not hose,B07RNHRXCF,"Shark Industrial Steam Dryer Installation Kit - 6FT Stainless Steel Braided Hose with 3/4"" FHT 90 Degree Elbow and 1FT Inlet Hose 3/4"" FHT with Y-adapter","<ul></ul><b>One set of steam dryer installation kit including: One 6ft long hose connecting to steam dryer; One 1ft water inlet fill hose connecting to water source; One Y-adapter which splits the 6ft hose to dryer and another cold water hose for washing machine. Key Features:</b><ul><li>Two layers PVC core with reinforced nylon wires in between and 304 stainless steel braided outer cover for high performace and durable water supply applications </li><li>Universal connectors with 3/4"" FHT fit al",Shark Industrial,Substitute,us
1 ft 3/8 not hose,B07NDNWK78,"15-inch Short Air Compressor Hose: 1/4"" Male NPT To 1/4"" Male NPT Connections (Lead-Free Brass)","Use this hard-to-find short air compressor hose to build any adapter for your air compressor. It is also suitable for use in water and hydraulic applications. The Insta-grip hose is more abrasion-resistant, durable, and kink-resistant than regular air compressor hose. We use food-grade vegetable oil only in the installation process.<p>Most commercially available brass fittings contain up to 8% lead, but for your health and safety, the lead-free brass fittings in this item have been tested by an ",Vibrant Yard Company,Irrelevant,us
1 ft 3/8 not hose,B07S4GS3LC,Garden Hose Lightweight Heavy Duty Drinking Water Hose 5/8 in. x 3 ft,<p><b>Description</b></p> <p> Made of premium hybrid polymer to eliminate kinking under pressure. </p> <p> Hybrid garden hose does not fight you when you coil it.</p> <p> Ideal for extreme weather locations and contractors. </p> <p> this hose don't included spray nozzle </p> <p> This hose includ brass connectors.</p> <p> <b>Aplication </b></p> <p>1. Watering Gardens </p> <p> 2. General Car Washing </p> <p> 3. Daily Cleaning </p>,NAOPSY,Irrelevant,us
1 ft 3/8 not hose,B085LWC7RB,"Flexi Hose with 8 Function Nozzle, Lightweight Expandable Garden Hose, No-Kink Flexibility, 3/4 Inch Solid Brass Fittings and Double Latex Core","Flexi Hose with 8 Function Nozzle, Lightweight Expandable Garden Hose, No-Kink Flexibility, 3/4 Inch Solid Brass Fittings and Double Latex Core",Flexi Hose,Irrelevant,us
water hose 100 feet,B085LWC7RB,"Flexi Hose with 8 Function Nozzle, Lightweight Expandable Garden Hose, No-Kink Flexibility, 3/4 Inch Solid Brass Fittings and Double Latex Core","Flexi Hose with 8 Function Nozzle, Lightweight Expandable Garden Hose, No-Kink Flexibility, 3/4 Inch Solid Brass Fittings and Double Latex Core",Flexi Hose,Exact,us
1 ft 3/8 not hose,B081P63FLX,"Tool Daily Pressure Washer Hose, 3/8 Inch x 50 FT, Quick Connect, 4000 PSI, High Tensile Wire Braided","<br>Pressure washer hose 50 FT is made from upgraded high tensile Steel-Wire Braid, Scuff and mark resistant construction for prolonged service life. No leaking.<br> <br>Max Working Pressure is up to 4000 PSI. Burst Pressure is up to 16000 PSI. Flow rate is from 2.5 GPM to 5 GPM. Max Temperature is up to 250 F.<br> <br>Power washer hose extension fits most pressure washer models. The 3/8 pressure washer hose has 3/8"" quick connect female socket and 3/8"" plug. Easy to connect and disconnect.<br> ",Tool Daily,Irrelevant,us
power washer wand and hose,B081P63FLX,"Tool Daily Pressure Washer Hose, 3/8 Inch x 50 FT, Quick Connect, 4000 PSI, High Tensile Wire Braided","<br>Pressure washer hose 50 FT is made from upgraded high tensile Steel-Wire Braid, Scuff and mark resistant construction for prolonged service life. No leaking.<br> <br>Max Working Pressure is up to 4000 PSI. Burst Pressure is up to 16000 PSI. Flow rate is from 2.5 GPM to 5 GPM. Max Temperature is up to 250 F.<br> <br>Power washer hose extension fits most pressure washer models. The 3/8 pressure washer hose has 3/8"" quick connect female socket and 3/8"" plug. Easy to connect and disconnect.<br> ",Tool Daily,Substitute,us
pressure washer hose 25ft,B081P63FLX,"Tool Daily Pressure Washer Hose, 3/8 Inch x 50 FT, Quick Connect, 4000 PSI, High Tensile Wire Braided","<br>Pressure washer hose 50 FT is made from upgraded high tensile Steel-Wire Braid, Scuff and mark resistant construction for prolonged service life. No leaking.<br> <br>Max Working Pressure is up to 4000 PSI. Burst Pressure is up to 16000 PSI. Flow rate is from 2.5 GPM to 5 GPM. Max Temperature is up to 250 F.<br> <br>Power washer hose extension fits most pressure washer models. The 3/8 pressure washer hose has 3/8"" quick connect female socket and 3/8"" plug. Easy to connect and disconnect.<br> ",Tool Daily,Irrelevant,us
1 ft 3/8 not hose,B083H53WQ2,"YOTOO Rubber Lead-in Air Hose 3/8-Inch by 10-Feet 300 PSI Heavy Duty, Kink Resistant, All-Weather Flexibility with 1/4-Inch Brass Male Fittings, Bend Restrictors, Red","YOTOO 3/8""x10' Rubber Lead in Air Hose is ideal for garage, shop, industry, home and many other uses. The rubber construction offers heavy duty, flexibility,abrasion resistance. It is very good cold weather flexibility and coils easily for storage. Equipped with 1/4” industrial solid brass swivel quick coupler and plug for directly connect to air compressor and air tools. No need to buy separately air fittings. The max pressure of the air hose is 300 psi. bursting pressure is 1200 psi. Bend rest",YOTOO,Substitute,us
1 ft 3/8 not hose,B085ZCYRJK,"M MINGLE Pressure Washer Hose 50 Feet X 3/8 Inch, High Tensile Wire Braided, with 2 Quick Connect Kits, Compatible M22 14mm, 4000 PSI","Including a pressure washer hose 50 ft, an adapter (3/8 inch male plug to M22 14mm female) and an adapter (3/8 inch female socket to M22 14mm female). Pressure washer hose is made of upgraded high tensile steel-wire braid. Bend radius of the hose is 4.7 inch. Non marking and Never kink permanently. Pressure washer hose 50 ft fits most brand power washer. Max working pressure is 4000 PSI. Burst Pressure is up to 16000 PSI. Max Temperature is 176°F. Flow rate is from 2.5 GPM to 5 GPM. Power washer",M MINGLE,Irrelevant,us
3/8 hose,B085ZCYRJK,"M MINGLE Pressure Washer Hose 50 Feet X 3/8 Inch, High Tensile Wire Braided, with 2 Quick Connect Kits, Compatible M22 14mm, 4000 PSI","Including a pressure washer hose 50 ft, an adapter (3/8 inch male plug to M22 14mm female) and an adapter (3/8 inch female socket to M22 14mm female). Pressure washer hose is made of upgraded high tensile steel-wire braid. Bend radius of the hose is 4.7 inch. Non marking and Never kink permanently. Pressure washer hose 50 ft fits most brand power washer. Max working pressure is 4000 PSI. Burst Pressure is up to 16000 PSI. Max Temperature is 176°F. Flow rate is from 2.5 GPM to 5 GPM. Power washer",M MINGLE,Exact,us
1 ft 3/8 not hose,B08B3LVPGD,"Yanwoo 304 Stainless Steel 1 Feet Garden Hose, Lightweight, Kink-Free, Heavy Duty Outdoor Hose (1ft)","<b>【MATERIAL】</b><br>Made of premium quality 304 stainless steel. <br>Won't rust or break under high pressure. <br>Fexible and lightweight, easy to roll up and store.<br><br><b>【PACKAGE】</b><br><1> 1 Foot Short Hose<br><2> 2 additional washers<br><br><b>【REINFORCED & LIGHTWEIGHT】</b><br>Reinforced hose joint makes screwing easily and quickly. <br>Won't break, leak, crack or corrode. <br>Lightweight will not twist tangle or kink.<br><br><b>【KINK FREE】</b><br>The body of the hose is encased in a s",Yanwoo,Exact,us
1 ft 3/8 not hose,B08FDV3Q4X,"Quickun Pneumatic Tubing 3/8"" Tube OD PU Polyurethane Tube Air Hose Line for Air Compressor Fitting or Fluid Transfer (Black 32.8ft)","<p> ★High Transparency of Raw Materials </p> <p>-The finished product is wear-resistant and pressure resistant, and the surface is smooth. </p> <p> ★Anti-aging and Long Service Life </p> <p>-There is no trace on the fold. </p> <p> ★Full of Elasticity </p> <p>-Smaller bend radius for easier installation. </p> <p> ★Wide range of use</p> <p>-Safe and reliable application in: air, water, chemicals, lubricants, instrument lines, irrigation control systems,textile mills, food plants, vehicles and ship",Quickun,Exact,us
1 ft 3/8 not hose,B08T9JN9F2,Hose Protector Garden Hose Extension Universal Water Faucet Adapter Kink-Free Hose Saver with Spring 2 Pack,"<p>☞ <b>If you find that your garden hose is often linked, water flow is reduced, and the water hose is replaced frequently, our water pipe can solve your troubles well.</b></p><p></p><p>√ The spring design of the garden Hose Connector can prevent the water hoses from kinking and twisting and extends the service life of the hoses.</p><p></p><p>√ Hose kink protectors adopted a unique octagonal structure in a breeze to your water bib and faucet around the house.</p><p><br></p><p></p><p>☛ Packing i",Gesura,Exact,us
1 ft 3/8 not hose,B07K5JTFL4,2-Pack Premium Stainless Steel Washing Machine Hoses - 6 FT No-Lead Burst Proof Red and Blue Lined Water Inlet Supply Lines - Universal 90 Degree Elbow Connection - 10 Year Warranty,"<ul></ul><b>2-Pack 6FT Red/Blue Lined Stainless Steel Braided Washing Machine Hoses with Universal 3/4"" Connector. Key Features:</b><ul><li>Two layers PVC core with reinforced nylon in between and 304 stainless steel braided outer cover for high performance and durable water supply applications </li><li>Universal connector fits all washing machines<li> Comply with following standards: ASME A112.18.6-2017/CSA B125.6-17, NSF/ANSI 61,372 </li><li> While typical water supply pressure ranges 50 - 80p",Shark Industrial,Irrelevant,us
1 ft 3/8 not hose,B07TMDCJ4T,"Solution4Patio Homes Garden Short Hose 3/4 in. x 3 ft. Yellow Lead-Hose Solid Brass Fittings for Water Softener, Dehumidifier","👍<b>Solution4Patio</b> is a major manufacturer of high quality gardening tools, with 30 years of experience. Over years of producing the best garden tools, Solution4Patio has consistently aimed to help to creat an enjoyable gardening experience for their customers.High quality! 💪 Fast shipping! 🚚 Best service! 😊 <br><br><br> <b>Features:<br></b> Condition: 100% Brand New<br> Material: High-quality PVC,corrosion-resistant, and sturdy.<br> Color: Yellow<br> Item Size: 3/4 in. Dia x 3 ft.<br> Item ",Solution4Patio Expert in Garden Creation,Substitute,us
1 ft 3/8 not hose,B093RXS2G1,TUNHUI 1 FT Heavy Duty Flexible Metal Garden Hose Stainless Steel Water Hose Durable Lightweight Kink Free and Easy to Store Outdoor Hose,"<p><b>TUNHUI Stainless Steel Garden Hose</b></p><ul> <li>This high quality steel hose has so many advantages than traditional rubber hoses. Don't worry about the problem of water leakage caused by dog biting. it will not break, crack, leak or corrode for the strongest durability.</li></ul><ul> <li>Kink free garden hose supports a higher water flow. Save your time and energy when watering. </li></ul><ul> <li>There are many length options, chose hoses that are 1ft, 3ft, 5ft, 10ft, 15ft, 25ft, 50ft",TUNHUI,Exact,us
1 ft 3/8 not hose,B078W1M4B8,"WYNNsky Hybrid Lead in Air Hose 3/8"" X 30""(1/4 in. MNPT Ball Swivel x 1/4 in. FNPT Ends) 300 PSI Max Working Pressure, Heavy Duty Air Compressor Hose","<b>Description:</b><br> The WYNNsky 3/8"" X 30"" Hybrid Air Hose,which is ideal for indoor & outdoor use in home, shop, construction and industrial applications. The Rubber/PVC blend construction offers very good cold weather flexibility and coils easily for storage.the max pressure of the air hose is 300 psi. <br><br> <b>Company:</b><br> Wynnsky is a professional manufacturer of pneumatic couplers & plugs, air hose fittings, tire repair and tire maintenance products. We save customer's cost in ea",WYNNsky,Substitute,us
1/4” air hose reel without hose,B078W1M4B8,"WYNNsky Hybrid Lead in Air Hose 3/8"" X 30""(1/4 in. MNPT Ball Swivel x 1/4 in. FNPT Ends) 300 PSI Max Working Pressure, Heavy Duty Air Compressor Hose","<b>Description:</b><br> The WYNNsky 3/8"" X 30"" Hybrid Air Hose,which is ideal for indoor & outdoor use in home, shop, construction and industrial applications. The Rubber/PVC blend construction offers very good cold weather flexibility and coils easily for storage.the max pressure of the air hose is 300 psi. <br><br> <b>Company:</b><br> Wynnsky is a professional manufacturer of pneumatic couplers & plugs, air hose fittings, tire repair and tire maintenance products. We save customer's cost in ea",WYNNsky,Exact,us
lead in hose,B078W1M4B8,"WYNNsky Hybrid Lead in Air Hose 3/8"" X 30""(1/4 in. MNPT Ball Swivel x 1/4 in. FNPT Ends) 300 PSI Max Working Pressure, Heavy Duty Air Compressor Hose","<b>Description:</b><br> The WYNNsky 3/8"" X 30"" Hybrid Air Hose,which is ideal for indoor & outdoor use in home, shop, construction and industrial applications. The Rubber/PVC blend construction offers very good cold weather flexibility and coils easily for storage.the max pressure of the air hose is 300 psi. <br><br> <b>Company:</b><br> Wynnsky is a professional manufacturer of pneumatic couplers & plugs, air hose fittings, tire repair and tire maintenance products. We save customer's cost in ea",WYNNsky,Exact,us
1 ft 3/8 not hose,B074FSGQRC,2Pcs Garden Hose Coil Spring Protector Faucet Hoses Coupling Adapter,This coil hose protector is durably made of metal and reduces strain on your hose spigot to ensure many years of dependable hose faucet watering.,Gardeningwill,Irrelevant,us
1 ft 3/8 not hose,B0006IX878,"Camco Flexible Hose Protector-Eliminates Hose Crimping and Straining at Faucets and Water Connections, Creates Hose Flexibility (22703) - 22703-A",None,Camco,Irrelevant,us
1 ft 3/8 not hose,B000I1QCZI,"Y Hose Mixer by AquaPlumb. Easily Mix Hot & Cold Water. Washing Machine Laundry Hose. Brass Coupling, Braided Rubber Hose. Indoor/Outdoor Use (1)",Mixer Hose<b>Aqua Plumb</b><br>Aqua Plumb is a registered brand of the Howard Berger Company which builds on a legacy in the plumbing industry that dates back to 1927. Professionals and do-it-yourselfers trust the Aqua Plumb name for the widest array of plumbing repair and replacement products. <br><br><br><i>“This is a great product. I'm able to wash my car in the garage in the winter using warm water to rinse. It saves money by not having to pay to have it washed and waxed. Thanks.” .”</i> -Er,Aqua Plumb,Irrelevant,us
1 ft 3/8 not hose,B000X22TCC,"SIMPSON Cleaning Monster 41030- 3/8"" x 100' 4500 PSI Cold Water Replacement/Extension Hose",None,Simpson Cleaning,Substitute,us
pressure wash hose,B000X22TCC,"SIMPSON Cleaning Monster 41030- 3/8"" x 100' 4500 PSI Cold Water Replacement/Extension Hose",None,Simpson Cleaning,Exact,us
1 ft 3/8 not hose,B000X27RRO,"SIMPSON Cleaning Monster Cold Water Replacement/Extension Hose | 3/8"" x 50 4500 PSI | 41028 Model",None,Simpson Cleaning,Exact,us
pressure wash hose,B000X27RRO,"SIMPSON Cleaning Monster Cold Water Replacement/Extension Hose | 3/8"" x 50 4500 PSI | 41028 Model",None,Simpson Cleaning,Exact,us
1 ft 3/8 not hose,B0038M4ZYY,"Goodyear 3' x 3/8"" Rubber Whip Hose Yellow 250 Psi",None,Goodyear,Irrelevant,us
flexilla leader air hose,B0038M4ZYY,"Goodyear 3' x 3/8"" Rubber Whip Hose Yellow 250 Psi",None,Goodyear,Substitute,us
12 inch l shaped brackets,B07WJZDKQG,"Favordrory 16 PCS 90 Degree Angle L Shaped Shelf Bracket, Corner Brace Joint Bracket Fastener, 5 x 3Inch Floating Shelves Bracket Support Wall Hanging with 96 PCS Screws and 32 PCS Anchors, Black","<b>【Specifications:】</b><br> Color: Matte Black<br> Thickness: 3mm/0.12” <br> Mount Hole Dia.: 5mm/ 0.2"" <br> Size: 125 x 75 mm/5"" x 3"" (L*W*T) <br> Material: Iron (not stainless steel) <br> Installation Method: Screw fixing<br> Support Weight: maximum 35lb for a pair of corner bracket <br> <br> <b>【Features:】</b><br> 1, Screw holes are countersink, the head of screw is not protruding after the screw has been screwed in, simple and aesthetic appearance<br> 2, These black L shaped corner braces w",Favordrory,Substitute,us
12 inch l shaped brackets,B083LTK5RK,"Shelf Brackets 12 inch, Heavy Duty Floating Shelf Bracket for Open Shelving, Black Metal L Bracket Angle Wall Brackets for Shelves - 6 Pack with Screws - Multi-Size Available",None,MY RUSTIC,Exact,us
l brackets,B083LTK5RK,"Shelf Brackets 12 inch, Heavy Duty Floating Shelf Bracket for Open Shelving, Black Metal L Bracket Angle Wall Brackets for Shelves - 6 Pack with Screws - Multi-Size Available",None,MY RUSTIC,Exact,us
12 inch l shaped brackets,B07RT8XXKG,"Shelf Brackets 12 Inch Lumber Boards, Heavy Duty Industrial Forged Steel Iron Rustic Floating Shelf Brackets, Angle Wall Brackets 4 Pack （11.25""L x 6"" ）","L bracket for shelves: Metal forged and bent into these beautiful wall Shelf Brackets. They are black coated to give them a modern look for there new home. Great for your door way, bathrooms, living rooms, kitchens, bed rooms or just a home decor piece to display your stuff. you can always ask me to make you some to the size you would like to fit your new brackets. If the raw metal look doesn't fit your needs or the look your going for. The brackets are able to be painted and can always be spray",MY RUSTIC,Substitute,us
12 inch l shaped brackets,B07R1RB7CN,DIY Décor Hub: 4pc White Stainless Steel Wall Mounted Shelf Brackets/Flower Pot Hanger. 200 x 200 mm,White Decorative shelf brackets/ Pot Hanger. 4 brackets + installation hardware.,DIY Decor Hub,Substitute,us
12 inch l shaped brackets,B07QQMGM54,"4 Pack - L12"" x H 8"" x W 1.5"", 5mm Thick Rustic Shelf Bracket, Iron Shelf Brackets, Metal Shelf Bracket, Industrial Shelf Bracket, Modern Shelf Bracket, Decorative Shelving, Shelf Supports with Screws","Specification:<br> <br>●Color: Matte Black<br> ●Material:High quality steel<br> <br>Dimensions: ●Thickness: 5mm<br> ●Short arm: 8"";<br> ●Long arm: 12""<br> ●Application: Clothes hanger, Storage rack, Shoe rack,bookshelf and more<br> <br>Package Included:<br> 4 x Shelf Brackets<br> 16 x Screws<br> <br>Support Weight :maximum 100lb for a pair of corner bracket Wide Application of L Angle Bracket: join a wooden shelf to a wall or to join two furniture parts together such as bookshelf, garden shelf, ",MHMYDZ,Substitute,us
shelf bracket modern,B07QQMGM54,"4 Pack - L12"" x H 8"" x W 1.5"", 5mm Thick Rustic Shelf Bracket, Iron Shelf Brackets, Metal Shelf Bracket, Industrial Shelf Bracket, Modern Shelf Bracket, Decorative Shelving, Shelf Supports with Screws","Specification:<br> <br>●Color: Matte Black<br> ●Material:High quality steel<br> <br>Dimensions: ●Thickness: 5mm<br> ●Short arm: 8"";<br> ●Long arm: 12""<br> ●Application: Clothes hanger, Storage rack, Shoe rack,bookshelf and more<br> <br>Package Included:<br> 4 x Shelf Brackets<br> 16 x Screws<br> <br>Support Weight :maximum 100lb for a pair of corner bracket Wide Application of L Angle Bracket: join a wooden shelf to a wall or to join two furniture parts together such as bookshelf, garden shelf, ",MHMYDZ,Exact,us
12 inch l shaped brackets,B07G54S3TT,Home Master Hardware 12 inch x 8 inch Heavy Duty Shelf L Brackets Shelf Support Corner Brace Joint Right Angle Bracket Black with Screws 10-Pack,None,HOME MASTER HARDWARE,Substitute,us
l brackets,B07G54S3TT,Home Master Hardware 12 inch x 8 inch Heavy Duty Shelf L Brackets Shelf Support Corner Brace Joint Right Angle Bracket Black with Screws 10-Pack,None,HOME MASTER HARDWARE,Exact,us
shelf brackets,B07G54S3TT,Home Master Hardware 12 inch x 8 inch Heavy Duty Shelf L Brackets Shelf Support Corner Brace Joint Right Angle Bracket Black with Screws 10-Pack,None,HOME MASTER HARDWARE,Exact,us
12 inch l shaped brackets,B07FVQS6YK,ETSAMAL 4Pcs Shelf Brackets 10 Inch Decorative Shelf Holder L-Shaped Shelf Supporter Heavy Duty for Storage Display Floating Shelf with Free Screw Accessories,"<b> Specification: </b> <br> Color: Black <br> Material: thicken iron <br> Length: 250mm / 9.84"" <br> Hight: 164mm/ 6.45"" <br> Width: 25mm / 0.98"" <br> Thickness: 3mm / 0.12"" <br><br> <b> Package Included: </b> <br> 4 x Shelf Brackets <br> 16 x Screws( 8 long screws and 8 short screw) <br> 8 x expansion pipe <br><br> This stand can fulfill your desire to create a garden shed and it is also an important furniture connector. Also be used as a support shelf bracket to achieve a variety of conversio",ETSAMOR,Substitute,us
12 inch l shaped brackets,B07F3KYMM7,"YUMORE Shelf Bracket 10"", Heavy Duty Stainless Steel Solid Shelf Support Corner Brace Joint Right Angle Bracket, The Bar with Hole to Hang Clothes Hooks or S Hook, 1 L Bracket with 2 S Hook,2 Pack","Looking for some solid brackets for your shelving project, then get lost in all kinds of product ads, but worried about product quality and effect.<br> Why not take YUMORE shelf brackets, premium stainless steel, with widen and thicken supporting arms, max loading up to 150kg/330lbs, and we offer QA and After-Sale Service.<br><br> Product Features<br> -High-quality material, surface brushed finish, do well resist daily scratches and corrosion, sturdy and durable.<br> -With moveable inserting sup",YUMORE,Substitute,us
12 inch l shaped brackets,B017GS6GUQ,"Amarine Made Pair of Stainless Steel Heavy Duty Shelf Brackets,8"",10"",12"", Shelf Support Brackets Large L Brackets for Table Bench Desk","Product Name : Angle Bracket;Material : Stainless Steel <br> Color : Silver Tone; Hole Quantity : 4 Holes <br> Bracket Size(Length*Width*Thickness) :<br> ✤19-7/10""x11-4/5"" (50*30cm) maximum capacity 170kg<br> ✤17-7/10""x11"" (45*28cm) maximum capacity 170kg<br> ✤15-7/10""x10"" (40*25.4cm) maximum capacity 170kg<br> ✤13-4/5""x8-3/10"" (35*21cm) maximum capacity 170kg<br> ✤12""X6-1/2X1/8"" (30.5*16.5*0.3cm) maximum capacity 75kg<br> ✤10"" x 6"" x 1/8"" (25.4*15.2*0.3cm) maximum capacity 75kg<br> ✤8""X5-1/2""X1",Amarine Made,Substitute,us
12 inch l shaped brackets,B07W3YQ4SS,WINKER Shelf Bracket 10 Inch Heavy Duty White Brackets for Shelves Corner L Bracket for Wall Shelves Metal Iron Shelf Brackets,"You will make the best choice of black L corner bace from our store here. We promise you quality of the shelf bracket and the outstanding after service.<br> You will buy the best cost performace shelf brackets here. Maybe not the best due to its cost and price, but it is the best at such price.<br><br> <b>Package include:</b><br> ■12x Angle Shelf Brackets<br> ■72 x Screws( 24pcs long screws and 48pcs short screws)<br> ■8 x Expansion Pipe<br><br> <b>Specification of bravo L bracket:</b><br> <b>Si",WINKER,Substitute,us
decorative 12 shelf brackets,B07W3YQ4SS,WINKER Shelf Bracket 10 Inch Heavy Duty White Brackets for Shelves Corner L Bracket for Wall Shelves Metal Iron Shelf Brackets,"You will make the best choice of black L corner bace from our store here. We promise you quality of the shelf bracket and the outstanding after service.<br> You will buy the best cost performace shelf brackets here. Maybe not the best due to its cost and price, but it is the best at such price.<br><br> <b>Package include:</b><br> ■12x Angle Shelf Brackets<br> ■72 x Screws( 24pcs long screws and 48pcs short screws)<br> ■8 x Expansion Pipe<br><br> <b>Specification of bravo L bracket:</b><br> <b>Si",WINKER,Substitute,us
12 inch mattress queen,B089JS623C,"Linenspa 12 Inch Memory Hybrid Plush-Edge Support-Quilted Foam Cover Mattress, Plush Mattress Queen",None,Linenspa,Exact,us
hybrid queen mattress 12 inch,B089JS623C,"Linenspa 12 Inch Memory Hybrid Plush-Edge Support-Quilted Foam Cover Mattress, Plush Mattress Queen",None,Linenspa,Exact,us
mattress queen,B089JS623C,"Linenspa 12 Inch Memory Hybrid Plush-Edge Support-Quilted Foam Cover Mattress, Plush Mattress Queen",None,Linenspa,Exact,us
12 inch mattress queen,B088GWSNYJ,"Queen Mattress, Coolvie 12 Inch Memory Foam Hybrid Mattress in A Box","<p><b>Coolvie 12 Inch Queen Size Mattress, Memory foam and Pocket coils Hybrid Mattress Bed Mattress in Small Box, Medium Firm, 100 night free trial</b></p><p><b>Hybrid Construction</b>--Coolvie Hybrid mattress combines the targeted pressure point relief of individually encased coils with the contouring comfort of quilted gel memory foam in a hybrid mattress that’s exceptionally priced.</p><p><b>A mattress like no other</b>-- Adapts to your weight, shape and temperature for personalized comfort ",Coolvie,Exact,us
mattress queen size firm,B088GWSNYJ,"Queen Mattress, Coolvie 12 Inch Memory Foam Hybrid Mattress in A Box","<p><b>Coolvie 12 Inch Queen Size Mattress, Memory foam and Pocket coils Hybrid Mattress Bed Mattress in Small Box, Medium Firm, 100 night free trial</b></p><p><b>Hybrid Construction</b>--Coolvie Hybrid mattress combines the targeted pressure point relief of individually encased coils with the contouring comfort of quilted gel memory foam in a hybrid mattress that’s exceptionally priced.</p><p><b>A mattress like no other</b>-- Adapts to your weight, shape and temperature for personalized comfort ",Coolvie,Exact,us
12 inch mattress queen,B0876Z38K9,"ZINUS 12 Inch Euro Top Pocket Spring Hybrid Mattress / Pressure Relief / Pocket Innersprings for Motion Isolation / Bed-in-a-Box, Queen",None,Zinus,Exact,us
hybrid mattress queen,B0876Z38K9,"ZINUS 12 Inch Euro Top Pocket Spring Hybrid Mattress / Pressure Relief / Pocket Innersprings for Motion Isolation / Bed-in-a-Box, Queen",None,Zinus,Exact,us
hybrid queen mattress 12 inch,B0876Z38K9,"ZINUS 12 Inch Euro Top Pocket Spring Hybrid Mattress / Pressure Relief / Pocket Innersprings for Motion Isolation / Bed-in-a-Box, Queen",None,Zinus,Exact,us
lucid 10 inch memory foam mattress,B0876Z38K9,"ZINUS 12 Inch Euro Top Pocket Spring Hybrid Mattress / Pressure Relief / Pocket Innersprings for Motion Isolation / Bed-in-a-Box, Queen",None,Zinus,Substitute,us
12 inch mattress queen,B084HBSY44,"Best Choice Products 12in Queen Size 3-Layer Medium-Plush Mattress w/Moisture Wicking, Odor Reducing Bamboo Charcoal Gel & Green Tea Infused Memory Foam - CertiPUR-US Certified","<b>Specifications:</b><br>Full Size: 75""(L) x 54""(W) x 12""(Thick)<br>Queen Size: 80""(L) x 60""(W) x 12""(Thick)<br>King Size: 80""(L) x 76""(W) x 12""(Thick)<br>Full Weight: 57 lbs.<br>Queen Weight: 67 lbs.<br>King Weight: 86 lbs.<br>Material: Memory Foam, Charcoal Infused Gel, Green Tea Foam, Cotton, Polyester<br>CertiPUR US Certified Foam<br>No assembly required<br>Note: Allow 48-72 hours for your mattress to decompress (Instruction Incuded)<br>It's not personal--it's hygiene! This item is consider",Best Choice Products,Exact,us
lucid 10 inch memory foam mattress,B084HBSY44,"Best Choice Products 12in Queen Size 3-Layer Medium-Plush Mattress w/Moisture Wicking, Odor Reducing Bamboo Charcoal Gel & Green Tea Infused Memory Foam - CertiPUR-US Certified","<b>Specifications:</b><br>Full Size: 75""(L) x 54""(W) x 12""(Thick)<br>Queen Size: 80""(L) x 60""(W) x 12""(Thick)<br>King Size: 80""(L) x 76""(W) x 12""(Thick)<br>Full Weight: 57 lbs.<br>Queen Weight: 67 lbs.<br>King Weight: 86 lbs.<br>Material: Memory Foam, Charcoal Infused Gel, Green Tea Foam, Cotton, Polyester<br>CertiPUR US Certified Foam<br>No assembly required<br>Note: Allow 48-72 hours for your mattress to decompress (Instruction Incuded)<br>It's not personal--it's hygiene! This item is consider",Best Choice Products,Substitute,us
memory foam mattress sale,B084HBSY44,"Best Choice Products 12in Queen Size 3-Layer Medium-Plush Mattress w/Moisture Wicking, Odor Reducing Bamboo Charcoal Gel & Green Tea Infused Memory Foam - CertiPUR-US Certified","<b>Specifications:</b><br>Full Size: 75""(L) x 54""(W) x 12""(Thick)<br>Queen Size: 80""(L) x 60""(W) x 12""(Thick)<br>King Size: 80""(L) x 76""(W) x 12""(Thick)<br>Full Weight: 57 lbs.<br>Queen Weight: 67 lbs.<br>King Weight: 86 lbs.<br>Material: Memory Foam, Charcoal Infused Gel, Green Tea Foam, Cotton, Polyester<br>CertiPUR US Certified Foam<br>No assembly required<br>Note: Allow 48-72 hours for your mattress to decompress (Instruction Incuded)<br>It's not personal--it's hygiene! This item is consider",Best Choice Products,Exact,us
12 inch mattress queen,B012H0K93I,"ZINUS 12 Inch Cloud Memory Foam Mattress / Pressure Relieving / Bed-in-a-Box / CertiPUR-US Certified, Queen",None,Zinus,Exact,us
dr q eyes wide open,B012H0K93I,"ZINUS 12 Inch Cloud Memory Foam Mattress / Pressure Relieving / Bed-in-a-Box / CertiPUR-US Certified, Queen",None,Zinus,Irrelevant,us
green mattress queen,B012H0K93I,"ZINUS 12 Inch Cloud Memory Foam Mattress / Pressure Relieving / Bed-in-a-Box / CertiPUR-US Certified, Queen",None,Zinus,Exact,us
mattress and box spring queen size set,B012H0K93I,"ZINUS 12 Inch Cloud Memory Foam Mattress / Pressure Relieving / Bed-in-a-Box / CertiPUR-US Certified, Queen",None,Zinus,Exact,us
mattress queen,B012H0K93I,"ZINUS 12 Inch Cloud Memory Foam Mattress / Pressure Relieving / Bed-in-a-Box / CertiPUR-US Certified, Queen",None,Zinus,Exact,us
mattress queen size memory foam 12 in,B012H0K93I,"ZINUS 12 Inch Cloud Memory Foam Mattress / Pressure Relieving / Bed-in-a-Box / CertiPUR-US Certified, Queen",None,Zinus,Exact,us
memory foam queen mattress,B012H0K93I,"ZINUS 12 Inch Cloud Memory Foam Mattress / Pressure Relieving / Bed-in-a-Box / CertiPUR-US Certified, Queen",None,Zinus,Exact,us
tempur contour supreme,B012H0K93I,"ZINUS 12 Inch Cloud Memory Foam Mattress / Pressure Relieving / Bed-in-a-Box / CertiPUR-US Certified, Queen",None,Zinus,Substitute,us
used spas for sale,B012H0K93I,"ZINUS 12 Inch Cloud Memory Foam Mattress / Pressure Relieving / Bed-in-a-Box / CertiPUR-US Certified, Queen",None,Zinus,Irrelevant,us
zinus memory foam 12 inch green tea mattress queen,B012H0K93I,"ZINUS 12 Inch Cloud Memory Foam Mattress / Pressure Relieving / Bed-in-a-Box / CertiPUR-US Certified, Queen",None,Zinus,Exact,us
12 inch mattress queen,B0774YTYF7,LUCID 12 Inch Queen Hybrid Mattress - Bamboo Charcoal and Aloe Vera Infused Memory Foam - Motion Isolating Springs - CertiPUR-US Certified,None,LUCID,Exact,us
hybrid mattress queen,B0774YTYF7,LUCID 12 Inch Queen Hybrid Mattress - Bamboo Charcoal and Aloe Vera Infused Memory Foam - Motion Isolating Springs - CertiPUR-US Certified,None,LUCID,Exact,us
hybrid queen mattress 12 inch,B0774YTYF7,LUCID 12 Inch Queen Hybrid Mattress - Bamboo Charcoal and Aloe Vera Infused Memory Foam - Motion Isolating Springs - CertiPUR-US Certified,None,LUCID,Exact,us
lucid 12 inch gel memory foam mattress,B0774YTYF7,LUCID 12 Inch Queen Hybrid Mattress - Bamboo Charcoal and Aloe Vera Infused Memory Foam - Motion Isolating Springs - CertiPUR-US Certified,None,LUCID,Substitute,us
12 inch metal straw,B07W6DWJGK,"Metal Stainless Steel Straws, 4pcs 12"" Ultra Long Reusable Metal Drinking Straws with Cleaning Brush and Silicone Tips for Tall Tumblers","<br>Specification: <br>Material: Top food-grade 18/8 304 stainless steel <br>Color: Stainless steel color <br>Length of straight Straw: 12 inches / 305mm <br>Length of bent Straw: 11.6inches / 295mm <br>Length of brush: 10.5inches / 267mm <br>Outer Diameter:0.24 inch / 6mm <br> <br>Packing: <br>2 x straight stainless steel straws, <br>2 x bent stainless steel straws, <br>1 x brush, <br>4 x silicone tips, <br><br>Reusable, clean and environmental friendly, a perfect replacement for your plastic s",Zhiyihome,Exact,us
12 inch metal straw,B07ZJHGSL1,Halm Glass Straws - 6 Long Bent Reusable Drinking Straws + Plastic-Free Cleaning Brush - 30 cm (12 in) x 0.9 cm - Made in Germany - Dishwasher Safe - Eco-Friendly - Perfect for Bottles,"""THE GODDESS OF WATER"" Our curved 30cm drinking straw is a true water goddess and rises elegantly from your drinks. With it you can enjoy soft drinks from 0.33 - 0.6l bottles pleasantly or treat yourself to an XXL cocktail. However, our tall goddess becomes the perfect companion in the sustainable water bottle. It accompanies you to your workplace or home desk and guarantees more drinking pleasure. The curved 30cm HALM is of course reusable, tasteless and flatters your mouth while drinking.",HÅLM,Substitute,us
12 inch metal straw,B082XSHFX2,"4 JUMBO 14"" Stainless Steel 100 oz Straw + 4 Silicone Tips HUGE SUPER LONG Drinking Wide Insulated Whirley Travel Mug FOAM Truck Stop Cup (4 Jumbo Straws)","CUP NOT INCLUDED - STRAWS + Tips + Brush ONLY! - Cup is shown only for size reference so you can see how JUMBO these straws are! <p> CUP NOT INCLUDED <p><p> <p> CocoStraw Brand - The #1 Stainless Steel Drinking Straw in the USA! <p> 4 Straws + 4 Silicone Tips + 1 Cleaning Brush <p> JUMBO MEGA SUPER SIZE! Perfect Fit for 100 oz MEGA Gulp Cups! 14"" Length & ( 9mm ) 3/8"" WIDE Width <p> Same Width as the Flex Clear Plastic Straws that originally come with 100 oz + 64oz Big Gulp Cups <p> Please see t",CocoStraw,Exact,us
12 inch metal straw,B086C48DVZ,"Metal Stainless Steel Straws, 4pcs Ultra Long 12"" Reusable Silver Drinking Straws with 4 Silicone Tips & 1 Cleaning Brush","<b>Specification:</b> <br>Material: Food-grade Stainless Steel <br>Color: Silver <br>Length of straight straw: 12 inch / 305mm <br>Length of bent straw: 11.81 inch / 300mm <br>Length of brush: 11.4 inch / 290mm <br>Outer Diameter of Straw: 0.31 inch / 8mm <br>Inner Diameter of Straw: 0.25 inch / 6.35mm <br> <br> <b>Package Includes:</b> <br>4* Reusable Straws <br>4* Silicone Tips <br>1* Cleaning Brush <br> <br> <b>Warranty:</b> <br>Any questions, please feel free to contact us, thanks!",N/ A,Exact,us
12 inch metal straw,B08G4WM2MX,"GFDesign 10"" & 12"" Extra Long Reusable Drinking Metal Straws 6mm Wide Food-Grade Stainless Steel & Silicone Elbows Tips for Smoothie Milkshake Cocktail Juice Hot Drinks - Set of 8 + 2 Cleaning Brushes","<b>Product Properties: </b><br> Product Name: 2-in-1 Reusable Drinking Straws Set<br> Material: Food-Grade 18/8 Stainless Steel & Silicone <br><br> Size: <br> 6mm Short Straw: 8.5"" Long (215 mm) <br> 6mm Long Straw: 10.5"" Long (266 mm) <br> Silicone Elbow: 3.5"" Long (87 mm) <br><br> Combination Length:<br> 8.5"" Straw + Elbow = 10 inches (255 mm) <br> 10.5"" Straw + Elbow = 12 inches (305 mm) <br><br> Color: <br> Silver Straw & 4 Color Silicone Elbow <br><br> Package Included: <br> 4 x 8.5"" Straig",GFDesign,Exact,us
12 inch metal straw,B08HV32CQP,"16 Set Silver Reusable Metal Straws, 0.24"" Wide Stainless Steel Straws Drinking Straw for 20 and 30 oz Tumbler with 16 Silicone Tip & 4 Cleaning Brush & 1 Bag ",Reusable Straws (Silver Dia:0.236inch),VIUME,Substitute,us
12 inch metal straw,B08Q84G35Y,"4 PCS 12"" Colorful Metal Drinking Straws, Ultra Long Stainless Steel Straws 0.31"" Wide Reusable Rainbow Metal Straws with 4 Silicone Tips and 1 Cleaning Brush for Big Tumblers",SA,BATEMEN W,Exact,us
wide metal straws with silicone tip,B08Q84G35Y,"4 PCS 12"" Colorful Metal Drinking Straws, Ultra Long Stainless Steel Straws 0.31"" Wide Reusable Rainbow Metal Straws with 4 Silicone Tips and 1 Cleaning Brush for Big Tumblers",SA,BATEMEN W,Exact,us
12 inch metal straw,B08VGQFZC4,"Extra Long 14.5 Inch Reusable Silicone Straws for Wine Bottle,1 Gallon/128 64 75 OZ Water Bottle,Mugs,1/Half Gallon Hydro Water Jug, Flexible Tall Giant Big Gallon Jug Drinking Straw With Brush-8 Pack",<p><strong>Join us to protect our environment</strong><br /> Thanks for choosing our product and to be a part of environmental presever. No worries for throwing away tons of plastic straws and feel guilty for environment </p> <p><strong>Extra Long Reusable Straws</strong><br /> Enjoy 6 reusable silicone straws and 2 handy cleaning brushes for long-term use and save your money<strong> </strong><br /> These straws fit for extra tall & big tumblers of various brands<br /> Deliver maximum suction of,Tegion,Irrelevant,us
12 inch metal straw,B08YXD8R5Z,"4 PCS Reusable Metal Straws with Silicone Tips & Cleaning Brush, 12"" Extra Long Colorful Drinking Straws 0.24"" Wide Rainbow Steel Straws for Tall Mugs Tumblers",Specification: Material: Top food-grade 18/8 304 stainless steel Length of Brush: 11.4inches / 290mm Outer Diameter of Straw: 0.24 inches / 6mm Packing: 2 x straight stainless steel straws 2 x bent stainless steel straws 4 x silicone tips 1 x cleaning brush,N \ A,Exact,us
12 inch metal straw,B07TTRHPDN,Dakoufish 13 Inch Reusable Clear Tritan Straws Extra Long for 30-100 OZ Tall Water Bottle Mug Tumblers Rambler Mason Jar 12packs with One Brush,"<b>Why Choose Dakoufish Reusable Drinking Straws? <br><br> <b>BPA-Free<br> Dakoufish insist that all the straws material is BPA-Free.Some research has shown that exposure to BPA, an industrial chemical, is a concern due to possible health effects on the brain, behavior, and the prostate gland of fetuses, infants, and children. <br><br> <b>More Thicker <br> Dakoufish all straws thickness is 1mm,we open the mold by ourselves,we can made more thicker and durable straws than others ,you can find tha",DAKOUFISH,Substitute,us
long plastic straws,B07TTRHPDN,Dakoufish 13 Inch Reusable Clear Tritan Straws Extra Long for 30-100 OZ Tall Water Bottle Mug Tumblers Rambler Mason Jar 12packs with One Brush,"<b>Why Choose Dakoufish Reusable Drinking Straws? <br><br> <b>BPA-Free<br> Dakoufish insist that all the straws material is BPA-Free.Some research has shown that exposure to BPA, an industrial chemical, is a concern due to possible health effects on the brain, behavior, and the prostate gland of fetuses, infants, and children. <br><br> <b>More Thicker <br> Dakoufish all straws thickness is 1mm,we open the mold by ourselves,we can made more thicker and durable straws than others ,you can find tha",DAKOUFISH,Exact,us
12 inch metal straw,B08Z3LMGS7,"8 Pieces 14 Inch Stainless Steel Straws Long Drinking Straws for 100 oz Tumblers, Reusable Metal Drinking Straws Extra with 4 Pieces Cleaning Brush","<br>Features: <br> <br>Wide applications: <br>Ideal for most thick and thin drinks like cocktail, coffee, soda, juices milkshakes, smoothies, these metal drinking straws are nice gifting option for anyone who is fitness conscious, for anyone who love camping, dining out, drinking at school or at work. <br> <br>Well made: <br>These steel drinking straws are made of sturdy stainless steel material which features good corrosion resistance and durability, non irritating smell, non-toxic and safe, pl",Geiserailie,Substitute,us
atainless steel straws,B08Z3LMGS7,"8 Pieces 14 Inch Stainless Steel Straws Long Drinking Straws for 100 oz Tumblers, Reusable Metal Drinking Straws Extra with 4 Pieces Cleaning Brush","<br>Features: <br> <br>Wide applications: <br>Ideal for most thick and thin drinks like cocktail, coffee, soda, juices milkshakes, smoothies, these metal drinking straws are nice gifting option for anyone who is fitness conscious, for anyone who love camping, dining out, drinking at school or at work. <br> <br>Well made: <br>These steel drinking straws are made of sturdy stainless steel material which features good corrosion resistance and durability, non irritating smell, non-toxic and safe, pl",Geiserailie,Exact,us
12 inch metal straw,B0913HTPSS,"Reusable Stainless Steel Metal Straws，set of 16 pcs 10.5”,8.5”Long Metal Straws Drinking for 20 24 30 oz Tumbler, 16 Silicone Tips,3 Cleaning Brushes,1portable plastic box (RAINBOW)","These metal straws are made of top grade 304(18/8) food grade stainless steel，No metallic aftertaste，And non-toxic and non-polluting，Antirust，Non-fading and reusable， Dishwasher safe， 100% recyclable，Save you money and protect the environment at the same time， We have silicone tips for each Straw， Enjoy cold drinks, coffee, milk, juice, cocktails and other beverages more hygienically，We have put the straws and cleaning brushes in the cotton bag and the silicone heads in the cutlery box to avoid ",QiYu,Substitute,us
12 inch metal straw,B092DVVJL3,"Rainbow Color Stainless Steel Straws, 4pcs Extra Long 12"" Reusable Curved Metal Straws with Cleaning Brush and Silicone Tips for Tall Tumblers","<br>Package includes 4pcs curved straws, 4 silicone tips and 1 cleaning brush",Zhiyihome,Exact,us
12 inch metal straw,B092ZDPNZB,"Black Stainless Steel Straws Set of 10, Reusable Metal Straws with 8 Silicone Tips and 2 Cleaner Brush, for 30oz 20oz Tumblers, Long Drinking Straws Dishwasher Safe (4 Straight 4 Bent 2 Boba Straws)","<p><strong>Co-friendly, reusable, reduce plastic pollution  </strong><br><br>As a green alternative to plastic,one more step closer to an eco-friendly lifestyle and cuts the disposable straws use in a convenient way.Safer for the environment,one set of stainless steel straws can be used for years to replace hundreds or thousands of plastic straws, which reduce waste and white pollution.  <br><br>No more plastic straws - ever! To protect our earth, we should use this stainless steel straws instea",XYMYNB,Substitute,us
12 inch metal straw,B093GQCD52,Reusable Straws Metal Straws Stainless Steel Straw Set of 12 Short 6” Cocktail 8.5” Smoothie and 10.5” Tumbler Drinking Straws Black and Silver Home Bar Essentials Eco Friendly,<p>Set Includes:</p> <p>Two .24” Diameter x 6” Length Straight Silver Straws</p> <p>Two .24” Diameter x 8.5” Length Straight Silver Straws</p> <p>Two .24” Diameter x 8.5” Length Bent Silver Straws</p> <p>Two .31” Diameter x 6” Length Straight Black Straws</p> <p>Two .31” Diameter x 8.5” Length Straight Black Straws</p> <p>Two .31” Diameter x 10.5” Length Straight Black Straws</p> <p>Two Nylon Cleaning Brushes</p> <p>One Cotton Carrying Bag</p> <p>No Worries Atoll brand stainless steel straw set ,No Worries Atoll,Substitute,us
12 inch metal straw,B096K1RPSX,"ALINK 12-Pack Reusable Plastic Clear Straws, 13 inch Extra Long Tumbler Straws for 1 Gallon, 64/32 oz Water Bottles, Plus Cleaning Brush","ALINK Reusable Clear Straws, 13 in Extra Long Hard Plastic Tumbler Straws, Pack of 12 with Cleaning Brush",ALINK,Substitute,us
12 inch metal straw,B096KG6TS8,"ALINK 13 inch Extra Long Reusable Plastic Black Straws, 12-Pack Tumbler Straws for 1 Gallon, 64/32 oz Water Bottles, Pack of 12 with Cleaning Brush","ALINK Reusable black Straws, 13 in Extra Long Hard Plastic Tumbler Straws, Pack of 12 with Cleaning Brush",ALINK,Substitute,us
12 inch metal straw,B08XXHPKLG,"VEHHE 16-Pack Reusable Metal Stainless Steel Straws with Silicone Tips travel Case - Long Drinking Straws for 30 oz and 20 oz Tumblers Yeti Dishwasher Safe - 4 Cleaning Brushes, gift box Included",z,VEHHE,Substitute,us
12 inch metal straw,B07S9SBRXN,"Colorful Stainless Steel Straws, 4pcs Ultra Long 12"" Reusable Rainbow Color Drinking Straws with Silicone Tips and Cleaning Brush","<b>Food grade 18/8 stainless steel, titanium plating rainbow color, plastic free, no metal aftertaste, no oxidation, colorfast, dishwasher safe, reusable and environmentally friendly.",JIEFU,Exact,us
12 inch metal straw,B08L5VV7JT,"DAKOUFISH 12 Inch Long Black Reusable Plastic Replacement Drinking Straws for 30 oz & 40 oz Mason Jar,Tumblers, Set of 12 with Cleaning Brush (12inch, Black)","<b>Why Choose Dakoufish Reusable Drinking Straws? <br><br> <b>BPA-Free<br> Dakoufish insist that all the straws material is BPA-Free.Some research has shown that exposure to BPA, an industrial chemical, is a concern due to possible health effects on the brain, behavior, and the prostate gland of fetuses, infants, and children. <br><br> <b>More Thicker <br> Dakoufish all straws thickness is 1mm,we open the mold by ourselves,we can made more thicker and durable straws than others ,you can find tha",DAKOUFISH,Substitute,us
12 inch metal straw,B07TKVPL94,"12 Inch Colorful Stainless Steel Straws, 8pcs Ultra Long Reusable Rainbow Color Metal Drinking Straws with Silicone Tips and Cleaning Brush for Big Tumblers","<b> Specification:</b> <br> Material: Top food-grade 18/8 304 stainless steel <br> Color: Rainbow color <br> Length of straight Straw: 12 inches / 305mm <br> Length of bent Straw: 11.6inches / 295mm <br> Length of brush: 10.5inches / 267mm <br> Outer Diameter:0.24 inch / 6mm <br> <b> Packing:</b> <br> 4 x straight rainbow stainless steel straws, 4 x bent rainbow stainless steel straws, 2 x brush, 8 x silicone tips, <br> Reusable, clean and environmental friendly, a perfect replacement for your p",JIEFU,Exact,us
12 inch metal straw,B07S89TWK5,"Straw Carrying Case, Straw Pouch, Travel Bag for Stainless Steel, Glass, Silicone, Bamboo, Cutlery and Cleaning Brush Straws, Safety and Reusable Straw Case (11.7 x 3.9 Inch)","<br>3 Pieces straw carrying case straw pouch for stainless steel, glass, silicone, bamboo and cleaning brush straw <br> <br>How to clean: <br>1. Can not be washed with hot water, it is recommended to wash with warm water or cold water. <br>2. It is recommended to clean the grease with a mild dishwashing product. Washing with a strong detergent such as soap will break the fabric and cause some fading. <br>3. Wash and level, do not twist, do not expose to the sun, prevent wrinkles or yellowing. <b",Tatuo,Irrelevant,us
12 inch metal straw,B00CBAPMR8,"StainlessLUX 77512 2-piece Extra-long Stainless Steel Milkshake Straws/Smoothie Straw Set, 12 Inches Long x 0.3 Inches Diameter, Brilliant Finish Food-safe 18/8 Stainless, 2 Straws in a Set","These handsome reusable extra-long stainless steel drinking straws are designed with the active and eco-friendly you in mind. Larger diameter of 0.3 inches and extra-long length of 12 inches. Not only they are great fun for sipping water, sodas, iced tea and fountain drinks, they are prefect for enjoying your healthy smoothies, creamy milkshakes and rich protein drinks, too! Work great with many water bottles and super-sized cups. Now, you can get rid of straws that are too short for your bottle",StainlessLUX,Substitute,us
12 inch metal straw,B01MQYN3OY,"2 JUMBO 14"" Stainless Steel Straws 100 oz HUGE SUPER LONG Drinking Wide Compatible With Whirley Insulated Travel Mug FOAM Truck Stop Cups","CUP NOT INCLUDED - STRAWS ONLY! - Cup is shown only for size reference so you can see how JUMBO these straws are! <p> CUP NOT INCLUDED <p><p> <p> CocoStraw Brand - The #1 Stainless Steel Drinking Straw in the USA! <p> 2 Straws + Cleaning Brush <p> JUMBO MEGA SUPER SIZE! Perfect Fit for 100 oz MEGA Gulp Cups! 14"" Length & ( 9mm ) 3/8"" WIDE Width <p> Same Width as the Flex Clear Plastic Straws that originally come with 100 oz Big Gulp Cups <p> Please see the photos for ACTUAL size of the straws in",CocoStraw,Substitute,us
12 inch metal straw,B01NCWTIMJ,Stainless Steel Straws (Tall),"<b><p>Get This Top-Notch Stainless Steel Straws Set Now And Make Your Day A Breeze- 100% Risk-Free Construction & Eco-Friendly Choice </b></p> <p>Have you ever heard about stainless steel straws? </p> <p>Well, we would strongly advise you to try them! </p> <p>Constructed by stainless steel, these straws are going to accompany you for a lifetime, as it’s never going to turn broken or rusty! </p> <p>Now you can sit at your backyard during a summer day and enjoy your cold beverages without having a",Greens Steel,Exact,us
atainless steel straws,B01NCWTIMJ,Stainless Steel Straws (Tall),"<b><p>Get This Top-Notch Stainless Steel Straws Set Now And Make Your Day A Breeze- 100% Risk-Free Construction & Eco-Friendly Choice </b></p> <p>Have you ever heard about stainless steel straws? </p> <p>Well, we would strongly advise you to try them! </p> <p>Constructed by stainless steel, these straws are going to accompany you for a lifetime, as it’s never going to turn broken or rusty! </p> <p>Now you can sit at your backyard during a summer day and enjoy your cold beverages without having a",Greens Steel,Exact,us
12 inch metal straw,B0714QXG2Q,GFDesign Big Drinking Straws Reusable 12 Inches Extra Long 9mm Extra Wide SUS 304 Food-Grade 18/8 Stainless Steel - Set of 4 with 2 Cleaning Brushes - Bent,<b>NOTE: please take a look at your tumbler lid hole to make sure if it fits a 3/8 inch (9 mm) wide straw.</b><br><br> <b>Product Properties: </b><br> Product Name: Stainless Steel Straws Set<br> Material: SUS 304 Food - Grade 18/8 Stainless Steel<br> Size: 12 x 0.35 inches / 305 x 9 mm <br> Color: Silver <br><br> <b>Package Included: </b><br> 4 x Stainless Steel Straws <br> 2 x Cleaning Brushes,GFDesign,Exact,us
12 inch metal straw,B071VW5JKK,"Kichwit Extra Long Stainless Steel Straws Set of 8, Reusable Wide Straws for Smoothies, 10.5” Long, 5/16"" Wide, Metal Drinking Straws, 2 Cleaning Brushes Included","<b>About Kichwit Stainless Steel Straws:</b><br>1. They were the best value for the amount of straws you get, variety (our package included both bent and straight), and the included 2 cleaning brushes <br> 2. These straws are perfect for smoothies since they are wider than a traditional small straw. <br> 3. Thoughtfully designed, no sharp edges and a weird feel! <br>4. Super long, thick and wide enough for daily use. <br>5. Plastic straws may easily become twisted or chewed after repeated use wh",Kichwit,Irrelevant,us
atainless steel straws,B071VW5JKK,"Kichwit Extra Long Stainless Steel Straws Set of 8, Reusable Wide Straws for Smoothies, 10.5” Long, 5/16"" Wide, Metal Drinking Straws, 2 Cleaning Brushes Included","<b>About Kichwit Stainless Steel Straws:</b><br>1. They were the best value for the amount of straws you get, variety (our package included both bent and straight), and the included 2 cleaning brushes <br> 2. These straws are perfect for smoothies since they are wider than a traditional small straw. <br> 3. Thoughtfully designed, no sharp edges and a weird feel! <br>4. Super long, thick and wide enough for daily use. <br>5. Plastic straws may easily become twisted or chewed after repeated use wh",Kichwit,Exact,us
steel straw set,B071VW5JKK,"Kichwit Extra Long Stainless Steel Straws Set of 8, Reusable Wide Straws for Smoothies, 10.5” Long, 5/16"" Wide, Metal Drinking Straws, 2 Cleaning Brushes Included","<b>About Kichwit Stainless Steel Straws:</b><br>1. They were the best value for the amount of straws you get, variety (our package included both bent and straight), and the included 2 cleaning brushes <br> 2. These straws are perfect for smoothies since they are wider than a traditional small straw. <br> 3. Thoughtfully designed, no sharp edges and a weird feel! <br>4. Super long, thick and wide enough for daily use. <br>5. Plastic straws may easily become twisted or chewed after repeated use wh",Kichwit,Exact,us
12 inch metal straw,B0761KNS2R,"Set of 10 Stainless Steel Straws, HuaQi Straight Reusable Drinking Straws 10.5'' Long 0.24‘’ Dia for 30 oz Tumbler and 20 oz Tumbler, 2 Cleaning Brush Included (10 Straight Straws + 2 Brushes）","<b>Specifications<b/><br> Material：stainless steel <br>Size: 10.5 inch long <br><br> <b>Maintenance method: <b/><br> 1.After use, wash it with clean water and straw brush. After washing, please air dry before put away it.<br> 2.For the first time, you can wash with a cleaning solution.<br> 3.It can be disinfected with hot water. Please take it carefully.<br> 4.Do not put in the oven to avoid heat and discoloration.<br> 5.Do not use steel wire ball, etc..., to avoid damaging the material. <br> <b",HuaQi,Substitute,us
atainless steel straws,B0761KNS2R,"Set of 10 Stainless Steel Straws, HuaQi Straight Reusable Drinking Straws 10.5'' Long 0.24‘’ Dia for 30 oz Tumbler and 20 oz Tumbler, 2 Cleaning Brush Included (10 Straight Straws + 2 Brushes）","<b>Specifications<b/><br> Material：stainless steel <br>Size: 10.5 inch long <br><br> <b>Maintenance method: <b/><br> 1.After use, wash it with clean water and straw brush. After washing, please air dry before put away it.<br> 2.For the first time, you can wash with a cleaning solution.<br> 3.It can be disinfected with hot water. Please take it carefully.<br> 4.Do not put in the oven to avoid heat and discoloration.<br> 5.Do not use steel wire ball, etc..., to avoid damaging the material. <br> <b",HuaQi,Exact,us
12 inch metal straw,B076H4529R,"GFDesign Big Drinking Straws Reusable 12"" Extra Long 9mm Extra Wide SUS 304 Food-Grade 18/8 Stainless Steel - Set of 4 with 2 Cleaning Brushes - Straight",<b>NOTE: please take a look at your tumbler lid hole to make sure if it fits a 3/8 inch (9 mm) wide straw.</b><br><br> <b>Product Properties: </b><br> Product Name: Stainless Steel Straws Set<br> Material: SUS 304 Food - Grade 18/8 Stainless Steel<br> Size: 12 x 0.35 inches / 305 x 9 mm <br> Color: Silver <br><br> <b>Package Included: </b><br> 4 x Stainless Steel Straws <br> 2 x Cleaning Brushes <br><br>,GFDesign,Exact,us
12 inch metal straw,B07B8CKHKP,Extra Long Safer Rounded End Stainless Steel Metal Straws for Half Gallon (64oz) Mason Jars (4 Pack + Cleaning Brush + Bag),"<p>Half gallon jars are probably best reserved for drinking water, and they are also not very portable. Set one on your desk in the morning and you probably won’t need to refill it all day! Stay safe from chemical leach, and stay hydrated!</p> <p>Mason jar straw hole lids can have different sized holes, so be sure to double check that your straws and lids are compatible.</p> <p>The most reliable way to clean reusable straws is our straw cleaner with soap and hot water. They are also dishwasher s",Mason Jar Lifestyle,Exact,us
12 inch metal straw,B073Q1RYL4,"Super Big Drinking Straws Set 12"" Extra Long 1/2"" Extra Wide Reusable 304 Food-Grade 18/8 Stainless Steel for Frozen Drinks Boba Bubble Tea Smoothies and Shakes - Set of 4 with 2 Cleaning Brushes",<b>Product Properties: </b><br> Product Name: Stainless Steel Straws Set<br> Material: SUS 304 Food-Grade 18/8 Stainless Steel<br> Size: 12 x 1/2 inches / 305 x 12 mm <br> Color: Silver <br><br> <b>Package Included: </b><br> 4 x Stainless Steel Straws <br> 2 x Cleaning Brushes,GFDesign,Exact,us
12 inch metal straw,B07BDNHFRB,"Stainless Steel Straws Iridescence Colors, Fits 30 oz Tumbler, Extra Long Reusable Ecofriendly","These 304 stainless steel straws free you from the health concern that you've been wondering when you use plastic ones. Plastic ones usually contain harmful chemicals like BPA, phthalates, etc. Food-safe stainless steel is a much better choice.<br>Inlcuded with small brush especially designed for cleaning the straw, making cleaning job a breeze. And don't worry about the bent, the brush is flexiable so it'll go through the bent as well as the straight.<br><br><br><b>Product details :<b><br>Produ",dhrbsx,Substitute,us
atainless steel straws,B07BDNHFRB,"Stainless Steel Straws Iridescence Colors, Fits 30 oz Tumbler, Extra Long Reusable Ecofriendly","These 304 stainless steel straws free you from the health concern that you've been wondering when you use plastic ones. Plastic ones usually contain harmful chemicals like BPA, phthalates, etc. Food-safe stainless steel is a much better choice.<br>Inlcuded with small brush especially designed for cleaning the straw, making cleaning job a breeze. And don't worry about the bent, the brush is flexiable so it'll go through the bent as well as the straight.<br><br><br><b>Product details :<b><br>Produ",dhrbsx,Exact,us
12 inch metal straw,B07BF8NJN6,"4 Pack Straw Cleaner Brush, Extra Long Stainless Steel Metal Bristles (12 inch)","Our straw brush is available in a 4 bulk pack made of stainless steel wire and soft nylon bristles. With dimensions of 12 x 0.4 x 0.4 inches, the silver and white long straw cleaner is ideal for cleaning the hard-to-reach inside portion of drinking straws. Save the hassle of clean-up, and assure that the straws are reusable for everyday use and keep clean.",Juvale,Complement,us
iqos heat not burn,B07BF8NJN6,"4 Pack Straw Cleaner Brush, Extra Long Stainless Steel Metal Bristles (12 inch)","Our straw brush is available in a 4 bulk pack made of stainless steel wire and soft nylon bristles. With dimensions of 12 x 0.4 x 0.4 inches, the silver and white long straw cleaner is ideal for cleaning the hard-to-reach inside portion of drinking straws. Save the hassle of clean-up, and assure that the straws are reusable for everyday use and keep clean.",Juvale,Irrelevant,us
metal boba straw foldable,B07BF8NJN6,"4 Pack Straw Cleaner Brush, Extra Long Stainless Steel Metal Bristles (12 inch)","Our straw brush is available in a 4 bulk pack made of stainless steel wire and soft nylon bristles. With dimensions of 12 x 0.4 x 0.4 inches, the silver and white long straw cleaner is ideal for cleaning the hard-to-reach inside portion of drinking straws. Save the hassle of clean-up, and assure that the straws are reusable for everyday use and keep clean.",Juvale,Complement,us
12 inch metal straw,B07D34ZNMH,Hiware 12-Pack Reusable Stainless Steel Metal Straws with Case - Long Drinking Straws for 30 oz and 20 oz Tumblers Yeti Dishwasher Safe - 2 Cleaning Brushes Included,None,HIWARE,Substitute,us
atainless steel straws,B07D34ZNMH,Hiware 12-Pack Reusable Stainless Steel Metal Straws with Case - Long Drinking Straws for 30 oz and 20 oz Tumblers Yeti Dishwasher Safe - 2 Cleaning Brushes Included,None,HIWARE,Exact,us
reusable straws,B07D34ZNMH,Hiware 12-Pack Reusable Stainless Steel Metal Straws with Case - Long Drinking Straws for 30 oz and 20 oz Tumblers Yeti Dishwasher Safe - 2 Cleaning Brushes Included,None,HIWARE,Exact,us
steel straw set,B07D34ZNMH,Hiware 12-Pack Reusable Stainless Steel Metal Straws with Case - Long Drinking Straws for 30 oz and 20 oz Tumblers Yeti Dishwasher Safe - 2 Cleaning Brushes Included,None,HIWARE,Exact,us
straws,B07D34ZNMH,Hiware 12-Pack Reusable Stainless Steel Metal Straws with Case - Long Drinking Straws for 30 oz and 20 oz Tumblers Yeti Dishwasher Safe - 2 Cleaning Brushes Included,None,HIWARE,Exact,us
straws drinking reusable,B07D34ZNMH,Hiware 12-Pack Reusable Stainless Steel Metal Straws with Case - Long Drinking Straws for 30 oz and 20 oz Tumblers Yeti Dishwasher Safe - 2 Cleaning Brushes Included,None,HIWARE,Exact,us
tall wide reusable straw,B07D34ZNMH,Hiware 12-Pack Reusable Stainless Steel Metal Straws with Case - Long Drinking Straws for 30 oz and 20 oz Tumblers Yeti Dishwasher Safe - 2 Cleaning Brushes Included,None,HIWARE,Substitute,us
12 inch metal straw,B07D72B9HJ,"Super Big Drinking Straws Set 12"" Extra Long 1/2"" Extra Wide Reusable 304 Food-Grade 18/8 Stainless Steel for Frozen Drinks Boba Bubble Tea Smoothies and Shakes - Set of 2 with 2 Cleaning Brushes","<b>Product Properties: </b><br> Product Name: Stainless Steel Straws Set<br> Material: SUS 304 Food-Grade 18/8 Stainless Steel<br> Size: 12 x 1/2 inches / 305 x 12 mm <br> Color: Silver <br><br> <b>Package Included: </b><br> 2 x Stainless Steel Straws <br> 2 x Cleaning Brushes <br><br> We look forward to your support and positive affirmation. Everything for your convenience. <br> If you have any questions or suggestions on our product, please tell us in time and We will give you a satisfactory a",GFDesign,Exact,us
12 inch metal straw,B07PTQ9L4Q,"8 Piece 12 Inch Extra Long Reusable Metal Stainless Steel Thick Drinking Straws with Silicone Tips and Cleaning Brush, for Tall Tumblers 40 Ounce, Silver",None,Teivio,Exact,us
wide metal straws with silicone tip,B07PTQ9L4Q,"8 Piece 12 Inch Extra Long Reusable Metal Stainless Steel Thick Drinking Straws with Silicone Tips and Cleaning Brush, for Tall Tumblers 40 Ounce, Silver",None,Teivio,Exact,us
12 inch metal straw,B07PWRP7SZ,"Long Straw Brush, Nylon Pipe Tube Cleaner 12-ihch X 2/5-inch set of 10","12-inch straw, long enough to make it all the way through the straw, the bristles are strong enough to clean out the gunk and you can easily rinse them off when you're done. <br><br> ● 2/5-inch diameter brush head and 4-inch brush length, perfect size for reusable sports tumbler plastic straw, stainless steel straws, silicone straws. It will clean anything it can fit through! <br><br> ● Food grade 304 flexible stainless steel handle, DESIN brushes are perfet for straight and bendy straws, even i",desin,Irrelevant,us
12 inch metal straw,B07QDS5KPG,"Hiware 12-Pack Black Stainless Steel Straws Reusable with Case - Metal Drinking Straws for 30oz and 20oz Tumblers Yeti Dishwasher Safe, 2 Cleaning Brushes Included",None,HIWARE,Substitute,us
atainless steel straws,B07QDS5KPG,"Hiware 12-Pack Black Stainless Steel Straws Reusable with Case - Metal Drinking Straws for 30oz and 20oz Tumblers Yeti Dishwasher Safe, 2 Cleaning Brushes Included",None,HIWARE,Exact,us
12 inch metal straw,B07BDLLHP2,"Stainless Steel Straws Iridescence Colors, Fits 30 oz Tumbler, Extra Long Reusable Ecofriendly (30oz, Straight)","Good for most liquid drinks and even smoothies, use it for lemon juice, avocado smoothie, milk, iced tea/ coffee and even more.<br>These 304 stainless steel straws free you from the health concern that you've been wondering when you use plastic ones. Plastic ones usually contain harmful chemicals like BPA, phthalates, etc. Food-safe stainless steel is a much better choice.<br><br><br><b>Product details :<b><br>Product Size: About 11 inches in length<br>Material: Stainless Steel<br>Colour:iridesc",dhrbsx,Substitute,us
atainless steel straws,B07BDLLHP2,"Stainless Steel Straws Iridescence Colors, Fits 30 oz Tumbler, Extra Long Reusable Ecofriendly (30oz, Straight)","Good for most liquid drinks and even smoothies, use it for lemon juice, avocado smoothie, milk, iced tea/ coffee and even more.<br>These 304 stainless steel straws free you from the health concern that you've been wondering when you use plastic ones. Plastic ones usually contain harmful chemicals like BPA, phthalates, etc. Food-safe stainless steel is a much better choice.<br><br><br><b>Product details :<b><br>Product Size: About 11 inches in length<br>Material: Stainless Steel<br>Colour:iridesc",dhrbsx,Exact,us
12 inch metal straw,B07S69G862,"Big Drinking Straws Reusable 12"" Extra Long 8mm Extra Wide Food-Grade 18/8 Stainless Steel Silicone Elbows Tips for Smoothie Milkshake Cocktail Juice Hot Drinks - Set of 4 + 2 Cleaning Brushes","<b>NOTE: When using with a cup lid, please measure your lid hole to make sure it fits 5/16 inches (8mm) wide straw.</b><br><br> <b>Product Properties: </b><br> Product Name: 2-in-1 Reusable Straws Set<br> Material: Food-Grade 18/8 Stainless Steel & Silicone <br><br> Product Size: <br> Stainless Steel Straw: 9.5"" Long, 5/16"" Diameter <br> Silicone Elbow Tip: 3.5"" Long <br> Combination Length: 12"" <br><br> Product Color: <br> Silver Straw & 4 Colors Silicone Elbow <br><br> Package Included: <br> 4",GFDesign,Exact,us
